track_id,artists,album_name,track_name,popularity,duration_ms,explicit,danceability,energy,key,loudness,mode,speechiness,acousticness,instrumentalness,liveness,valence,tempo,time_signature,track_genre
3nqQXoyQOWXiESFLlDF1hG,Sam Smith;Kim Petras,Unholy (feat. Kim Petras),Unholy (feat. Kim Petras),100,156943,False,0.714,0.472,2,-7.375,1,0.0864,0.013,4.51e-06,0.266,0.238,131.121,4,pop
2tTmW7RDtMQtBk7m2rYeSw,Bizarrap;Quevedo,"Quevedo: Bzrp Music Sessions, Vol. 52","Quevedo: Bzrp Music Sessions, Vol. 52",99,198937,False,0.621,0.782,2,-5.548,1,0.044,0.0125,0.033,0.23,0.55,128.033,4,hip-hop
4uUG5RXrOk84mYEfFvj3cK,David Guetta;Bebe Rexha,I'm Good (Blue),I'm Good (Blue),98,175238,True,0.561,0.965,7,-3.673,0,0.0343,0.00383,7.07e-06,0.371,0.304,128.04,4,edm
5ww2BF9slyYgNOk37BlC4u,Manuel Turizo,La Bachata,La Bachata,98,162637,False,0.835,0.679,7,-5.329,0,0.0364,0.583,1.98e-06,0.218,0.85,124.98,4,reggae
6Sq7ltF9Qa7SNFBsV5Cogx,Bad Bunny;Chencho Corleone,Un Verano Sin Ti,Me Porto Bonito,97,178567,True,0.911,0.712,1,-5.105,0,0.0817,0.0901,2.68e-05,0.0933,0.425,92.005,4,reggae
1IHWl5LamUGEuP4ozKQSXZ,Bad Bunny,Un Verano Sin Ti,Tití Me Preguntó,97,243716,False,0.65,0.715,5,-5.198,0,0.253,0.0993,0.000291,0.126,0.187,106.672,4,reggae
5IgjP7X4th6nMNDh4akUHb,Chris Brown,Indigo (Extended),Under The Influence,96,184613,True,0.733,0.69,9,-5.529,0,0.0427,0.0635,1.18e-06,0.105,0.31,116.992,4,pop
4h9wh7iOZ0GGn8QVp4RAOB,OneRepublic,"I Ain’t Worried (Music From The Motion Picture ""Top Gun: Maverick"")",I Ain't Worried,96,148485,False,0.704,0.797,0,-5.927,1,0.0475,0.0826,0.000745,0.0546,0.825,139.994,4,pop
4LRPiXqCikLlN15c3yImP7,Harry Styles,As It Was,As It Was,95,167303,False,0.52,0.731,6,-5.338,0,0.0557,0.342,0.00101,0.311,0.662,173.93,4,pop
5Eax0qFko2dh7Rl2lYs3bx,Bad Bunny,Un Verano Sin Ti,Efecto,95,213061,False,0.801,0.475,7,-8.797,0,0.0516,0.141,1.73e-05,0.0639,0.234,98.047,4,reggae
3k3NWokhRRkEPhCzPmV8TW,Bad Bunny;Bomba Estéreo,Un Verano Sin Ti,Ojitos Lindos,94,258298,False,0.647,0.686,3,-5.745,0,0.0413,0.08,1.34e-06,0.528,0.268,79.928,4,reggae
6xGruZOHLs39ZbVccQTuPZ,Joji,Glimpse of Us,Glimpse of Us,94,233456,False,0.44,0.317,8,-9.258,1,0.0531,0.891,4.78e-06,0.141,0.268,169.914,3,pop
6Xom58OOXk2SoU711L2IXO,Bad Bunny,Un Verano Sin Ti,Moscow Mule,94,245939,True,0.804,0.674,5,-5.453,0,0.0333,0.294,1.18e-06,0.115,0.292,99.968,4,reggae
31i56LZnwE6uSu3exoHjtB,Bad Bunny,Un Verano Sin Ti,Neverita,93,173119,False,0.876,0.498,10,-7.511,1,0.0478,0.0706,0.0,0.143,0.428,122.016,4,reggae
3JvKfv6T31zO0ini8iNItO,Tom Odell,Long Way Down (Deluxe),Another Love,93,244360,True,0.445,0.537,4,-8.532,0,0.04,0.695,1.65e-05,0.0944,0.131,122.769,4,pop
7dSZ6zGTQx66c2GF91xCrb,KAROL G,PROVENZA,PROVENZA,93,210200,False,0.87,0.516,1,-8.006,1,0.0541,0.656,0.00823,0.11,0.53,111.005,4,reggae
2QjOHCTQ1Jl3zawyYOpxh6,The Neighbourhood,I Love You.,Sweater Weather,93,240400,False,0.612,0.807,10,-2.81,1,0.0336,0.0495,0.0177,0.101,0.398,124.053,4,pop
0mBP9X2gPCuapvpZ7TGDk3,Charlie Puth;Jung Kook;BTS,Left and Right (Feat. Jung Kook of BTS),Left and Right (Feat. Jung Kook of BTS),92,154486,False,0.881,0.592,2,-4.898,1,0.0324,0.619,1.32e-05,0.0901,0.719,101.058,4,pop
4C6Uex2ILwJi9sZXRdmqXp,Nicki Minaj,Super Freaky Girl,Super Freaky Girl,92,170977,True,0.95,0.891,2,-2.653,1,0.241,0.0645,1.77e-05,0.309,0.912,133.01,4,hip-hop
4Dvkj6JhhA12EX05fT7y2e,Harry Styles,Harry's House,As It Was,92,167303,False,0.52,0.731,6,-5.338,0,0.0557,0.342,0.00101,0.311,0.662,173.93,4,pop
0WtM2NBVQNNJLh6scP13H8,Rema;Selena Gomez,Calm Down (with Selena Gomez),Calm Down (with Selena Gomez),92,239317,False,0.801,0.806,11,-5.206,1,0.0381,0.382,0.000669,0.114,0.802,106.999,4,pop
5XeFesFbtLpXzIVDNQP22n,Arctic Monkeys,AM,I Wanna Be Yours,92,183956,False,0.464,0.417,0,-9.345,0,0.0256,0.136,0.022,0.0974,0.479,67.528,4,indie
41oY4WCTj5kccfesTVFnvN,Bad Bunny;Jhayco,Un Verano Sin Ti,Tarot,91,237894,True,0.795,0.684,11,-3.971,0,0.0419,0.0225,0.0,0.658,0.419,114.011,4,reggae
0VjIjW4GlUZAMYd2vXMi3b,The Weeknd,After Hours,Blinding Lights,91,200040,False,0.514,0.73,1,-5.934,1,0.0598,0.00146,9.54e-05,0.0897,0.334,171.005,4,pop
3F5CgOj3wFlRv51JsHbxhe,Drake;21 Savage,"Honestly, Nevermind",Jimmy Cooks (feat. 21 Savage),91,218364,True,0.529,0.673,0,-4.711,1,0.175,0.000307,2.41e-06,0.093,0.366,165.921,4,hip-hop
7DbdUf8aHSYoliSjO6LZv6,Beach Weather,Chit Chat,"Sex, Drugs, Etc.",90,196784,False,0.572,0.839,4,-5.083,0,0.0377,0.013,0.00976,0.522,0.465,143.969,4,rock
1ga4PztXOIw1yBbdUt2X8v,KAROL G;Maldy,GATÚBELA,GATÚBELA,90,209160,False,0.627,0.858,11,-2.824,0,0.386,0.263,0.0,0.21,0.342,92.523,4,reggae
1797zYiX4cKosMH836X9Gt,Bad Bunny;Tony Dize,Un Verano Sin Ti,La Corriente,90,198367,True,0.663,0.786,11,-3.51,0,0.195,0.229,0.0,0.219,0.579,196.12,4,reggae
75FEaRjZTKLhTrFGsfMUXR,Kate Bush,Hounds Of Love,Running Up That Hill (A Deal With God),90,298933,False,0.629,0.547,10,-13.123,0,0.055,0.72,0.00314,0.0604,0.197,108.375,4,pop
4tYFy8ALRjIZvnvSLw5lxN,Bad Bunny;Rauw Alejandro,Un Verano Sin Ti,Party,90,227628,False,0.829,0.799,9,-5.389,1,0.0897,0.0151,0.000543,0.242,0.471,97.013,4,reggae
38T0tPVZHcPZyhtOcCP7pF,Lil Nas X,STAR WALKIN' (League of Legends Worlds Anthem),STAR WALKIN' (League of Legends Worlds Anthem),90,210575,True,0.637,0.715,2,-4.971,0,0.0455,0.148,0.0,0.0892,0.308,141.872,4,hip-hop
7MXVkk9YMctZqd1Srtv4MB,The Weeknd;Daft Punk,Starboy,Starboy,90,230453,True,0.679,0.587,7,-7.015,1,0.276,0.141,6.35e-06,0.137,0.486,186.003,4,pop
0T5iIrXA4p5GsubkhuBIKV,Stephen Sanchez,Until I Found You,Until I Found You,90,177720,False,0.539,0.508,10,-6.05,1,0.0288,0.727,0.0,0.174,0.227,101.358,3,pop
2eAvDnpXP5W0cVtiI0PUxV,Ruth B.,Safe Haven,Dandelions,90,233720,False,0.609,0.692,1,-2.958,1,0.0259,0.0157,0.0,0.0864,0.454,116.959,3,pop
1cKHdTo9u0ZymJdPGSh6nq,The Weeknd;Gesaffelstein,"My Dear Melancholy,",I Was Never There,90,241066,False,0.323,0.737,10,-4.008,1,0.0338,0.142,0.000162,0.163,0.155,113.26,4,pop
58HvfVOeJY7lUuCqF0m3ly,Elley Duhé,MIDDLE OF THE NIGHT,MIDDLE OF THE NIGHT,90,184447,False,0.41,0.611,4,-8.271,0,0.0467,0.0228,0.0,0.116,0.0899,185.727,3,pop
6i1g5ZRmJZAkDwBaUZ3f2i,Luar La L,L3tra,Caile,90,141340,True,0.704,0.756,0,-4.948,1,0.448,0.298,3.75e-06,0.0852,0.461,121.737,3,reggae
0u2P5u6lvoDfwTYjAADbn4,Billie Eilish;Khalid,lovely (with Khalid),lovely (with Khalid),89,200185,False,0.351,0.296,4,-10.109,0,0.0333,0.934,0.0,0.095,0.12,115.284,4,pop
59nOXPmaKlBfGMDeOVGrIK,Future;Drake;Tems,I NEVER LIKED YOU,WAIT FOR U (feat. Drake & Tems),89,189893,True,0.463,0.642,1,-4.474,1,0.34,0.314,0.0,0.0686,0.339,83.389,4,hip-hop
72yP0DUlWPyH8P7IoxskwN,Elton John;Britney Spears,Hold Me Closer,Hold Me Closer,89,202245,False,0.667,0.75,0,-4.602,1,0.0906,0.0746,0.000198,0.197,0.486,126.041,4,rock
3WMj8moIAXJhHsyLaqIIHI,Zach Bryan,Something in the Orange,Something in the Orange,89,228013,False,0.369,0.192,4,-12.151,0,0.04,0.555,8.35e-06,0.0954,0.148,175.212,3,country
5HCyWlXZPP0y6Gqq8TgA20,The Kid LAROI;Justin Bieber,STAY (with Justin Bieber),STAY (with Justin Bieber),89,141805,True,0.591,0.764,1,-5.484,1,0.0483,0.0383,0.0,0.103,0.478,169.928,4,hip-hop
7ef4DlsgrMEH11cDZd32M6,Calvin Harris;Dua Lipa,One Kiss (with Dua Lipa),One Kiss (with Dua Lipa),89,214846,False,0.791,0.862,9,-3.24,0,0.11,0.037,2.19e-05,0.0814,0.592,123.994,4,pop
1PckUlxKqWQs3RlWXVBLw3,Lizzo,About Damn Time,About Damn Time,89,191822,True,0.836,0.743,10,-6.305,0,0.0656,0.0995,0.0,0.335,0.722,108.966,4,hip-hop
6UelLqGlWMcVH1E5c4H7lY,Harry Styles,Fine Line,Watermelon Sugar,89,174000,False,0.548,0.816,0,-4.209,1,0.0465,0.122,0.0,0.335,0.557,95.39,4,pop
09mEdoA6zrmBPgTEN5qXmN,The Weeknd,"My Dear Melancholy,",Call Out My Name,89,228373,False,0.461,0.593,1,-4.954,1,0.0356,0.17,0.0,0.307,0.175,134.17,3,pop
5QO79kh1waicV47BqGRL3g,The Weeknd,After Hours,Save Your Tears,89,215626,True,0.68,0.826,0,-5.487,1,0.0309,0.0212,1.24e-05,0.543,0.644,118.051,4,pop
0HqZX76SFLDz2aW8aiqi7G,Imagine Dragons,Bones,Bones,89,165264,False,0.773,0.742,5,-3.678,0,0.046,0.0206,0.0,0.0754,0.571,114.071,4,rock
27ZZdyTSQWI7Cug2d2PkqV,Armani White,BILLIE EILISH.,BILLIE EILISH.,89,99282,True,0.9,0.509,1,-6.647,1,0.257,0.115,1.67e-06,0.0937,0.765,100.007,4,hip-hop
1DIXPcTDzTj8ZMHt3PDt8p,Coolio;L.V.,Gangsta's Paradise,Gangsta's Paradise,89,240693,False,0.647,0.514,8,-10.05,1,0.0593,0.0655,0.0,0.398,0.386,79.975,4,hip-hop
4SqWKzw0CbA05TGszDgMlc,The Walters,I Love You So,I Love You So,89,160239,False,0.575,0.648,10,-4.891,1,0.0358,0.583,0.0,0.115,0.466,75.977,4,indie
68Dni7IE4VyPkTOH9mRWHr,J. Cole,2014 Forest Hills Drive,No Role Modelz,88,292799,True,0.69,0.521,10,-8.492,0,0.339,0.324,0.0,0.0534,0.494,100.028,4,hip-hop
7fBv7CLKzipRk6EC6TWHOB,The Weeknd,Beauty Behind The Madness,The Hills,88,242253,True,0.585,0.564,0,-7.063,0,0.0515,0.0671,0.0,0.135,0.137,113.003,4,pop
086myS9r57YsLbJpU0TgK9,Arctic Monkeys,AM,Why'd You Only Call Me When You're High?,88,161123,False,0.691,0.631,2,-6.478,1,0.0368,0.0483,1.13e-05,0.104,0.8,92.004,4,indie
6Uj1ctrBOjOas8xZXGqKk4,Doja Cat,Planet Her,Woman,88,172626,True,0.824,0.764,5,-4.175,0,0.0854,0.0888,0.00294,0.117,0.881,107.998,4,pop
6DoL1yYIwEW7VZMRaJhoJI,Chris Jedi;Anuel AA;Chencho Corleone;Ñengo Flow,La Llevo Al Cielo (Ft. Ñengo Flow),La Llevo Al Cielo (Ft. Ñengo Flow),88,254920,True,0.795,0.845,9,-3.809,0,0.135,0.105,1.14e-05,0.172,0.769,170.023,4,reggae
3uUuGVFu1V7jTQL60S1r8z,Lost Frequencies;Calum Scott,Where Are You Now,Where Are You Now,88,148197,False,0.671,0.636,6,-8.117,0,0.103,0.515,0.000411,0.172,0.262,120.966,4,edm
4ZtFanR9U6ndgddUvNcjcG,Olivia Rodrigo,SOUR,good 4 u,88,178146,True,0.563,0.664,9,-5.044,1,0.154,0.335,0.0,0.0849,0.688,166.928,4,pop
4RVwu0g32PAqgUiJoXsdF8,Billie Eilish,Happier Than Ever,Happier Than Ever,88,298899,True,0.332,0.225,0,-8.697,1,0.0348,0.767,0.00349,0.128,0.297,81.055,3,pop
5CZ40GBx1sQ9agT82CLQCT,Olivia Rodrigo,SOUR,traitor,88,229226,False,0.38,0.339,3,-7.885,1,0.0338,0.691,0.0,0.12,0.0849,100.607,4,pop
5wANPM4fQCJwkGd4rN57mH,Olivia Rodrigo,SOUR,drivers license,88,242013,True,0.561,0.431,10,-8.81,1,0.0578,0.768,1.42e-05,0.106,0.137,143.875,4,pop
0pqnGHJpmpxLKifKRmU6WP,Imagine Dragons,Evolve,Believer,88,204346,False,0.776,0.78,10,-4.374,0,0.128,0.0622,0.0,0.081,0.666,124.949,4,rock
2Ch7LmS7r2Gy2kc64wv3Bz,The Weeknd,Starboy,Die For You,88,260253,False,0.582,0.525,1,-7.163,0,0.0627,0.111,0.0,0.134,0.51,133.249,4,pop
0fea68AdmYNygeTGI4RC18,J Balvin;Bad Bunny,OASIS,LA CANCIÓN,88,242573,False,0.754,0.646,7,-5.795,1,0.317,0.152,1.85e-05,0.108,0.429,176.089,4,reggae
0BxE4FqsDD1Ot4YuBXwAPp,Arctic Monkeys,Favourite Worst Nightmare,505,88,253586,False,0.526,0.866,0,-5.822,1,0.0568,0.00287,7.78e-05,0.0945,0.248,140.266,4,indie
2gYj9lubBorOPIVWsTXugG,IVE,After LIKE,After LIKE,88,176973,False,0.68,0.922,0,-1.215,1,0.121,0.103,0.0,0.0877,0.799,125.014,4,k-pop
7lQ8MOhq6IN2w8EYcFNSUk,Eminem,The Eminem Show,Without Me,88,290320,True,0.908,0.669,7,-2.827,1,0.0738,0.00286,0.0,0.237,0.662,112.238,4,hip-hop
1R0a2iXumgCiFb7HEZ7gUE,Taylor Swift,reputation,Don’t Blame Me,88,236413,False,0.615,0.534,9,-6.719,0,0.0386,0.106,1.76e-05,0.0607,0.193,135.917,4,pop
6I3mqTwhRpn34SLVafSH7G,Justin Bieber,Justice,Ghost,88,153190,False,0.601,0.741,2,-5.569,1,0.0478,0.185,2.91e-05,0.415,0.441,153.96,4,pop
3rmo8F54jFF8OgYsqTxm5d,Ed Sheeran,=,Bad Habits,88,230746,False,0.807,0.893,11,-3.745,0,0.0347,0.0451,2.79e-05,0.366,0.537,126.011,4,pop
2HZLXBOnaSRhXStMLrq9fD,Ghost,Seven Inches Of Satanic Panic,Mary On A Cross,88,244804,False,0.466,0.9,11,-4.469,1,0.0447,0.000235,0.00104,0.103,0.561,130.02,4,metal
5O2P9iiztwhomNh8xkR9lJ,One Direction,FOUR (Deluxe),Night Changes,88,226600,False,0.672,0.52,8,-7.747,1,0.0353,0.859,0.0,0.115,0.37,120.001,4,pop
5FVd6KXrgO9B3JPmC8OPst,Arctic Monkeys,AM,Do I Wanna Know?,88,272394,False,0.548,0.532,5,-7.596,1,0.0323,0.186,0.000263,0.217,0.405,85.03,4,indie
02MWAaffLxlfxAUY7c5dvx,Glass Animals,Dreamland (+ Bonus Levels),Heat Waves,88,238805,False,0.761,0.525,11,-6.9,1,0.0944,0.44,6.7e-06,0.0921,0.531,80.87,4,indie
5E30LdtzQTGqRvNd7l6kG5,The Neighbourhood,Wiped Out!,Daddy Issues,87,260173,False,0.588,0.521,10,-9.461,1,0.0329,0.0678,0.149,0.123,0.337,85.012,4,rock
0e8nrvls4Qqv5Rfa2UhqmO,Lil Nas X,MONTERO,THATS WHAT I WANT,87,143901,True,0.737,0.846,1,-4.51,0,0.22,0.00614,0.0,0.0486,0.546,87.981,4,hip-hop
3kUq4sBcmxhnOtNysZ9yrp,Feid,Feliz Cumpleaños Ferxxo,Feliz Cumpleaños Ferxxo,87,156400,False,0.87,0.55,5,-5.537,1,0.0722,0.102,0.0,0.293,0.566,95.019,4,reggae
6HU7h9RYOaPRFeh0R3UeAr,Olivia Rodrigo,SOUR,deja vu,87,215506,True,0.442,0.612,2,-7.222,1,0.112,0.584,5.7e-06,0.37,0.178,180.917,4,pop
0xzI1KAr0Yd9tv8jlIk3sn,benny blanco;BTS;Snoop Dogg,Bad Decisions (with BTS & Snoop Dogg),Bad Decisions (with BTS & Snoop Dogg),87,172714,False,0.762,0.861,0,-3.296,1,0.0955,0.0185,0.0,0.264,0.955,120.048,4,pop
6tCd8bPvYnceDG7W9M1RMk,BLACKPINK,BORN PINK,Shut Down,87,175889,False,0.813,0.657,0,-6.447,1,0.0372,0.00269,0.0,0.183,0.651,110.053,3,k-pop
5CzixCxDkRXX9mScCmah8O,Bad Bunny,Un Verano Sin Ti,Un Ratito,87,176936,False,0.787,0.546,0,-7.094,0,0.0532,0.305,4.55e-05,0.122,0.222,93.05,4,reggae
4xqrdfXkTW4T0RauPLv3WA,Conan Gray,Kid Krow,Heather,87,198040,False,0.357,0.425,5,-7.301,1,0.0333,0.584,0.0,0.322,0.27,102.078,3,pop
3yfqSUWxFvZELEM4PmlwIR,Eminem,The Marshall Mathers LP,The Real Slim Shady,87,284200,True,0.949,0.661,5,-4.244,0,0.0572,0.0302,0.0,0.0454,0.76,104.504,4,hip-hop
0tgVpDi06FyKpA1z0VMD4v,Ed Sheeran,÷ (Deluxe),Perfect,87,263400,False,0.599,0.448,8,-6.312,1,0.0232,0.163,0.0,0.106,0.168,95.05,3,pop
7qEHsqek33rTcFNT9PFqLf,Lewis Capaldi,Divinely Uninspired To A Hellish Extent,Someone You Loved,87,182160,False,0.501,0.405,1,-5.679,1,0.0319,0.751,0.0,0.105,0.446,109.891,4,pop
10xV5l9nhLvFpR8mqzs0bL,Marshmello;Khalid,Numb,Numb,87,155588,False,0.912,0.774,0,-4.673,0,0.0455,0.121,0.0127,0.101,0.632,119.966,4,edm
2JPLbjOn0wPCngEot2STUS,Bad Bunny,Yonaguni,Yonaguni,87,206710,True,0.644,0.648,1,-4.601,1,0.118,0.276,0.0,0.135,0.44,179.951,4,reggae
7fZBQnc0zXwVybgCIrQQil,Imanbek;BYOR,Belly Dancer,Belly Dancer,87,151475,False,0.845,0.797,1,-4.984,1,0.139,0.0582,5.57e-06,0.167,0.422,121.985,4,edm
4gzsuuZypVbxs0Af1LSZyB,Tainy;Bad Bunny;Julieta Venegas,Lo Siento BB:/ (with Bad Bunny & Julieta Venegas),Lo Siento BB:/ (with Bad Bunny & Julieta Venegas),87,207301,False,0.639,0.703,4,-6.33,0,0.0794,0.0889,1.78e-06,0.0865,0.138,169.888,4,reggae
4cacyP5c3PMlfnyjpg13xW,Yung Gravy,Betty (Get Money),Betty (Get Money),87,146470,False,0.723,0.772,1,-6.784,1,0.0792,0.00524,1.15e-05,0.367,0.58,102.004,4,hip-hop
1JSTJqkT5qHq8MDJnJbRE1,The Police,Synchronicity (Remastered 2003),Every Breath You Take,86,253920,False,0.82,0.452,1,-9.796,1,0.0348,0.543,0.00294,0.0714,0.74,117.401,4,rock
7EkWXAI1wn8Ii883ecd9xr,Surf Curse,Freaks,Freaks,86,147062,False,0.345,0.941,9,-9.918,1,0.0466,3.84e-05,0.633,0.0511,0.407,179.626,4,indie
2K7xn816oNHJZ0aVqdQsha,The Neighbourhood,Hard To Imagine The Neighbourhood Ever Changing,Softcore,86,206280,False,0.575,0.568,9,-5.509,0,0.03,0.0484,0.000417,0.286,0.37,93.986,4,rock
5fwSHlTEWpluwOM0Sxnh5k,Farruko,Pepas,Pepas,86,287120,True,0.762,0.766,7,-3.955,1,0.0343,0.00776,6.98e-05,0.128,0.442,130.001,4,reggae
3Wrjm47oTz2sjIgck11l5e,Måneskin,Chosen,Beggin',86,211560,False,0.714,0.8,11,-4.808,0,0.0504,0.127,0.0,0.359,0.589,134.002,4,indie
3PpWCS95gDUDRPko3u1MZ9,Feid,FELIZ CUMPLEAÑOS FERXXO TE PIRATEAMOS EL ÁLBUM,Prohibidox,86,166253,False,0.647,0.801,1,-2.946,0,0.249,0.0451,0.0,0.0628,0.517,180.108,4,reggae
003vvx7Niy0yvhvHt4a68B,The Killers,Hot Fuss,Mr. Brightside,86,222973,False,0.352,0.911,1,-5.23,1,0.0747,0.00121,0.0,0.0995,0.236,148.033,4,rock
2tGvwE8GcFKwNdAXMnlbfl,Olivia Rodrigo,SOUR,happier,86,175933,True,0.395,0.443,6,-9.72,1,0.133,0.765,9.67e-06,0.0839,0.338,168.924,3,pop
27NovPIUIRrOZoCHxABJwK,Lil Nas X;Jack Harlow,INDUSTRY BABY (feat. Jack Harlow),INDUSTRY BABY (feat. Jack Harlow),86,212000,True,0.736,0.704,3,-7.409,0,0.0615,0.0203,0.0,0.0501,0.894,149.995,4,hip-hop
1r9xUipOqoNwggBpENDsvJ,Imagine Dragons;JID;Arcane;League of Legends,Enemy (with JID) [from the series Arcane League of Legends],Enemy (with JID) - from the series Arcane League of Legends,86,173381,False,0.728,0.783,11,-4.424,0,0.266,0.237,0.0,0.434,0.555,77.011,4,rock
7JJmb5XwzOO8jgpou264Ml,Shawn Mendes,Illuminate (Deluxe),There's Nothing Holdin' Me Back,86,199440,False,0.866,0.813,11,-4.063,0,0.0554,0.38,0.0,0.0779,0.969,121.998,4,pop
4iJyoBOLtHqaGxP12qzhQI,Justin Bieber;Daniel Caesar;Giveon,Justice,Peaches (feat. Daniel Caesar & Giveon),86,198081,True,0.677,0.696,0,-6.181,1,0.119,0.321,0.0,0.42,0.464,90.03,4,pop
5uU1uuyaUIBOiiUSQG7Wl3,Morgan Wallen,You Proof,You Proof,86,157477,False,0.731,0.85,9,-4.913,1,0.0336,0.252,0.0,0.605,0.644,119.706,4,country
4woTEX1wYOTGDqNXuavlRC,Eminem;Dina Rae,The Eminem Show,Superman,86,350320,True,0.802,0.755,4,-3.138,0,0.0564,0.0215,0.0,0.295,0.58,130.027,4,hip-hop
1rDQ4oMwGJI7B4tovsBOxc,Jack Harlow,First Class,First Class,86,173947,True,0.905,0.563,8,-6.135,1,0.102,0.0254,9.71e-06,0.113,0.324,106.998,4,hip-hop
0RDqNCRBGrSegk16Avfzuq,TWICE,BETWEEN 1&2,Talk that Talk,86,177466,False,0.772,0.907,3,-2.438,0,0.124,0.136,0.0,0.334,0.783,119.973,4,k-pop
5PjdY0CKGZdEuoNab3yDmX,The Kid LAROI;Justin Bieber,F*CK LOVE 3: OVER YOU,STAY (with Justin Bieber),86,141805,True,0.591,0.764,1,-5.484,1,0.0483,0.0383,0.0,0.103,0.478,169.928,4,hip-hop
1ei3hzQmrgealgRKFxIcWn,Benson Boone,In The Stars,In The Stars,86,216410,False,0.362,0.54,10,-6.031,1,0.0528,0.338,0.0,0.139,0.3,78.007,3,pop
4xkOaSrkexMciUUogZKVTS,Eminem;Nate Dogg,The Eminem Show,Till I Collapse,86,297786,True,0.548,0.847,1,-3.237,1,0.186,0.0622,0.0,0.0816,0.1,171.447,4,hip-hop
0ct6r3EGTcMLPtrXHDvVjc,Avicii,The Days / Nights,The Nights,86,176658,False,0.527,0.835,6,-5.298,1,0.0433,0.0166,0.0,0.249,0.654,125.983,4,edm
18asYwWugKjjsihZ0YvRxO,Tiësto;Ava Max,The Motto,The Motto,86,164818,False,0.754,0.763,7,-4.627,0,0.0435,0.0301,2.23e-05,0.0901,0.464,117.953,4,edm
2ZRo7axmMPeSVUvDbGkJah,XXXTENTACION,?,Hope,86,110886,True,0.592,0.457,9,-6.081,0,0.0603,0.661,0.000331,0.146,0.225,146.04,4,hip-hop
4fouWK6XVHhzl78KzQ1UjL,GAYLE,abcdefu,abcdefu,86,168601,True,0.695,0.54,4,-5.692,1,0.0493,0.299,0.0,0.367,0.415,121.932,4,pop
7qiZfU4dY1lWllzX7mPBI3,Ed Sheeran,÷ (Deluxe),Shape of You,86,233712,False,0.825,0.652,1,-3.183,0,0.0802,0.581,0.0,0.0931,0.931,95.977,4,pop
3hUxzQpSfdDqwM3ZTFQY0K,Taylor Swift,folklore,august,86,261922,False,0.532,0.623,5,-9.208,1,0.0331,0.538,7.28e-05,0.0925,0.403,89.937,4,pop
3CRDbSIZ4r5MsZ0YwxuEkn,Twenty One Pilots,Blurryface,Stressed Out,85,202333,False,0.734,0.637,4,-5.677,0,0.141,0.0462,2.29e-05,0.0602,0.648,169.977,4,rock
08mG3Y1vljYA6bvDt4Wqkj,AC/DC,Back In Black,Back In Black,85,255493,False,0.31,0.7,9,-5.678,1,0.047,0.011,0.00965,0.0828,0.763,188.386,4,rock
2DgdHcjWmO3qd50RzuBLgZ,Panic! At The Disco,Death of a Bachelor,House of Memories,85,208706,False,0.506,0.817,11,-5.051,0,0.0335,0.00272,0.0,0.0486,0.506,109.952,4,rock
1SKPmfSYaPsETbRHaiA18G,Keane,Hopes And Fears,Somewhere Only We Know,85,237146,False,0.448,0.665,9,-4.203,1,0.026,0.06,2.55e-05,0.0828,0.304,172.004,4,rock
35mvY5S1H3J2QZyna3TFe0,Ariana Grande,Positions,positions,85,172324,True,0.737,0.802,0,-4.771,1,0.0878,0.468,0.0,0.0931,0.682,144.015,4,pop
4cktbXiXOapiLBMprHFErI,Maroon 5,JORDI (Deluxe),Memories,85,189486,False,0.775,0.327,11,-7.241,1,0.0557,0.841,0.0,0.0821,0.595,91.05,4,pop
5nujrmhLynf4yMoMtj8AQF,Dua Lipa;DaBaby,Future Nostalgia,Levitating (feat. DaBaby),85,203064,False,0.702,0.825,6,-3.787,0,0.0601,0.00883,0.0,0.0674,0.915,102.977,4,pop
3RiPr603aXAoi4GHyXx0uy,Coldplay,A Head Full of Dreams,Hymn for the Weekend,85,258266,False,0.491,0.693,0,-6.487,0,0.0377,0.211,6.92e-06,0.325,0.412,90.027,4,pop
1zB4vmk8tFRmM9UULNzbLB,Imagine Dragons,Evolve,Thunder,85,187146,False,0.605,0.822,0,-4.833,1,0.0438,0.00671,0.134,0.147,0.288,167.997,4,rock
7EyhPjrJzjx0fk2i7vUJCS,BLACKPINK,Pink Venom,Pink Venom,85,186964,False,0.794,0.719,0,-7.227,1,0.0761,0.0119,0.0,0.276,0.69,90.016,4,k-pop
5QDLhrAOJJdNAmCTJ8xMyW,BTS,BE,Dynamite,85,199053,False,0.746,0.765,6,-4.41,0,0.0993,0.0112,0.0,0.0936,0.737,114.044,4,k-pop
2qxmye6gAegTMjLKEBoR3d,Alec Benjamin,Narrated For You,Let Me Down Slowly,85,169353,False,0.652,0.557,1,-5.714,0,0.0318,0.74,0.0,0.124,0.483,150.073,4,pop
3UmaczJpikHgJFyBTAJVoz,Eminem;Dido,The Marshall Mathers LP,Stan,85,404106,True,0.78,0.768,6,-4.325,0,0.238,0.0371,2.34e-06,0.518,0.507,80.063,4,hip-hop
1zi7xx7UVEFkmKfv06H8x0,Drake;Wizkid;Kyla,Views,One Dance,85,173986,False,0.792,0.625,1,-5.609,1,0.0536,0.00776,0.0018,0.329,0.37,103.967,4,hip-hop
1WCEAGGRD066z2Q89ObXTq,David Guetta;Becky Hill;Ella Henderson,Crazy What Love Can Do,Crazy What Love Can Do,85,169756,False,0.601,0.713,4,-3.758,0,0.0449,0.0282,0.0,0.158,0.464,122.872,4,edm
3rb0tMq42WfggucPm0HHkA,MEDUZA;James Carter;Elley Duhé;FAST BOY,Bad Memories (feat. Elley Duhé & FAST BOY),Bad Memories (feat. Elley Duhé & FAST BOY),85,148629,False,0.607,0.767,5,-6.069,0,0.0474,0.118,0.0,0.122,0.662,123.998,3,edm
6CDzDgIUqeDY5g8ujExx2f,Glass Animals,Heat Waves,Heat Waves,85,238805,False,0.761,0.525,11,-6.9,1,0.0944,0.44,6.7e-06,0.0921,0.531,80.87,4,indie
1SOClUWhOi8vHZYMz3GluK,Jaymes Young,Feel Something,Infinity,85,237720,False,0.671,0.673,11,-6.941,0,0.0444,0.148,5.29e-05,0.304,0.494,121.963,4,pop
60a0Rd6pjrkxjPbaKzXjfq,Linkin Park,Hybrid Theory (Bonus Edition),In the End,85,216880,False,0.556,0.864,3,-5.87,0,0.0584,0.00958,0.0,0.209,0.4,105.143,4,metal
37ZJ0p5Jm13JPevGcx4SkF,Bon Jovi,Slippery When Wet,Livin' On A Prayer,85,249293,False,0.532,0.887,0,-3.757,1,0.0335,0.0778,0.000214,0.294,0.795,122.511,4,metal
4qu63nuBpdn0qHUHuObEj1,Marshmello;Jonas Brothers,Leave Before You Love Me,Leave Before You Love Me (with Jonas Brothers),85,154983,False,0.721,0.738,7,-4.77,1,0.0403,0.00226,4.41e-06,0.118,0.637,119.976,4,edm
1ri9ZUkBJVFUdgwzCnfcYs,Becky G;KAROL G,MAMIII,MAMIII,85,226088,False,0.843,0.7,4,-3.563,0,0.0803,0.0934,0.0,0.14,0.899,93.991,4,reggae
6RUKPb4LETWmmr3iAEQktW,The Chainsmokers;Coldplay,Memories...Do Not Open,Something Just Like This,85,247160,False,0.617,0.635,11,-6.769,0,0.0317,0.0498,1.44e-05,0.164,0.446,103.019,4,edm
29d0nY7TzCoi22XBqDQkiP,Kate Bush,Hounds of Love (2018 Remaster),Running Up That Hill (A Deal With God) - 2018 Remaster,85,300840,False,0.625,0.533,10,-11.903,0,0.0596,0.659,0.00266,0.0546,0.139,108.296,4,r-n-b
0nrRP2bk19rLc0orkWPQk2,Avicii,True,Wake Me Up,85,247426,False,0.532,0.783,2,-5.697,1,0.0523,0.0038,0.0012,0.161,0.643,124.08,4,edm
10SRMwb9EuVS1K9rYsBfHQ,BTS,Proof,Yet To Come,85,193593,False,0.559,0.885,1,-4.515,1,0.189,0.0432,0.0,0.333,0.683,172.029,4,k-pop
1HNkqx9Ahdgi1Ixy2xkKkL,Ed Sheeran,x (Deluxe Edition),Photograph,85,258986,False,0.614,0.379,4,-10.48,1,0.0476,0.607,0.000464,0.0986,0.201,107.989,4,pop
0o9zmvc5f3EFApU52PPIyW,Fujii Kaze,HELP EVER HURT NEVER,Shinunoga E-Wa,85,185573,False,0.6,0.76,6,-6.124,0,0.0452,0.166,4.09e-05,0.189,0.519,158.078,4,pop
1dGr1c8CrMLDpV6mPbImSI,Taylor Swift,Lover,Lover,85,221306,False,0.359,0.543,7,-7.582,1,0.0919,0.492,1.58e-05,0.118,0.453,68.534,4,pop
5uCax9HTNlzGybIStD3vDh,James Arthur,Back from the Edge,Say You Won't Let Go,85,211466,False,0.358,0.557,10,-7.398,1,0.059,0.695,0.0,0.0902,0.494,85.043,4,pop
0Q5VnK2DYzRyfqQRJuUtvi,IVE,LOVE DIVE,LOVE DIVE,85,177186,False,0.703,0.709,1,-4.169,0,0.0433,0.00379,5.43e-05,0.333,0.538,117.941,4,k-pop
48AJSd42lXpicsGqcgopof,Daddy Yankee;Bad Bunny,LEGENDADDY,X ÚLTIMA VEZ,85,192477,True,0.812,0.855,7,-3.725,1,0.0554,0.0789,0.000167,0.108,0.573,90.04,4,reggae
5fhcuVxuBWfgNXGuyAtLmr,Piso 21;Manuel Turizo,Los Cachos,Los Cachos,85,212304,False,0.774,0.73,0,-3.865,1,0.134,0.108,0.0,0.194,0.421,91.966,4,reggae
3GVkPk8mqxz0itaAriG1L7,XXXTENTACION,17,Everybody Dies In Their Nightmares,85,95466,True,0.734,0.57,7,-7.066,0,0.133,0.847,2.14e-05,0.112,0.689,129.953,4,hip-hop
1bgKMxPQU7JIZEhNsM1vFs,Alesso;Zara Larsson,Words (feat. Zara Larsson),Words (feat. Zara Larsson),85,142677,False,0.739,0.586,10,-5.079,0,0.0472,0.0245,0.000252,0.308,0.444,124.026,4,edm
1Ame8XTX6QHY0l0ahqUhgv,Måneskin,THE LONELIEST,THE LONELIEST,85,247067,False,0.519,0.595,2,-5.001,1,0.0283,0.00151,0.0,0.0762,0.237,129.786,4,indie
1u8c2t2Cy7UBoG4ArRcF5g,Taylor Swift,1989 (Deluxe),Blank Space,85,231826,False,0.76,0.703,5,-5.412,1,0.054,0.103,0.0,0.0913,0.57,95.997,4,pop
2z9YkcLojiOE7Eu2p9lPZR,Feid,Normal,Normal,85,171986,True,0.712,0.557,4,-4.861,0,0.115,0.0397,0.0,0.27,0.594,170.079,4,reggae
70LcF31zb1H0PyJoS1Sx1r,Radiohead,Pablo Honey,Creep,85,238640,True,0.515,0.43,7,-9.935,1,0.0372,0.0097,0.000133,0.129,0.104,91.844,4,indie
2WfaOiMkCvy7F5fcp2zZ8L,a-ha,Hunting High and Low,Take on Me,85,225280,False,0.573,0.902,6,-7.638,0,0.054,0.018,0.00125,0.0928,0.876,84.412,4,rock
57bgtoPSgt236HzfBOd8kj,AC/DC,The Razors Edge,Thunderstruck,84,292880,False,0.502,0.89,4,-5.175,1,0.0364,0.000147,0.0117,0.217,0.259,133.52,4,rock
0yc6Gst2xkRu0eMLeRMGCX,Cigarettes After Sex,Cigarettes After Sex,Apocalypse,84,290616,False,0.37,0.467,5,-9.013,1,0.0273,0.0205,0.572,0.109,0.182,94.485,4,indie
2vWBUC9djv6BtiGlmKiQaH,Yot Club,Bipolar,YKWIM?,84,212750,False,0.372,0.537,9,-7.623,1,0.0305,0.937,0.873,0.287,0.228,123.735,3,indie
2LawezPeJhN4AWuSB0GtAU,Creedence Clearwater Revival,Pendulum (Expanded Edition),Have You Ever Seen The Rain,84,160133,False,0.741,0.697,0,-7.028,1,0.0277,0.0664,2.28e-05,0.133,0.774,116.109,4,country
3FAJ6O0NOHQV8Mc5Ri6ENp,Giveon,TAKE TIME,Heartbreak Anniversary,84,198370,False,0.449,0.465,0,-8.964,1,0.0791,0.524,1.02e-06,0.303,0.543,89.087,3,pop
0k4d5YPDr1r7FX77VdqWez,Doja Cat;The Weeknd,Planet Her,You Right,84,186173,True,0.828,0.621,8,-6.414,1,0.0565,0.0164,0.00233,0.0845,0.436,128.986,4,pop
1XGmzt0PVuFgQYYnV2It7A,Maroon 5;Wiz Khalifa,Overexposed Track By Track,Payphone,84,231173,True,0.743,0.752,4,-4.813,1,0.0414,0.0188,0.0,0.287,0.545,110.015,4,pop
69vlMrzHwATKzupwNcUPyK,Bad Bunny;Daddy Yankee,YHLQMDLG,La Santa,84,206420,True,0.744,0.868,1,-4.524,1,0.047,0.0326,0.0,0.0822,0.586,93.037,4,reggae
0bI7K9Becu2dtXK1Q3cZNB,Tiësto;KAROL G,Don't Be Shy,Don't Be Shy,84,140500,True,0.77,0.787,11,-3.748,0,0.0583,0.198,0.0,0.262,0.513,119.986,4,edm
7o2CTH4ctstm8TNelqjb51,Guns N' Roses,Appetite For Destruction,Sweet Child O' Mine,84,354520,True,0.454,0.91,6,-7.766,1,0.0448,0.0866,0.0996,0.116,0.629,125.116,4,metal
45bE4HXI0AwGZXfZtMp8JR,Tate McRae,you broke me first,you broke me first,84,169265,True,0.667,0.373,4,-9.389,1,0.05,0.785,0.0,0.0906,0.0823,124.148,4,pop
50kpGaPAhYJ3sGmk6vplg0,Justin Bieber,Purpose (Deluxe),Love Yourself,84,233720,False,0.609,0.378,4,-9.828,1,0.438,0.835,0.0,0.28,0.515,100.418,4,pop
31AOj9sFz2gM0O3hMARRBx,R.E.M.,Out Of Time (25th Anniversary Edition),Losing My Religion,84,268426,False,0.666,0.855,9,-5.051,0,0.0295,0.179,1.2e-06,0.0987,0.803,125.639,4,indie
4686eQ81DEswHa90bcdlC9,Bailey Zimmerman,Rock and A Hard Place,Rock and A Hard Place,84,207540,False,0.582,0.568,1,-7.3,1,0.0275,0.577,0.0,0.105,0.394,121.991,3,country
0lYBSQXN6rCTvUZvg9S0lU,DJ Snake;Justin Bieber,Encore,Let Me Love You,84,205946,False,0.649,0.716,8,-5.371,1,0.0349,0.0863,2.63e-05,0.135,0.163,99.988,4,edm
5qaEfEh1AtSdrdrByCP7qR,Imagine Dragons,Night Visions,Demons,84,177506,False,0.505,0.71,3,-3.015,1,0.0321,0.19,0.00025,0.269,0.428,89.938,4,rock
4cluDES4hQEUhmXj6TXkSo,One Direction,Up All Night,What Makes You Beautiful,84,199986,False,0.726,0.787,4,-2.494,1,0.0737,0.009,0.0,0.0596,0.888,124.99,4,pop
7m9OqQk4RVRkw9JJdeAw96,XXXTENTACION,17,Jocelyn Flores,84,119133,True,0.872,0.391,0,-9.144,0,0.242,0.469,4.13e-06,0.297,0.437,134.021,4,hip-hop
7w87IxuO7BDcJ3YUqCyMTT,Foster The People,Torches,Pumped Up Kicks,84,239600,False,0.733,0.71,5,-5.849,0,0.0292,0.145,0.115,0.0956,0.965,127.975,4,indie
7KXjTSCq5nL1LoYtL7XAwS,Kendrick Lamar,DAMN.,HUMBLE.,84,177000,True,0.908,0.621,1,-6.638,0,0.102,0.000282,5.39e-05,0.0958,0.421,150.011,4,hip-hop
3dPQuX8Gs42Y7b454ybpMR,The White Stripes,Elephant,Seven Nation Army,84,232106,False,0.743,0.446,4,-7.807,0,0.0683,0.0039,0.118,0.337,0.278,123.596,4,rock
39LLxExYz6ewLAcYrzQQyP,Dua Lipa,Future Nostalgia,Levitating,84,203807,False,0.695,0.884,6,-2.278,0,0.0753,0.0561,0.0,0.213,0.914,103.014,4,pop
2zYzyRzz6pRmhPzyfMEC8s,AC/DC,Highway to Hell,Highway to Hell,84,208400,False,0.574,0.913,6,-4.793,0,0.133,0.061,0.00158,0.156,0.423,115.728,4,rock
6gBFPUFcJLzWGx4lenP6h2,Travis Scott,Birds In The Trap Sing McKnight,goosebumps,84,243836,True,0.841,0.728,7,-3.37,1,0.0484,0.0847,0.0,0.149,0.43,130.049,4,hip-hop
3QGsuHI8jO1Rx4JWLUh9jd,Shawn Mendes,Illuminate,Treat You Better,84,187973,False,0.444,0.819,10,-4.078,0,0.341,0.106,0.0,0.107,0.747,82.695,4,pop
6ocbgoVGwYJhOv1GgI9NsF,Ariana Grande,"thank u, next",7 rings,84,178626,True,0.778,0.317,1,-10.732,0,0.334,0.592,0.0,0.0881,0.327,140.048,4,pop
6DCZcSspjsKoFjzjrWoCdn,Drake,Scorpion,God's Plan,84,198973,True,0.754,0.449,7,-9.211,1,0.109,0.0332,8.29e-05,0.552,0.357,77.169,4,hip-hop
503OTo2dSqe7qk76rgsbep,Dr. Dre;Snoop Dogg,2001,Still D.R.E.,84,270586,True,0.816,0.775,11,-3.323,1,0.234,0.16,0.00031,0.0543,0.527,93.431,4,hip-hop
3Vi5XqYrmQgOYBajMWSvCi,Doja Cat,Planet Her,Need to Know,84,210560,True,0.664,0.609,1,-6.509,1,0.0707,0.304,0.0,0.0926,0.194,130.041,4,pop
69xohKu8C1fsflYAiSNbwM,BTS,Proof,Run BTS,84,204939,False,0.724,0.818,8,-3.747,1,0.168,0.0201,0.0,0.0358,0.696,77.004,4,k-pop
40riOy7x9W7GXjyGp4pjAv,Eagles,Hotel California (2013 Remaster),Hotel California - 2013 Remaster,84,391376,False,0.579,0.508,2,-9.484,1,0.027,0.00574,0.000494,0.0575,0.609,147.125,4,country
7BKLCZ1jbUBVqRi2FVlTVw,The Chainsmokers;Halsey,Closer,Closer,84,244960,False,0.748,0.524,8,-5.599,1,0.0338,0.414,0.0,0.111,0.661,95.01,4,edm
2CeKVsFFXG4QzA415QygGb,Feid,FELIZ CUMPLEAÑOS FERXXO TE PIRATEAMOS EL ÁLBUM,Feliz Cumpleaños Ferxxo,84,155960,False,0.865,0.573,5,-5.501,1,0.0678,0.0863,0.0,0.305,0.563,94.999,4,reggae
3Z7CaxQkqbIs1rewKi6v4W,Tiësto;Charli XCX,Hot In It,Hot In It,84,129817,False,0.748,0.841,7,-5.08,1,0.177,0.00445,1.33e-06,0.0413,0.717,123.045,4,edm
54ipXppHLA8U4yqpOFTUhr,Imagine Dragons,Mercury - Acts 1 & 2,Bones,84,165264,False,0.772,0.75,5,-3.67,0,0.0455,0.0201,0.0,0.074,0.587,114.061,4,rock
5gflgO9EPbIBf16n5TKnQS,Zion & Lennox,Motivando a la Yal,Yo Voy (feat. Daddy Yankee),84,232019,False,0.808,0.697,10,-5.899,1,0.241,0.041,0.0,0.0546,0.554,95.06,4,reggae
5UWwZ5lm5PKu6eKsHAGxOk,Foo Fighters,The Colour And The Shape,Everlong,84,250546,False,0.413,0.881,11,-5.541,0,0.0367,5.99e-05,0.000308,0.0805,0.364,158.066,4,metal
2AT8iROs4FQueDv2c8q2KE,Arctic Monkeys,AM,R U Mine?,83,201726,False,0.288,0.758,6,-5.692,0,0.0371,0.00616,0.0,0.303,0.619,97.094,4,indie
3hRV0jL3vUpRrcy398teAU,Lord Huron,Strange Trails,The Night We Met,83,208211,False,0.544,0.369,2,-9.514,1,0.038,0.969,0.279,0.639,0.102,87.01,3,indie
6jjYDGxVJsWS0a5wlVF5vS,BTS,Proof,Butter,83,164952,False,0.759,0.459,8,-5.187,1,0.0948,0.00323,0.0,0.0788,0.695,109.997,4,k-pop
6dBUzqjtbnIa1TwYbyw5CM,TV Girl,French Exit,Lovers Rock,83,213920,False,0.559,0.871,5,-5.338,0,0.0397,7.53e-06,0.00545,0.096,0.572,104.97,4,indie
3sa06xVNmLLYIxdNNmVQN8,Jax Jones;MNEK,Where Did You Go (feat. MNEK),Where Did You Go? (feat. MNEK),83,177689,False,0.763,0.782,7,-4.541,0,0.0346,0.182,7.08e-06,0.293,0.502,127.034,4,edm
6EtKlIQmGPB9SX8UjDJG5s,Labrinth,Euphoria (Original Score from the HBO Series),Formula,83,91869,False,0.574,0.664,11,-6.068,1,0.0409,0.0448,0.0553,0.146,0.226,144.654,4,indie
7AQim7LbvFVZJE3O8TYgf2,XXXTENTACION;Trippie Redd,17,Fuck Love (feat. Trippie Redd),83,146520,True,0.797,0.533,0,-9.74,0,0.0412,0.0172,0.000152,0.103,0.329,131.036,4,hip-hop
63WuQOXohQIxOxIFA2K7bR,Måneskin,SUPERMODEL,SUPERMODEL,83,148064,False,0.636,0.876,7,-3.413,1,0.0555,0.00164,0.0,0.117,0.799,120.983,4,indie
5P3o95Jf0YBQRQ4j2XPpfC,BLACKPINK,BORN PINK,Pink Venom,83,186964,False,0.794,0.719,0,-7.227,1,0.0761,0.0119,0.0,0.276,0.69,90.016,4,k-pop
4HBZA5flZLE435QTztThqH,Ariana Grande;Justin Bieber,Stuck with U,Stuck with U (with Justin Bieber),83,228482,False,0.597,0.45,8,-6.658,1,0.0418,0.223,0.0,0.382,0.537,178.765,3,pop
4nVBt6MZDDP6tRVdQTgxJg,One Direction,Midnight Memories (Deluxe),Story of My Life,83,245493,False,0.6,0.663,3,-5.802,1,0.0477,0.225,0.0,0.119,0.286,121.07,4,pop
6Z8R6UsFuGXGtiIxiD8ISb,Capital Cities,In A Tidal Wave Of Mystery (Deluxe Edition),Safe And Sound,83,192789,False,0.655,0.819,0,-4.852,1,0.0316,0.000176,0.00374,0.104,0.766,117.956,5,rock
6Qyc6fS4DsZjB2mRW9DsQs,The Goo Goo Dolls,Dizzy up the Girl,Iris,83,289533,False,0.315,0.715,11,-8.072,0,0.0362,0.00125,7.97e-06,0.0942,0.497,155.925,3,rock
7zwn1eykZtZ5LODrf7c0tS,The Neighbourhood,Hard To Imagine The Neighbourhood Ever Changing,You Get Me So High,83,153000,False,0.551,0.881,7,-6.099,0,0.0542,0.186,0.0791,0.152,0.387,88.036,4,rock
6TsVhM8qIkWN5cJVDIVbbz,Wisin & Yandel;ROSALÍA,La Última Misión,Besos Moja2,83,229064,False,0.736,0.727,5,-4.642,0,0.0571,0.0584,1.91e-06,0.0976,0.644,94.048,4,reggae
5cF0dROlMOK5uNZtivgu50,Charlie Puth,Voicenotes,Attention,83,208786,False,0.775,0.613,3,-4.586,0,0.0542,0.109,2.33e-05,0.134,0.797,100.066,4,pop
5r43qanLhUCdBj8HN3fa6B,OneRepublic,Sunshine,Sunshine,83,163854,False,0.697,0.875,5,-4.621,1,0.034,0.137,0.0,0.28,0.774,140.069,4,rock
4kbj5MwxO1bq9wjT5g9HaA,WALK THE MOON,TALKING IS HARD,Shut Up and Dance,83,199080,False,0.578,0.866,1,-3.804,1,0.0619,0.00701,0.0,0.257,0.619,128.038,4,rock
2nLtzopw4rPReszdYBJU6h,Linkin Park,Meteora,Numb,83,185586,False,0.496,0.863,9,-4.153,1,0.0381,0.0046,0.0,0.639,0.243,110.018,4,metal
47EiUVwUp4C9fGccaPuUCS,Bad Bunny;Jhayco,DÁKITI,DÁKITI,83,205090,True,0.731,0.573,4,-10.059,0,0.0544,0.401,5.22e-05,0.113,0.145,109.928,4,reggae
6JIC3hbC28JZKZ8AlAqX8h,Elton John;Dua Lipa;PNAU,The Lockdown Sessions,Cold Heart - PNAU Remix,83,202735,False,0.795,0.8,1,-6.32,1,0.0309,0.0354,7.25e-05,0.0915,0.934,116.032,4,rock
3cBsEDNhFI9E82vPj3kvi3,Morgan Wallen,Dangerous: The Double Album,Wasted On You,83,178520,False,0.505,0.657,11,-5.24,0,0.0318,0.373,0.00107,0.126,0.252,196.0,3,country
0MnTkIEP4zZN1IUSu8MvIz,Cafuné,Tek It (I Watch the Moon),Tek It - Sped Up,83,166859,False,0.348,0.95,10,-5.049,0,0.124,9.93e-05,9.68e-06,0.0868,0.377,168.964,4,indie
296nXCOv97WJNRWzIBQnoj,LE SSERAFIM,FEARLESS,FEARLESS,83,168437,False,0.863,0.62,7,-7.167,1,0.135,0.0508,0.00324,0.129,0.432,103.971,4,k-pop
3ee8Jmje8o58CHK66QrVC2,XXXTENTACION,?,SAD!,83,166605,True,0.74,0.613,8,-4.88,1,0.145,0.258,0.00372,0.123,0.473,75.023,4,hip-hop
1SC5rEoYDGUK4NfG82494W,Lil Nas X,MONTERO,MONTERO (Call Me By Your Name),83,137704,True,0.593,0.503,8,-6.725,0,0.22,0.293,0.0,0.405,0.71,178.781,4,hip-hop
6XO8RlYuJCiI0v3IA48FeJ,Marshmello;Juice WRLD,Bye Bye,Bye Bye,83,108498,True,0.645,0.525,3,-5.399,0,0.0355,0.0574,0.0,0.505,0.238,83.018,4,edm
2tpWsVSb9UEmDRxAl1zhX1,OneRepublic,Native,Counting Stars,83,257266,False,0.664,0.705,1,-4.972,0,0.0382,0.0654,0.0,0.118,0.477,122.016,4,pop
2grjqo0Frpf2okIBiifQKs,"Earth, Wind & Fire","The Best Of Earth, Wind & Fire Vol. 1",September,83,215093,False,0.697,0.832,9,-7.264,1,0.0298,0.168,0.00131,0.269,0.979,125.926,4,jazz
0VgkVdmE4gld66l8iyGjgx,Future,FUTURE,Mask Off,83,204600,True,0.833,0.434,2,-8.795,1,0.431,0.0102,0.0219,0.165,0.281,150.062,4,hip-hop
1aL9518P5G72N92b48tuKw,AP Dhillon,Summer High,Summer High,83,177391,False,0.86,0.541,1,-6.51,0,0.0325,0.165,0.163,0.0663,0.952,114.984,4,hip-hop
5aucVLKiumD89mxVCB4zvS,Crush;j-hope,Rush Hour,Rush Hour (Feat. j-hope of BTS),83,177302,False,0.738,0.714,0,-5.235,1,0.249,0.157,0.0,0.31,0.74,95.035,4,k-pop
2P91MQbaiQOfbiz9VqhqKQ,Lauv,I met you when I was 18. (the playlist),I Like Me Better,83,197436,False,0.752,0.505,9,-7.621,1,0.253,0.535,2.55e-06,0.104,0.419,91.97,4,pop
4jPy3l0RUwlUI9T5XHBW2m,24kGoldn;iann dior,El Dorado,Mood (feat. iann dior),83,140533,True,0.701,0.716,7,-3.671,0,0.0361,0.174,0.0,0.324,0.732,91.007,4,pop
1ZdhOMWyFR8Iv9eylMGYg2,Labrinth,Imagination & the Misfit Kid,Mount Everest,83,157497,True,0.494,0.428,0,-7.239,0,0.205,0.236,0.0698,0.0816,0.44,87.724,4,indie
2374M0fQpWi3dLnB54qaLX,TOTO,Toto IV,Africa,83,295893,False,0.671,0.373,9,-18.064,1,0.0323,0.257,8.01e-05,0.0481,0.732,92.718,4,rock
1KIJclzEbNhSVw8tiHPWwE,Vacations,Vibes,Young,83,189160,False,0.498,0.81,7,-4.065,1,0.0263,0.00392,0.00717,0.0635,0.594,79.935,4,indie
0JP9xo3adEtGSdUEISiszL,XXXTENTACION,?,Moonlight,83,135090,True,0.921,0.537,9,-5.723,0,0.0804,0.556,0.00404,0.102,0.711,128.009,4,hip-hop
08Isz2ETWSBhvIl8UpKYsp,Shubh,No Love,No Love,83,170387,False,0.768,0.487,4,-8.936,0,0.0431,0.24,0.0,0.175,0.722,137.034,4,hip-hop
2xLMifQCjDGFmkHkpNLD9h,Travis Scott,ASTROWORLD,SICKO MODE,83,312820,True,0.834,0.73,8,-3.714,1,0.222,0.00513,0.0,0.124,0.446,155.008,4,hip-hop
7iL6o9tox1zgHpKUfh9vuC,50 Cent,Get Rich Or Die Tryin',In Da Club,83,193466,True,0.899,0.713,6,-2.752,0,0.366,0.255,0.0,0.0708,0.777,90.051,4,hip-hop
0fX4oNGBWO3dSGUZcVdVV2,Kendrick Lamar,Mr. Morale & The Big Steppers,N95,83,195950,True,0.79,0.67,1,-5.527,1,0.105,0.377,2.32e-06,0.119,0.408,139.956,4,hip-hop
0VO8gYVDSwM1Qdd2GsMoYK,Swedish House Mafia;The Weeknd,Paradise Again,Moth To A Flame (with The Weeknd),83,234000,False,0.553,0.659,8,-7.295,1,0.0391,0.0027,0.0,0.105,0.105,120.146,4,edm
2dpaYNEQHiRxtZbfNsse99,Marshmello;Bastille,Happier,Happier,83,214289,False,0.687,0.792,5,-2.749,1,0.0452,0.191,0.0,0.167,0.671,100.015,4,edm
3GCdLUSnKSMJhs4Tj6CV3s,Kendrick Lamar;SZA,Black Panther The Album Music From And Inspired By,All The Stars (with SZA),83,232186,True,0.698,0.633,8,-4.946,1,0.0597,0.0605,0.000194,0.0926,0.552,96.924,4,hip-hop
7FIWs0pqAYbP91WWM0vlTQ,Eminem;Juice WRLD,Music To Be Murdered By,Godzilla (feat. Juice WRLD),83,210800,True,0.808,0.745,10,-5.26,0,0.342,0.145,0.0,0.292,0.829,165.995,4,hip-hop
2Y0iGXY6m6immVb2ktbseM,MGMT,Little Dark Age,Little Dark Age,83,299960,False,0.705,0.712,6,-6.156,1,0.0385,0.0102,0.000855,0.1,0.62,97.512,4,indie
3jjsRKEsF42ccXf8kWR3nu,Mitski,Be the Cowboy,Washing Machine Heart,83,128198,False,0.613,0.822,9,-4.087,1,0.026,0.0092,0.506,0.429,0.567,105.997,4,indie
0sTlGEld0h8kIPZaKDYUf4,The Rare Occasions,Notion,Notion,83,195120,False,0.309,0.883,9,-3.825,1,0.0808,0.0673,0.00111,0.0849,0.312,159.488,4,indie
4pt5fDVTg5GhEvEtlz9dKk,Måneskin,Teatro d'ira - Vol. I,I WANNA BE YOUR SLAVE,83,173346,True,0.75,0.608,1,-4.008,1,0.0387,0.00165,0.0,0.178,0.958,132.507,4,indie
4CeeEOM32jQcH3eN9Q2dGj,Nirvana,Nevermind (Remastered),Smells Like Teen Spirit,83,301920,False,0.502,0.912,1,-4.556,1,0.0564,2.55e-05,0.000173,0.106,0.72,116.761,4,rock
48QmG1dfvMuYLxMPt7KSRA,Sean Paul;Dua Lipa,Mad Love The Prequel,No Lie,83,221176,False,0.742,0.882,7,-2.862,1,0.117,0.0466,0.0,0.206,0.463,102.04,4,pop
4bHsxqR3GMrXTxEPLuK5ue,Journey,Escape (Bonus Track Version),Don't Stop Believin',83,250986,False,0.5,0.748,4,-9.072,1,0.0363,0.127,0.0,0.447,0.514,118.852,4,rock
15JINEqzVMv3SvJTAXAKED,Eminem;Rihanna,Recovery,Love The Way You Lie,83,263373,True,0.749,0.925,10,-5.034,1,0.227,0.241,0.0,0.52,0.641,86.989,4,hip-hop
0QzuaeCEEOV40Pn7IvKEny,dhruv,rapunzel,double take,83,171743,False,0.656,0.436,8,-11.141,1,0.0744,0.845,0.0,0.221,0.196,109.239,4,pop
40iJIUlhi6renaREYGeIDS,Drake;Travis Scott,Certified Lover Boy,Fair Trade (with Travis Scott),83,291175,True,0.666,0.465,1,-8.545,1,0.26,0.0503,0.0,0.215,0.292,167.937,4,hip-hop
3USxtqRwSYz57Ewm6wWRMp,Glass Animals,Dreamland,Heat Waves,83,238805,False,0.761,0.525,11,-6.9,1,0.0944,0.44,6.7e-06,0.0921,0.531,80.87,4,indie
2DlHlPMa4M17kufBvI2lEN,System Of A Down,Toxicity,Chop Suey!,83,210240,False,0.417,0.934,7,-3.908,0,0.119,0.000278,0.0015,0.132,0.287,127.066,4,metal
29m79w9xPMH4YCD6r8JSmV,AP Dhillon;Gurinder Gill;Intense,Excuses,Excuses,82,176232,False,0.837,0.717,5,-7.749,0,0.0822,0.0842,0.0,0.149,0.494,94.984,4,hip-hop
1TfqLAPs4K3s2rJMoCokcS,Eurythmics;Annie Lennox;Dave Stewart,Sweet Dreams (Are Made Of This),Sweet Dreams (Are Made of This) - Remastered,82,216933,False,0.692,0.711,0,-7.498,0,0.0317,0.225,0.0,0.12,0.875,125.135,4,rock
2FY7b99s15jUprqC0M5NCT,Imagine Dragons,Origins (Deluxe),Natural,82,189466,False,0.704,0.611,2,-6.112,1,0.0409,0.217,0.0,0.0812,0.22,100.0,4,rock
4BP3uh0hFLFRb5cjsgLqDh,Creedence Clearwater Revival,Willy And The Poor Boys (Expanded Edition),Fortunate Son,82,140773,False,0.64,0.663,0,-7.516,1,0.0374,0.201,0.00806,0.152,0.663,132.77,4,country
4cG7HUWYHBV6R6tHn1gxrl,Riton;Nightcrawlers;Mufasa & Hypeman;Dopamine,Friday (feat. Mufasa & Hypeman) [Dopamine Re-Edit],Friday (feat. Mufasa & Hypeman) - Dopamine Re-Edit,82,169153,False,0.824,0.862,2,-3.424,1,0.126,0.0076,0.000132,0.303,0.801,122.98,4,edm
3B54sVLJ402zGa6Xm4YGNe,French Montana;Swae Lee,Jungle Rules,Unforgettable,82,233901,True,0.726,0.769,6,-5.043,1,0.123,0.0293,0.0101,0.104,0.733,97.985,4,hip-hop
3afkJSKX0EAMsJXTZnDXXJ,Troye Sivan,Strawberries & Cigarettes,Strawberries & Cigarettes,82,201538,False,0.578,0.537,9,-8.676,1,0.0832,0.162,0.0,0.076,0.25,83.909,4,pop
3CIyK1V4JEJkg02E4EJnDl,Imagine Dragons;JID;Arcane;League of Legends,Mercury - Acts 1 & 2,Enemy (with JID) - from the series Arcane League of Legends,82,173381,False,0.728,0.783,11,-4.424,0,0.266,0.237,0.0,0.434,0.555,77.011,4,rock
2GiJYvgVaD2HtM8GqD9EgQ,BØRNS,Dopamine,Electric Love,82,218106,False,0.611,0.797,6,-7.627,0,0.0533,0.00543,0.00137,0.26,0.518,120.041,4,rock
10nyNJ6zNy2YVYLrcwLccB,Radiohead,OK Computer,No Surprises,82,229120,False,0.255,0.393,5,-10.654,1,0.0278,0.0577,0.00361,0.113,0.118,76.426,4,indie
0zlGnseLGzRIBA0TJcb3Bo,Yohani;Jubin Nautiyal;Tanishk Bagchi;Rashmi Virag;Surya Ragunaathan,"Manike (From ""Thank God"")","Manike (From ""Thank God"")",82,197473,False,0.551,0.578,1,-7.005,0,0.0732,0.522,0.0,0.073,0.509,106.772,4,indie
0NlGoUyOJSuSHmngoibVAs,Kodaline,In A Perfect World (Expanded Edition),All I Want,82,305746,False,0.188,0.411,0,-9.733,1,0.0484,0.174,0.153,0.0843,0.159,187.376,3,rock
7yq4Qj7cqayVTp3FF9CWbm,Vance Joy,Dream Your Life Away,Riptide,82,204280,False,0.484,0.731,1,-6.694,1,0.0379,0.431,0.0,0.151,0.51,101.654,4,rock
6f3Slt0GbA2bPZlz0aIFXN,Tiësto,The Business,The Business,82,164000,False,0.798,0.62,8,-7.079,0,0.232,0.414,0.0192,0.112,0.235,120.031,4,edm
7EZC6E7UjZe63f1jRmkWxt,The Cranberries,No Need To Argue (The Complete Sessions 1994-1995),Zombie,82,306440,False,0.309,0.649,7,-8.994,1,0.035,0.0158,0.00591,0.367,0.312,166.915,4,rock
5T8EDUDqKcs6OSOwEsfqG7,Queen,Jazz (2011 Remaster),Don't Stop Me Now - Remastered 2011,82,209413,False,0.559,0.868,5,-5.276,1,0.17,0.0475,0.000176,0.776,0.609,156.295,4,rock
4HlFJV71xXKIGcU3kRyttv,Train,"Save Me, San Francisco (Golden Gate Edition)","Hey, Soul Sister",82,216773,False,0.673,0.886,1,-4.44,0,0.0431,0.185,0.0,0.0826,0.795,97.012,4,rock
6FE2iI43OZnszFLuLtvvmg,MKTO,MKTO,Classic,82,175426,False,0.72,0.791,1,-4.689,1,0.124,0.0384,0.0,0.157,0.756,102.071,4,rock
6dGnYIeXmHdcikdzNNDMm2,The Beatles,Abbey Road (Remastered),Here Comes The Sun - Remastered 2009,82,185733,False,0.557,0.54,9,-10.484,1,0.0347,0.0339,0.00248,0.179,0.394,129.171,4,rock
5MxNLUsfh7uzROypsoO5qe,Aerosmith,Aerosmith,Dream On,82,266960,False,0.307,0.433,1,-10.057,1,0.029,0.388,9.08e-05,0.332,0.224,160.9,4,rock
09CtPGIpYB4BrO8qb1RGsF,Justin Bieber,Purpose (Deluxe),Sorry,82,200786,False,0.654,0.76,0,-3.669,0,0.045,0.0797,0.0,0.299,0.41,99.945,4,pop
3eekarcy7kvN4yt5ZFzltW,Travis Scott,HIGHEST IN THE ROOM,HIGHEST IN THE ROOM,82,175720,True,0.598,0.427,7,-8.764,0,0.0317,0.0546,5.83e-06,0.21,0.0605,76.469,4,hip-hop
7H7NyZ3G075GqPx2evsfeb,Mac DeMarco,Salad Days,Chamber Of Reflection,82,231723,False,0.538,0.557,11,-8.678,1,0.0914,0.262,0.914,0.102,0.506,131.03,4,edm
2m6Ko3CY1qXNNja8AlugNc,Troye Sivan,Angel Baby,Angel Baby,82,220779,False,0.559,0.559,11,-6.425,1,0.0358,0.0145,0.0,0.138,0.338,72.498,4,pop
4u7EnebtmKWzUH433cf5Qv,Queen,A Night At The Opera (2011 Remaster),Bohemian Rhapsody - Remastered 2011,82,354320,False,0.414,0.404,0,-9.928,0,0.0499,0.271,0.0,0.3,0.224,71.105,4,rock
3IznIgmXtrUaoPWpQTy5jB,TV Girl,Who Really Cares,Not Allowed,82,167864,True,0.67,0.905,1,-6.855,1,0.129,0.669,0.000227,0.349,0.563,104.965,4,indie
6epn3r7S14KUqlReYr77hA,Justin Bieber;Ludacris,My World 2.0,Baby,82,214240,False,0.728,0.859,5,-5.237,0,0.137,0.0401,0.0,0.111,0.535,65.043,4,pop
0rmGAIH9LNJewFw7nKzZnc,Bon Jovi,Slippery When Wet,You Give Love A Bad Name,82,222706,False,0.541,0.96,0,-2.947,0,0.0505,0.0663,2.25e-06,0.344,0.812,122.803,4,metal
7floNISpH8VF4z4459Qo18,XXXTENTACION,Look At Me!,Look At Me!,82,126345,True,0.763,0.726,1,-6.405,1,0.282,0.259,0.0,0.0976,0.349,139.059,4,hip-hop
2BgEsaKNfHUdlh97KmvFyo,Anne-Marie,Speak Your Mind (Deluxe),2002,82,186986,False,0.697,0.683,1,-2.881,0,0.117,0.0372,0.0,0.137,0.603,96.133,4,pop
0COqiPhxzoWICwFCS4eZcp,Evanescence,Fallen,Bring Me To Life,82,235893,False,0.331,0.943,4,-3.188,0,0.0698,0.00721,2.06e-06,0.242,0.296,94.612,4,metal
0GONea6G2XdnHWjNZd6zt3,Bryan Adams,Reckless (30th Anniversary / Deluxe Edition),Summer Of '69,82,216053,False,0.508,0.834,2,-6.205,1,0.0386,0.0183,0.0,0.0732,0.774,139.131,4,rock
1QpwvWMQGdOgA8MXXfgs4H,NMIXX,ENTWURF,DICE,82,165746,False,0.556,0.798,7,-3.331,1,0.254,0.0848,0.0,0.33,0.628,131.096,4,k-pop
228BxWXUYQPJrJYHDLOHkj,Daddy Yankee,Barrio Fino (Bonus Track Version),Gasolina,82,192600,False,0.852,0.797,0,-6.543,1,0.0614,0.322,2.69e-06,0.0845,0.741,96.008,4,reggae
28n8z9IQKyjMPxmvYMBqZa,Luke Combs,The Kind of Love We Make,The Kind of Love We Make,82,224426,False,0.608,0.745,1,-4.13,1,0.0277,0.0226,6.47e-06,0.0942,0.464,102.025,4,country
2GThBgzZoZfz0lx1JjBwfe,New West,Those Eyes,Those Eyes,82,220750,False,0.597,0.351,4,-8.043,1,0.0281,0.727,3.86e-05,0.319,0.243,119.948,3,indie
06KyNuuMOX1ROXRhj787tj,Charlie Puth;Selena Gomez,Nine Track Mind,We Don't Talk Anymore (feat. Selena Gomez),82,217706,False,0.728,0.563,1,-8.053,0,0.134,0.621,0.0,0.179,0.352,100.017,4,pop
2JzZzZUQj3Qff7wapcbKjc,Wiz Khalifa;Charlie Puth,See You Again (feat. Charlie Puth),See You Again (feat. Charlie Puth),82,229525,False,0.689,0.481,10,-7.503,1,0.0815,0.369,1.03e-06,0.0649,0.283,80.025,4,hip-hop
4R8BJggjosTswLxtkw8V7P,Jhayco;J Balvin;Bad Bunny,Famouz,No Me Conoce - Remix,82,309120,False,0.806,0.786,10,-3.831,0,0.0741,0.145,0.0,0.0935,0.58,91.973,4,reggae
0z8hI3OPS8ADPWtoCjjLl6,Shawn Mendes;Tainy,Summer Of Love,Summer of Love (Shawn Mendes & Tainy),82,184104,False,0.776,0.808,11,-4.501,1,0.117,0.0297,0.000127,0.103,0.494,123.988,4,pop
161DnLWsx1i3u1JT05lzqU,Bruno Mars,Doo-Wops & Hooligans,Talking to the Moon,82,217866,False,0.498,0.59,1,-4.721,0,0.032,0.511,0.0,0.107,0.0784,145.867,4,pop
42TMa2hgBNjte4uV7jNCnQ,Shubh;Ikky,Baller,Baller,82,148188,False,0.711,0.702,5,-10.048,1,0.233,0.00487,0.0163,0.0932,0.674,180.219,4,hip-hop
2g6tReTlM2Akp41g0HaeXN,Kendrick Lamar;Blxst;Amanda Reifer,Mr. Morale & The Big Steppers,Die Hard,82,239026,True,0.775,0.736,1,-8.072,0,0.247,0.319,0.00116,0.127,0.362,100.988,4,hip-hop
0qOnSQQF0yzuPWsXrQ9paz,Gym Class Heroes;Adam Levine,The Papercut Chronicles II,Stereo Hearts (feat. Adam Levine),82,210960,False,0.646,0.795,9,-3.293,1,0.0976,0.0319,0.0,0.267,0.796,89.99,4,pop
5NvOZCjZaGGGL597exlQWv,Ricky Montgomery,Montgomery Ricky,Line Without a Hook,82,249586,False,0.432,0.652,8,-4.969,1,0.0285,0.262,0.0,0.258,0.507,190.028,3,indie
6MpCaSIOfqBqbMED4kXgNY,Beach Bunny,Prom Queen,Prom Queen,82,136562,False,0.528,0.797,4,-7.487,1,0.0485,0.000391,0.011,0.14,0.751,143.785,4,indie
200x8ONbPfFzByUr3fVz46,Cole Swindell,Stereotype,She Had Me At Heads Carolina,82,206106,False,0.607,0.912,8,-3.449,1,0.0611,0.124,0.0,0.332,0.722,134.944,4,country
48UPSzbZjgc449aqz8bxox,Red Hot Chili Peppers,Californication (Deluxe Edition),Californication,82,329733,False,0.592,0.767,9,-2.788,0,0.027,0.0021,0.00165,0.127,0.328,96.483,4,metal
2Z8WuEywRWYTKe1NybPQEW,Twenty One Pilots,Blurryface,Ride,82,214506,False,0.645,0.713,6,-5.355,1,0.0393,0.00835,0.0,0.113,0.566,74.989,4,rock
0Fs9cdPDhptWEDJmiCbkEW,J. Cole;Cults;Amber Coffman,Born Sinner (Deluxe Version),She Knows (feat. Amber Coffman & Cults),82,296520,True,0.766,0.74,1,-10.363,1,0.0807,0.0193,0.0784,0.229,0.183,118.008,4,hip-hop
7ycWLEP1GsNjVvcjawXz3z,A$AP Rocky;Skepta,TESTING,Praise The Lord (Da Shine) (feat. Skepta),82,205040,True,0.854,0.569,5,-8.151,0,0.106,0.0609,0.0816,0.1,0.294,80.015,4,hip-hop
11iIikXxC6NP0Ma8vMD27x,Vundabar,Gawk,Alien Blues,82,155933,False,0.467,0.757,3,-5.093,1,0.033,0.0807,0.908,0.0876,0.433,82.282,4,indie
02jLfqc9gMo8PkHEGHY3OT,Feid,Si Te La Encuentras Por Ahí,Si Te La Encuentras Por Ahí,82,191573,False,0.743,0.576,8,-3.552,0,0.076,0.151,5.87e-05,0.128,0.455,171.945,4,reggae
6GomT970rCOkKAyyrwJeZi,Öwnboss;Sevek,Move Your Body,Move Your Body,82,157444,False,0.848,0.821,2,-5.408,0,0.0527,0.0169,0.000403,0.0962,0.249,125.051,4,edm
3d9DChrdc6BOeFsbrZ3Is0,Red Hot Chili Peppers,Blood Sugar Sex Magik (Deluxe Edition),Under the Bridge,82,264306,False,0.559,0.345,4,-13.496,1,0.0459,0.0576,0.000105,0.141,0.458,84.581,4,metal
3BHR1mJOqn2UZyq98YKPgd,BLACKPINK,BORN PINK,Typa Girl,82,179172,True,0.918,0.585,7,-7.781,1,0.0889,0.0627,0.0,0.624,0.519,131.966,4,k-pop
2XIc1pqjXV3Cr2BQUGNBck,Bad Bunny;ROSALÍA,EL ÚLTIMO TOUR DEL MUNDO,LA NOCHE DE ANOCHE,82,203200,False,0.856,0.618,7,-4.892,1,0.286,0.0303,0.0,0.0866,0.391,81.993,4,reggae
3ZOEytgrvLwQaqXreDs2Jx,Red Hot Chili Peppers,By the Way (Deluxe Edition),Can't Stop,82,269000,False,0.618,0.938,9,-3.442,1,0.0456,0.0179,0.0,0.167,0.875,91.455,4,metal
3O8G8eVrhfXTGttyQ1xVuq,Stray Kids,MAXIDENT,CASE 143,82,191964,False,0.812,0.89,6,-2.661,0,0.209,0.0961,0.0,0.0222,0.69,100.006,4,k-pop
0WSa1sucoNRcEeULlZVQXj,Bring Me The Horizon,Sempiternal (Expanded Edition),Can You Feel My Heart,81,228146,True,0.15,0.859,4,-2.827,0,0.0595,0.00201,0.194,0.387,0.354,170.527,5,metal
5sICkBXVmaCQk5aISGR3x1,Metallica,Metallica,Enter Sandman,81,331266,False,0.577,0.828,6,-8.691,0,0.0298,0.00213,0.0114,0.0581,0.604,123.257,4,metal
1rqqCSm0Qe4I9rUvWncaom,Panic! At The Disco,Pray for the Wicked,High Hopes,81,190946,False,0.579,0.904,5,-2.729,1,0.0618,0.193,0.0,0.064,0.681,82.014,4,rock
6jgkEbmQ2F2onEqsEhiliL,Mac DeMarco,2,My Kind of Woman,81,190845,False,0.501,0.765,6,-7.063,0,0.0281,0.00294,0.49,0.184,0.46,91.771,4,edm
2P4OICZRVAQcYAV2JReRfj,Avicii,Stories,Waiting For Love,81,230613,False,0.579,0.736,6,-3.863,0,0.0527,0.31,0.0,0.198,0.613,127.999,4,edm
7FlQk2gJ6TBrHHiidvdR2O,Becky G;KAROL G,ESQUEMAS,MAMIII,81,226093,False,0.836,0.703,4,-3.554,0,0.0657,0.0845,0.0,0.138,0.902,94.048,4,reggae
6TfBA04WJ3X1d1wXhaCFVT,The Offspring,"Rise And Fall, Rage And Grace","You're Gonna Go Far, Kid",81,177826,True,0.55,0.917,0,-3.159,1,0.0638,0.00428,0.0,0.197,0.601,126.115,4,metal
3SErMoIKdRELto2OspGs5L,blackbear,dead,idfc,81,207026,True,0.718,0.422,4,-9.115,0,0.0621,0.0764,0.0,0.17,0.455,144.678,4,pop
2tnVG71enUj33Ic2nFN6kZ,Regard,Ride It,Ride It,81,157605,False,0.88,0.751,7,-4.258,0,0.0874,0.177,6.43e-05,0.106,0.884,117.948,4,edm
6EbVuwU7EnKeF2hdpViXCH,Sleepy Hallow;347aidan,Die Young (feat. 347aidan),Die Young (feat. 347aidan),81,148816,True,0.808,0.582,11,-6.26,1,0.338,0.827,0.0,0.111,0.675,77.471,4,r-n-b
77loZpT5Y5PRP1S451P9Yz,Hoobastank,The Reason (15th Anniversary Deluxe),The Reason,81,232800,False,0.472,0.671,4,-4.649,1,0.029,0.0129,0.0,0.159,0.0681,82.952,4,metal
6fhG2KJgwO7CrNflRaRmvp,Ruth B.;slater,Dandelions (slowed + reverb),Dandelions - slowed + reverb,81,268717,False,0.573,0.715,8,-3.293,0,0.0256,0.0444,0.0,0.0898,0.258,101.699,3,pop
2MuWTIM3b0YEAskbeeFE1i,Metallica,Master Of Puppets (Remastered),Master Of Puppets,81,515386,False,0.543,0.836,4,-9.11,0,0.0353,0.000647,0.431,0.153,0.56,105.173,4,metal
25ZAibhr3bdlMCLmubZDVt,J Balvin;Bad Bunny,OASIS,QUE PRETENDES,81,222346,False,0.639,0.791,10,-4.443,0,0.253,0.0275,0.0,0.362,0.939,92.603,4,reggae
6Dy1jexKYriXAVG6evyUTJ,Joel Corry;Jax Jones;Charli XCX;Saweetie,OUT OUT (feat. Charli XCX & Saweetie),OUT OUT (feat. Charli XCX & Saweetie),81,162603,False,0.787,0.833,8,-4.403,1,0.0478,0.018,0.00747,0.0374,0.796,123.97,4,edm
0yCWDaAgOtg6TKlNCg9rwA,King,The Carnival,Tu Aake Dekhle,81,270000,False,0.77,0.84,11,-4.022,1,0.107,0.515,0.00452,0.145,0.192,96.012,4,hip-hop
3YRCqOhFifThpSRFJ1VWFM,Guns N' Roses,Use Your Illusion I,November Rain,81,536066,False,0.294,0.641,11,-9.316,1,0.0291,0.0163,0.22,0.112,0.226,79.759,4,metal
0snQrp1VaY5Pj1YIHRJpRJ,Aditya A,Chaand Baaliyan,Chaand Baaliyan,81,103264,False,0.729,0.396,0,-8.98,1,0.0359,0.796,0.0,0.104,0.886,97.281,4,indie
4XvcHTUfIlWfyJTRG0aqlo,Sleepy Hallow,Still Sleep?,2055,81,123986,True,0.829,0.512,6,-5.865,0,0.187,0.492,0.0,0.12,0.638,80.511,4,r-n-b
1fewSx2d5KIZ04wsooEBOz,Metro Boomin;Gunna,NOT ALL HEROES WEAR CAPES (Deluxe),Space Cadet (feat. Gunna),81,203266,True,0.901,0.464,5,-9.789,0,0.0645,0.368,1.71e-05,0.238,0.638,109.004,4,hip-hop
6lanRgr6wXibZr8KgzXxBl,Christina Perri,A Thousand Years,A Thousand Years,81,285120,False,0.421,0.407,10,-7.445,1,0.0267,0.309,0.000961,0.11,0.161,139.028,3,pop
7GNRUsU3M4XNDDB9xle5Dz,PSY;SUGA,PSY 9th,That That (prod. & feat. SUGA of BTS),81,174646,False,0.905,0.962,4,-3.197,1,0.0856,0.0299,0.0,0.0272,0.906,129.969,4,hip-hop
5uEYRdEIh9Bo4fpjDd4Na9,Travis Scott;HVME,Goosebumps (Remix),Goosebumps - Remix,81,162802,True,0.841,0.593,1,-7.846,1,0.0379,0.418,0.0,0.124,0.808,124.917,4,hip-hop
0snQkGI5qnAmohLE7jTsTn,System Of A Down,Toxicity,Toxicity,81,218933,False,0.413,0.873,8,-4.151,1,0.0536,0.000264,0.00249,0.204,0.48,116.68,3,metal
5Z9KJZvQzH6PFmb8SNkxuk,Lil Nas X;Jack Harlow,MONTERO,INDUSTRY BABY (feat. Jack Harlow),81,212352,True,0.741,0.691,10,-7.395,0,0.0672,0.0221,0.0,0.0476,0.892,150.087,4,hip-hop
2J2Z1SkXYghSajLibnQHOa,Sia,This Is Acting,Unstoppable,81,217746,False,0.468,0.779,9,-4.839,1,0.0779,0.112,0.000373,0.101,0.26,173.799,4,pop
2BJWxD8xKrDv8vneTvTIm9,Lil Tjay,Beat the Odds,Beat the Odds,81,150000,True,0.498,0.625,8,-7.452,0,0.342,0.054,0.0,0.175,0.478,84.821,4,r-n-b
7Ie9W94M7OjPoZVV216Xus,Eminem,Recovery,Not Afraid,81,248133,True,0.855,0.954,0,-1.19,0,0.264,0.529,0.0,0.205,0.668,114.635,5,hip-hop
5odlY52u43F5BjByhxg7wg,JVKE,this is what ____ feels like (Vol. 1-4),golden hour,81,209259,False,0.515,0.593,4,-4.801,1,0.0322,0.653,0.162,0.25,0.153,94.467,3,indie
6RtPijgfPKROxEzTHNRiDp,MAGIC!,Don't Kill the Magic,Rude,81,224840,False,0.773,0.758,1,-4.993,1,0.0381,0.0422,0.0,0.305,0.925,144.033,4,reggae
6i0V12jOa3mr6uu4WYhUBr,Twenty One Pilots,Heathens,Heathens,81,195920,False,0.732,0.396,4,-9.348,0,0.0286,0.0841,3.58e-05,0.105,0.548,90.024,4,rock
6foY66mWZN0pSRjZ408c00,Morgan Wallen,If I Know Me,Whiskey Glasses,81,234346,False,0.614,0.68,6,-4.58,1,0.0289,0.369,1.84e-06,0.115,0.707,149.959,4,country
3J8EOeKLTLXORtWPpOU5bE,Lil Tjay;6LACK,Destined 2 Win,Calling My Phone,81,205458,True,0.907,0.393,4,-7.636,0,0.0539,0.451,1.35e-06,0.135,0.202,104.949,4,r-n-b
7vGuf3Y35N4wmASOKLUVVU,Marshmello;Khalid,Silence,Silence,81,180822,False,0.52,0.761,4,-3.093,1,0.0853,0.256,4.96e-06,0.17,0.286,141.971,4,edm
3fqwjXwUGN6vbzIwvyFMhx,Chris Stapleton,Traveller,Tennessee Whiskey,81,293293,False,0.392,0.37,9,-10.888,1,0.0298,0.205,0.0096,0.0821,0.512,48.718,4,country
4XqXNU8MwPHwbgZmNXmAdc,Maluma,Junio,Junio,81,168601,False,0.85,0.756,11,-3.439,0,0.0407,0.0999,0.0,0.0873,0.896,120.024,4,reggae
1r8ZCjfrQxoy2wVaBUbpwg,The Kid LAROI,Thousand Miles,Thousand Miles,81,164781,True,0.376,0.657,7,-4.658,1,0.0768,0.0858,0.0,0.0884,0.203,80.565,4,hip-hop
7d7aPD2oxuzjhOZnu4Dj23,Natti Natasha;Daddy Yankee;Wisin & Yandel,Mayor Que Usted,Mayor Que Usted,81,233519,False,0.625,0.839,6,-4.824,0,0.0927,0.00762,2.35e-05,0.464,0.771,184.08,4,reggae
4EchqUKQ3qAQuRNKmeIpnf,The Offspring,Americana,The Kids Aren't Alright,81,180160,False,0.523,0.943,1,-4.203,1,0.0337,0.00704,3.81e-05,0.0579,0.766,99.607,4,metal
4HzqWEdAbzcVFDv0pvxV4w,Maluma,Sobrio,Sobrio,81,201180,False,0.762,0.77,5,-2.758,1,0.223,0.138,0.0,0.15,0.631,177.998,4,reggae
6Qn5zhYkTa37e91HC1D7lb,Imagine Dragons,Evolve,Whatever It Takes,81,201240,False,0.672,0.655,10,-5.021,0,0.0311,0.0362,0.0,0.117,0.556,134.945,4,rock
51Grh1RyUDcMBbpuyUIUHI,Liana Flores,recently,rises the moon,81,161929,False,0.483,0.129,5,-20.149,0,0.0349,0.947,0.145,0.106,0.203,137.35,3,indie
7e89621JPkKaeDSTQ3avtg,Lynyrd Skynyrd,Second Helping (Expanded Edition),Sweet Home Alabama,81,283800,True,0.596,0.605,7,-12.145,1,0.0255,0.181,0.000331,0.0863,0.886,97.798,4,country
0TK2YIli7K1leLovkQiNik,Shawn Mendes;Camila Cabello,Señorita,Señorita,81,190960,False,0.759,0.54,9,-6.039,0,0.0287,0.037,0.0,0.0945,0.75,116.947,4,pop
2enPRFda84VE2wtI8c86Uf,Cults,Static,Always Forever,81,223746,False,0.174,0.742,8,-5.93,1,0.0485,0.00181,0.281,0.198,0.36,163.378,4,indie
37Tmv4NnfQeb0ZgUC4fOJj,Dire Straits,Dire Straits,Sultans Of Swing,81,348400,False,0.733,0.794,5,-10.023,1,0.0307,0.0614,0.0367,0.33,0.931,148.174,4,rock
2RSHsoi04658QL5xgQVov3,Imagine Dragons,Origins (Deluxe),Bad Liar,81,260773,False,0.383,0.637,3,-6.993,1,0.0703,0.0722,0.0,0.368,0.0827,177.913,4,rock
7B3z0ySL9Rr0XvZEAjWZzM,Clairo,Immunity,Sofia,81,188386,False,0.744,0.619,0,-9.805,1,0.039,0.598,0.00372,0.231,0.641,112.997,4,indie
1EzrEOXmMH3G43AXT1y7pA,Jason Mraz,We Sing. We Dance. We Steal Things.,I'm Yours,80,242946,False,0.703,0.444,11,-9.331,1,0.0417,0.559,0.0,0.0973,0.712,150.96,4,rock
0I1eFRytp4XRhLCjT6tZm7,Roar,I Can't Handle Change,I Can't Handle Change,80,198213,False,0.247,0.438,5,-8.478,1,0.0358,0.0447,0.000867,0.111,0.39,185.711,3,indie
62yJjFtgkhUrXktIoSjgP2,Imagine Dragons,Night Visions,Radioactive,80,186813,False,0.448,0.784,9,-3.686,1,0.0627,0.106,0.000108,0.668,0.236,136.245,4,rock
3jfZ9M23l0L7RxzYMTgBTv,Joy Again,Looking Out for You,Looking Out for You,80,179499,False,0.682,0.9,9,-5.028,1,0.0874,0.0884,0.063,0.0685,0.937,100.721,4,indie
69AIpwGNLxr4qS1X5ynx60,Jordan Davis;Luke Bryan,Buy Dirt,Buy Dirt,80,167480,False,0.586,0.559,4,-6.725,1,0.05,0.639,0.0,0.0872,0.437,177.945,4,country
2xql0pid3EUwW38AsywxhV,The Neighbourhood,Hard To Imagine The Neighbourhood Ever Changing,Reflections,80,244013,False,0.648,0.594,11,-7.027,0,0.0293,0.114,0.0462,0.116,0.544,113.983,4,rock
4MzXwWMhyBbmu6hOcLVD49,Bad Bunny;Jhay Cortez,EL ÚLTIMO TOUR DEL MUNDO,DÁKITI,80,205090,True,0.731,0.573,4,-10.059,0,0.0544,0.401,5.22e-05,0.113,0.145,109.928,4,reggae
5fVZC9GiM4e8vu99W0Xf6J,The Fray,How To Save A Life,How to Save a Life,80,262533,False,0.64,0.743,10,-4.08,1,0.0379,0.269,0.0,0.101,0.361,122.035,4,rock
5hnyJvgoWiQUYZttV4wXy6,Snow Patrol,Eyes Open,Chasing Cars,80,267960,False,0.56,0.595,9,-4.53,1,0.0274,0.199,6.47e-05,0.132,0.144,104.011,4,rock
0TDLuuLlV54CkRRUOahJb4,David Guetta;Sia,Nothing but the Beat (Ultimate Edition),Titanium (feat. Sia),80,245040,False,0.604,0.787,0,-3.674,0,0.103,0.0679,0.15,0.127,0.301,126.062,4,edm
04aAxqtGp5pv12UXAg4pkq,Fall Out Boy,American Beauty/American Psycho,Centuries,80,228360,False,0.393,0.858,4,-2.868,0,0.0729,0.00359,0.0,0.102,0.56,176.042,4,rock
68EkhVWIeULhHxcbi1QhzK,AJR,OK ORCHESTRA,World's Smallest Violin,80,180746,True,0.68,0.697,5,-7.01,1,0.0484,0.121,0.0,0.661,0.684,116.033,4,rock
0tBbt8CrmxbjRP0pueQkyU,Selena Gomez;Marshmello,Wolves,Wolves,80,197993,False,0.724,0.804,11,-4.614,0,0.0448,0.124,0.0,0.204,0.306,124.987,4,pop
2rxQMGVafnNaRaXlRMWPde,Luke Combs,This One's for You Too (Deluxe Edition),Beautiful Crazy,80,193200,False,0.551,0.402,11,-7.431,1,0.0262,0.676,0.0,0.0928,0.382,103.313,4,country
4RCWB3V8V0dignt99LZ8vH,Plain White T's,All That We Needed,Hey There Delilah,80,232533,False,0.656,0.291,2,-10.572,1,0.0293,0.872,0.0,0.114,0.298,103.971,4,rock
3SdTKo2uVsxFblQjpScoHy,Ben E. King,Don't Play That Song (Mono),Stand by Me,80,180055,False,0.65,0.306,9,-9.443,1,0.0393,0.57,7.07e-06,0.0707,0.605,118.068,4,r-n-b
3kcKlOkQQEPVwxwljbGJ5p,Topic;A7S,Kernkraft 400 (A Better Day),Kernkraft 400 (A Better Day),80,165800,False,0.623,0.727,11,-5.57,0,0.0562,0.184,2.02e-05,0.309,0.4,125.975,4,edm
64BbK9SFKH2jk86U3dGj2P,Red Hot Chili Peppers,Californication (Deluxe Edition),Otherside,80,255373,False,0.458,0.795,0,-3.265,1,0.0574,0.00316,0.000202,0.0756,0.513,123.229,4,metal
6cx06DFPPHchuUAcTxznu9,Joel Corry;MNEK,Head & Heart (feat. MNEK),Head & Heart (feat. MNEK),80,166028,False,0.734,0.874,8,-3.158,1,0.0662,0.168,1.14e-05,0.0489,0.905,122.953,4,edm
1Xi84slp6FryDSCbzq4UCD,Duncan Laurence,Arcade,Arcade,80,183624,False,0.45,0.329,9,-12.603,0,0.0441,0.818,0.00109,0.135,0.266,71.884,3,pop
6v3KW9xbzN5yKLt9YKDYA2,Shawn Mendes;Camila Cabello,Shawn Mendes (Deluxe),Señorita,80,190799,False,0.759,0.548,9,-6.049,0,0.029,0.0392,0.0,0.0828,0.749,116.967,4,pop
1TQXIltqoZ5XXyfCbAeSQQ,Sasha Alex Sloan,Dancing With Your Ghost,Dancing With Your Ghost,80,197732,False,0.629,0.328,11,-8.284,1,0.029,0.768,2.5e-05,0.103,0.389,74.953,4,pop
57iDDD9N9tTWe75x6qhStw,The Verve,Urban Hymns (Remastered 2016),Bitter Sweet Symphony,80,357266,False,0.356,0.917,9,-6.006,1,0.0479,0.0335,0.0,0.406,0.518,171.176,4,r-n-b
6ZOBP3NvffbU4SZcrnt1k6,3 Doors Down,The Better Life,Kryptonite,80,233933,False,0.545,0.865,11,-5.708,0,0.0286,0.00664,1.1e-05,0.168,0.543,99.009,4,metal
6TQS7URegxmcb8tTNpoXzi,Dhanush;Anirudh Ravichander,"Megham Karukatha (From ""Thiruchitrambalam"")","Megham Karukatha (From ""Thiruchitrambalam"")",80,290400,False,0.429,0.614,4,-6.573,0,0.0709,0.513,0.000316,0.0922,0.743,149.966,3,k-pop
0NdTUS4UiNYCNn5FgVqKQY,Arctic Monkeys,AM,Snap Out Of It,80,193030,False,0.728,0.638,5,-6.455,0,0.0336,0.249,0.0,0.116,0.872,130.014,4,indie
3fVnlF4pGqWI9flVENcT28,Taylor Swift,1989,Wildest Dreams,80,220440,False,0.553,0.664,8,-7.417,1,0.0741,0.0709,0.0056,0.106,0.467,140.06,4,pop
2iUmqdfGZcHIhS3b9E9EWq,Neon Trees,Picture Show,Everybody Talks,80,177280,False,0.471,0.924,8,-3.906,1,0.0586,0.00301,0.0,0.313,0.725,154.961,4,indie
2aibwv5hGXSgw7Yru8IYTO,Red Hot Chili Peppers,Stadium Arcadium,Snow (Hey Oh),80,334666,False,0.427,0.9,11,-3.674,1,0.0499,0.116,1.75e-05,0.119,0.599,104.655,4,metal
59WN2psjkt1tyaxjspN8fp,Rage Against The Machine,Rage Against The Machine - XX (20th Anniversary Special Edition),Killing In The Name,80,313573,True,0.466,0.833,7,-4.215,1,0.304,0.0266,0.0,0.0327,0.661,88.785,4,metal
5W8YXBz9MTIDyrpYaCg2Ky,Papa Roach,Infest,Last Resort,80,199906,True,0.589,0.89,4,-3.719,0,0.0603,0.000481,0.00082,0.201,0.692,90.598,4,metal
0bVtevEgtDIeRjCJbK3Lmv,Guns N' Roses,Appetite For Destruction,Welcome To The Jungle,80,272026,True,0.447,0.954,8,-8.069,1,0.0751,0.0235,0.403,0.298,0.331,123.453,4,metal
4a9tbd947vo9K8Vti9JwcI,BTS;Halsey,MAP OF THE SOUL : PERSONA,Boy With Luv (feat. Halsey),80,229773,False,0.645,0.862,11,-4.761,0,0.0845,0.0933,0.0,0.193,0.803,119.947,4,k-pop
61mWefnWQOLf90gepjOCb3,Slipknot,Vol. 3: The Subliminal Verses,Duality,80,252613,False,0.354,0.982,4,-3.026,0,0.168,0.000237,0.000294,0.204,0.194,143.772,4,metal
1i1fxkWeaMmKEB4T7zqbzK,The Chainsmokers;Daya,Don't Let Me Down,Don't Let Me Down,80,208373,False,0.532,0.869,11,-5.094,1,0.172,0.157,0.00508,0.136,0.422,159.803,4,edm
6h5PAsRni4IRlxWr6uDPTP,Axwell /\ Ingrosso,More Than You Know,More Than You Know,80,203000,False,0.646,0.741,5,-4.973,0,0.034,0.0275,0.0,0.312,0.571,123.077,4,edm
0IGUXY4JbK18bu9oD4mPIm,(G)I-DLE,I NEVER DIE,TOMBOY,80,174386,False,0.755,0.87,1,-2.414,0,0.0936,0.00988,0.0,0.0917,0.645,124.032,4,k-pop
5B60XFKzm8WsJTdVyt4u4I,Myke Towers,Luces De Neón,Luces De Neón,80,219789,True,0.747,0.619,3,-6.009,1,0.0588,0.0865,2.03e-05,0.103,0.567,94.98,4,reggae
2Bs4jQEGMycglOfWPBqrVG,One Direction,FOUR (Deluxe),Steal My Girl,80,228133,False,0.536,0.768,10,-5.948,0,0.0347,0.00433,0.0,0.114,0.545,77.217,4,pop
3zkWCteF82vJwv0hRLba76,Shawn Mendes,Handwritten,Stitches,80,206880,False,0.746,0.754,1,-6.684,1,0.0676,0.0152,0.0,0.0486,0.746,149.882,4,pop
2K87XMYnUMqLcX3zvtAF4G,One Direction,Made In The A.M. (Deluxe Edition),Drag Me Down,80,192120,False,0.73,0.703,0,-5.672,0,0.0369,0.109,0.0,0.0657,0.595,138.113,4,pop
6habFhsOp2NvshLv26DqMb,Luis Fonsi;Daddy Yankee,VIDA,Despacito,80,229360,False,0.655,0.797,2,-4.787,1,0.153,0.198,0.0,0.067,0.839,177.928,4,pop
57RA3JGafJm5zRtKJiKPIm,Wallows;Clairo,Nothing Happens,Are You Bored Yet? (feat. Clairo),80,178000,False,0.682,0.683,8,-6.444,0,0.0287,0.156,2.32e-05,0.273,0.64,120.023,4,indie
6FYfhKknpt05Om6YPcEYAg,girl in red,we fell in love in october / forget her,we fell in love in october,80,184153,False,0.566,0.366,7,-12.808,1,0.028,0.113,0.181,0.155,0.237,129.96,4,indie
5902W4uHWzhtOff1UK7the,Alesso;Katy Perry,When I’m Gone (with Katy Perry),When I’m Gone (with Katy Perry),80,161266,False,0.685,0.886,0,-4.179,1,0.034,0.028,0.0,0.481,0.615,125.034,4,edm
3L3G4XFQqtFe9a3azMacZ5,Suki Waterhouse,Good Looking,Good Looking,80,214800,False,0.377,0.558,4,-9.076,1,0.0299,0.0789,0.000342,0.125,0.267,149.971,3,indie
21H0pUV2uPIPcFnFhgTBjo,Kygo;Gryffin;Calum Scott,Woke Up in Love,Woke Up in Love,80,216873,False,0.643,0.585,2,-5.994,1,0.0369,0.225,0.0,0.0927,0.188,106.015,4,edm
5DqdesEfbRyOlSS3Tf6c29,Ali Gatie,YOU,It's You,80,212606,False,0.732,0.463,11,-6.972,0,0.0287,0.374,0.0,0.194,0.397,95.971,4,hip-hop
2V65y3PX4DkRhy1djlxd9p,Swedish House Mafia;John Martin,Don't You Worry Child,Don't You Worry Child - Radio Edit,80,212862,False,0.612,0.84,11,-3.145,0,0.0509,0.112,0.0,0.116,0.438,129.042,4,edm
6I2tqFhk8tq69iursYxuxd,SEVENTEEN,SEVENTEEN 4th Album 'Face the Sun',HOT,80,197586,False,0.765,0.777,5,-4.376,0,0.0399,0.0539,2.58e-06,0.338,0.64,111.944,4,k-pop
44AyOl4qVkzS48vBsbNXaC,Elvis Presley,Blue Hawaii,Can't Help Falling in Love,80,182360,False,0.396,0.293,2,-14.062,1,0.0275,0.941,0.000196,0.105,0.343,100.307,3,rock
20OFwXhEXf12DzwXmaV7fj,Creedence Clearwater Revival,Green River (Expanded Edition),Bad Moon Rising,80,141600,False,0.508,0.774,2,-5.973,1,0.0321,0.0586,4.87e-06,0.063,0.942,178.946,4,country
0nLiqZ6A27jJri2VCalIUs,Metallica,Metallica,Nothing Else Matters,80,388266,False,0.553,0.362,4,-11.218,0,0.0263,0.0458,6.01e-06,0.075,0.158,142.352,3,metal
0v1XpBHnsbkCn7iJ9Ucr1l,Bon Jovi,Crush,It's My Life,80,224493,False,0.551,0.913,0,-4.063,0,0.0466,0.0263,1.35e-05,0.347,0.544,119.992,4,metal
3zksbXteOCeSusJ5Xltr3t,Clairo,Bubble Gum,Bubble Gum,80,175960,False,0.509,0.0167,9,-24.639,1,0.115,0.979,2.72e-05,0.387,0.229,207.97,3,indie
27OeeYzk6klgBh83TSvGMA,The Kid LAROI,F*CK LOVE (SAVAGE),WITHOUT YOU,80,161384,True,0.662,0.413,0,-7.357,1,0.0299,0.213,0.0,0.134,0.467,93.005,4,hip-hop
6jRq8gaZhMUyy5RclRPcAf,blackbear,everything means nothing,hot girl bummer,80,188343,True,0.782,0.559,6,-7.106,0,0.0767,0.125,0.0,0.385,0.685,129.992,1,pop
55n9yjI6qqXh5F2mYvUc2y,ZAYN;Taylor Swift,reputation Stadium Tour Surprise Song Playlist,I Don’t Wanna Live Forever (Fifty Shades Darker),80,247160,False,0.731,0.445,0,-8.418,1,0.0533,0.0586,1.96e-05,0.14,0.106,117.97,4,pop
1rfofaqEpACxVEHIZBJe6W,Camila Cabello;Young Thug,Camila,Havana (feat. Young Thug),80,217306,False,0.765,0.523,2,-4.333,1,0.03,0.184,3.56e-05,0.132,0.394,104.988,4,pop
09IStsImFySgyp0pIQdqAc,Zedd;Maren Morris;Grey,The Middle,The Middle,80,184732,False,0.753,0.657,7,-3.061,1,0.0449,0.171,0.0,0.112,0.437,107.01,4,edm
2USlegnFJLrVLpoVfPimKB,Gabry Ponte;LUM!X;Prezioso,Thunder,Thunder,80,160000,False,0.67,0.896,1,-4.673,1,0.058,0.0342,3.21e-05,0.344,0.403,101.216,3,edm
63irPUP3xB74fHdw1Aw9zR,Stray Kids,ODDINARY,MANIAC,80,182757,False,0.581,0.8,1,-2.613,1,0.411,0.154,0.0,0.0697,0.709,119.872,5,k-pop
0gmbgwZ8iqyMPmXefof8Yf,Nickelback,Silver Side Up,How You Remind Me,80,223840,False,0.446,0.764,10,-5.042,1,0.033,0.00135,0.0,0.099,0.543,172.094,4,metal
5UlnuulVAVmmesw4VzqHdG,Imagine Dragons;Arcane;League of Legends,Enemy (from the series Arcane League of Legends),Enemy - From the series Arcane League of Legends,80,173381,False,0.722,0.745,7,-4.164,1,0.256,0.247,0.0,0.419,0.52,77.029,4,rock
7wMq5n8mYSKlQIGECKUgTX,The Script;will.i.am,#3 Deluxe Version,Hall of Fame (feat. will.i.am),80,202533,False,0.421,0.873,10,-4.343,1,0.0564,0.0654,0.0,0.123,0.629,84.786,4,rock
6N22FZs2ZhPBYi3b9XPajV,Labrinth,Euphoria (Original Score from the HBO Series),Still Don't Know My Name,80,153294,False,0.316,0.63,5,-5.963,1,0.117,0.471,0.262,0.205,0.313,89.643,1,indie
2BEcap3xJtmiPaHKyfQi4e,Rvssian;Rauw Alejandro;Chris Brown,Nostálgico,Nostálgico,80,209883,True,0.734,0.846,9,-3.425,0,0.0489,0.166,1.74e-06,0.235,0.604,98.026,4,reggae
751srcHf5tUqcEa9pRCQwP,Cafuné,Running,Tek It,80,191823,False,0.423,0.913,8,-5.354,1,0.0655,6.53e-05,0.0,0.269,0.596,146.995,4,indie
1I2MEjnS9c4OPMnKWbIuYs,BLACKPINK,BORN PINK,Hard to Love,80,162569,True,0.647,0.723,5,-6.214,1,0.0491,0.00503,0.0,0.176,0.443,105.001,4,k-pop
3XYRV7ZSHqIRDG87DKTtry,BTS,Permission to Dance,Permission to Dance,80,187585,False,0.702,0.741,9,-5.33,1,0.0427,0.00544,0.0,0.337,0.646,124.925,4,k-pop
5CQ30WqJwcep0pYcV4AMNc,Led Zeppelin,Led Zeppelin IV (Deluxe Edition),Stairway to Heaven - Remaster,79,482830,False,0.338,0.34,9,-12.049,0,0.0339,0.58,0.0032,0.116,0.197,82.433,4,rock
3zHq9ouUJQFQRf3cm1rRLu,Ellie Goulding,Delirium (Deluxe),"Love Me Like You Do - From ""Fifty Shades Of Grey""",79,252534,False,0.262,0.606,8,-6.646,1,0.0484,0.247,0.0,0.125,0.275,189.857,4,indie
2IVsRhKrx8hlQBOWy4qebo,Ricky Montgomery,Montgomery Ricky,Mr Loverman,79,216880,False,0.639,0.526,0,-6.697,1,0.0256,0.245,2.43e-05,0.25,0.488,130.033,3,indie
6vFsBXYczYsP0H3lgunZOm,Beach Bunny,Honeymoon,Cloud 9,79,147350,False,0.637,0.929,4,-3.593,1,0.0491,0.00167,2.62e-05,0.344,0.902,80.974,4,indie
3i7qScF9Oyp31O9bAutJez,A.R. Rahman;Madhushree,Vendhu Thanindhathu Kaadu (Original Motion Picture Soundtrack),Mallipoo,79,245365,False,0.715,0.654,2,-7.266,1,0.336,0.196,0.000117,0.0667,0.762,175.589,3,pop
01TyFEZu6mHbffsVfxgrFn,Men I Trust,Show Me How,Show Me How,79,215110,False,0.791,0.267,5,-11.997,1,0.0415,0.674,0.534,0.102,0.544,165.99,4,indie
1Nr46gjiP50uPsz30gYhAd,Santhosh Narayanan;Anirudh Ravichander,"Thenmozhi (From ""Thiruchitrambalam"")","Thenmozhi (From ""Thiruchitrambalam"")",79,173225,False,0.764,0.532,9,-5.979,0,0.0491,0.598,0.0,0.26,0.859,123.95,4,pop
0wHFktze2PHC5jDt3B17DC,Jack Harlow,Come Home The Kids Miss You,First Class,79,173947,True,0.902,0.582,5,-5.902,0,0.109,0.111,3.18e-06,0.111,0.332,107.005,4,k-pop
0eu4C55hL6x29mmeAjytzC,Oliver Tree,"Ugly is Beautiful: Shorter, Thicker & Uglier (Deluxe)",Life Goes On,79,161803,False,0.7,0.49,0,-5.187,1,0.076,0.186,0.0,0.117,0.569,79.982,4,hip-hop
67BtfxlNbhBmCDR2L2l8qd,Lil Nas X,MONTERO (Call Me By Your Name),MONTERO (Call Me By Your Name),79,137875,True,0.61,0.508,8,-6.682,0,0.152,0.297,0.0,0.384,0.758,178.818,4,hip-hop
3ovjw5HZZv43SxTwApooCM,Scorpions,Crazy World,Wind Of Change,79,312360,False,0.452,0.524,0,-10.108,1,0.0351,0.315,0.0,0.103,0.246,151.505,4,metal
08bNPGLD8AhKpnnERrAc6G,Marshmello;Anne-Marie,FRIENDS,FRIENDS,79,202620,True,0.626,0.88,9,-2.384,0,0.0504,0.205,0.0,0.128,0.534,95.079,4,edm
4JiEyzf0Md7KEFFGWDDdCr,Guns N' Roses,Use Your Illusion II,Knockin' On Heaven's Door,79,336000,False,0.496,0.739,6,-7.193,1,0.0415,0.0211,0.00444,0.106,0.378,132.41,4,metal
3YBZIN3rekqsKxbJc9FZko,Guns N' Roses,Appetite For Destruction,Paradise City,79,405640,True,0.273,0.952,11,-8.762,1,0.0843,0.0169,0.0111,0.142,0.472,100.271,4,metal
0Cy7wt6IlRfBPHXXjmZbcP,Ellie Goulding,Fifty Shades Freed (Original Motion Picture Soundtrack),Love Me Like You Do,79,253520,False,0.489,0.597,5,-6.633,0,0.0292,0.27,0.0,0.105,0.324,95.012,4,edm
7n2FZQsaLb7ZRfRPfEeIvr,IVE,ELEVEN,ELEVEN,79,178453,False,0.828,0.731,9,-3.033,1,0.111,0.0617,0.0,0.048,0.587,119.978,4,k-pop
7snQQk1zcKl8gZ92AnueZW,Guns N' Roses,Appetite For Destruction,Sweet Child O' Mine,79,356066,True,0.446,0.952,6,-5.321,1,0.0523,0.0901,0.0857,0.112,0.624,125.303,4,metal
23L5CiUhw2jV1OIMwthR3S,Martin Garrix;Bebe Rexha,In the Name of Love,In the Name of Love,79,195706,False,0.501,0.519,4,-5.88,0,0.0409,0.109,0.0,0.454,0.168,133.99,4,edm
6ft4hAq6yde8jPZY2i5zLr,MEDUZA;Dermot Kennedy,Paradise,Paradise (feat. Dermot Kennedy),79,167903,False,0.632,0.595,8,-7.644,0,0.0401,0.0689,0.0,0.209,0.435,124.114,4,edm
4UKCKdYiLN6IMA5ZESUTL7,XXXTENTACION,?,the remedy for a broken heart (why am I so in love),79,160184,True,0.699,0.304,1,-11.192,1,0.0993,0.779,0.000993,0.137,0.271,119.705,4,hip-hop
3e7sxremeOE3wTySiOhGiP,ZAYN;Sia,Icarus Falls,Dusk Till Dawn (feat. Sia) - Radio Edit,79,239000,False,0.259,0.437,11,-6.589,0,0.0386,0.102,1.32e-06,0.106,0.0951,180.042,4,pop
5k38wzpLb15YgncyWdTZE4,G-Eazy;Halsey,The Beautiful & Damned,Him & I (with Halsey),79,268866,True,0.589,0.731,2,-6.343,1,0.0868,0.0534,0.0,0.308,0.191,87.908,4,hip-hop
1oew3nFNY3vMacJAsvry0S,Rixton,Let The Road,Me And My Broken Heart,79,193733,False,0.545,0.783,5,-4.261,0,0.0345,0.00489,0.0,0.132,0.551,174.084,4,rock
2YpeDb67231RjR0MgVLzsG,Lil Nas X;Billy Ray Cyrus,7 EP,Old Town Road - Remix,79,157066,False,0.878,0.619,6,-5.56,1,0.102,0.0533,0.0,0.113,0.639,136.041,4,hip-hop
2tznHmp70DxMyr2XhWLOW0,Cage The Elephant,Melophobia,Cigarette Daydreams,79,208760,False,0.636,0.676,2,-3.442,1,0.0263,0.0807,0.0,0.0831,0.273,113.98,4,rock
7x8dCjCr0x6x2lXKujYD34,Foo Fighters,"Echoes, Silence, Patience & Grace",The Pretender,79,269373,False,0.433,0.959,9,-4.04,1,0.0431,0.000917,0.0,0.028,0.365,172.984,4,metal
6ZYxNjuAU9Vy3VtF6W1dtE,Shubh,We Rollin,We Rollin,79,199205,True,0.82,0.504,4,-9.113,0,0.141,0.261,7e-06,0.104,0.275,85.016,4,hip-hop
0Aqi7ArnBrGblW5T6p2jmD,Trevor Daniel,Nicotine,Falling,79,159381,False,0.785,0.431,10,-8.756,0,0.0364,0.123,0.0,0.0887,0.236,127.085,4,pop
1G391cbiT3v3Cywg8T7DM1,Red Hot Chili Peppers,Californication (Deluxe Edition),Scar Tissue,79,215906,False,0.595,0.717,0,-4.803,1,0.0295,0.0779,0.00274,0.108,0.547,88.969,4,metal
5FVbvttjEvQ8r2BgUcJgNg,BTS,BE,Life Goes On,79,207481,False,0.566,0.716,1,-5.733,1,0.0424,0.00691,0.0,0.37,0.45,81.068,4,k-pop
3Ofmpyhv5UAQ70mENzB277,Masked Wolf,Astronaut In The Ocean,Astronaut In The Ocean,79,132780,True,0.778,0.695,4,-6.865,0,0.0913,0.175,0.0,0.15,0.472,149.996,4,hip-hop
0E9ZjEAyAwOXZ7wJC0PD33,Dynoro;Gigi D'Agostino,In My Mind,In My Mind,79,184560,False,0.694,0.77,6,-5.335,1,0.149,0.176,1.1e-05,0.118,0.163,125.905,4,edm
5UqCQaDshqbIk3pkhy4Pjg,Avicii,Levels,Levels - Radio Edit,79,199906,False,0.584,0.889,1,-5.941,0,0.0343,0.0462,0.828,0.309,0.464,126.04,4,edm
4DpNNXFMMxQEKl7r0ykkWA,Melanie Martinez,Cry Baby (Deluxe Edition),Play Date,79,179867,True,0.68,0.729,5,-5.077,1,0.0475,0.612,0.0,0.224,0.446,123.97,4,pop
1v1oIWf2Xgh54kIWuKsDf6,AURORA,All My Demons Greeting Me As A Friend (Deluxe),Runaway,79,248826,False,0.422,0.302,11,-9.214,1,0.0372,0.629,7.83e-05,0.104,0.123,114.089,4,pop
2x8evxqUlF0eRabbW2JBJd,Arctic Monkeys,Favourite Worst Nightmare,Fluorescent Adolescent,79,183893,False,0.654,0.828,1,-5.377,0,0.0281,0.00146,0.000144,0.122,0.79,112.056,4,indie
1HvTxgCj0mTzQlEo0zLvFb,Lil Tjay,In My Head,In My Head,79,135264,True,0.684,0.545,1,-6.885,1,0.121,0.159,0.0,0.102,0.407,143.049,4,r-n-b
1v7L65Lzy0j0vdpRjJewt1,Eminem,Just Lose It,"Lose Yourself - From ""8 Mile"" Soundtrack",79,322226,True,0.686,0.735,2,-4.616,1,0.264,0.00921,0.00066,0.342,0.0596,171.355,4,hip-hop
1oen3GpTcA486fTHaT7neg,Girls' Generation,FOREVER 1 - The 7th Album,FOREVER 1,79,202533,False,0.615,0.871,9,-1.248,1,0.0516,0.0427,0.0,0.254,0.297,123.915,4,k-pop
4qbEaaJ29p32GI8EWQmm6R,mazie,the rainbow cassette,dumb dumb,79,125256,False,0.783,0.472,2,-8.392,1,0.0427,0.22,0.000458,0.0798,0.589,122.052,4,indie
116H0KvKr2Zl4RPuVBruDO,Bad Bunny;Drake,MIA (feat. Drake),MIA (feat. Drake),79,210367,False,0.817,0.539,6,-6.349,0,0.0621,0.0141,0.000496,0.099,0.158,97.062,4,reggae
5w9c2J52mkdntKOmRLeM2m,Daddy Yankee;Snow,Con Calma,Con Calma,79,193226,False,0.737,0.86,8,-2.652,0,0.0593,0.11,1.94e-06,0.0574,0.656,93.989,4,reggae
3sslYZcFKtUvIEWN9lADgr,Mitski,Bury Me At Makeout Creek,First Love / Late Spring,79,278640,False,0.445,0.543,0,-8.196,1,0.0272,0.000825,0.0137,0.202,0.102,99.963,4,indie
45ROR8UMn60YEVQnDy0uVF,Cavetown,Animal Kingdom,Juliet,79,278991,True,0.546,0.586,6,-8.488,1,0.0313,0.00346,0.00114,0.0562,0.364,131.778,4,indie
3nEHrvNNtgLv9rneTAYVr4,Swedish House Mafia;Connie Constance,Paradise Again,Heaven Takes You Home (feat. Connie Constance),79,214071,False,0.665,0.738,0,-5.931,0,0.0379,0.0124,0.00598,0.0923,0.0389,125.037,4,edm
4RAR8g8fZNB106ezUurnE0,Kygo;DNCE,Dancing Feet (feat. DNCE),Dancing Feet (feat. DNCE),79,215203,False,0.75,0.797,0,-4.826,1,0.118,0.293,0.0,0.392,0.523,105.949,4,edm
0GO8y8jQk1PkHzS31d699N,Grouplove,Never Trust a Happy Song,Tongue Tied,79,218013,False,0.56,0.936,3,-5.835,1,0.0439,0.00847,0.0,0.161,0.371,112.96,4,indie
6FZDfxM3a3UCqtzo5pxSLZ,Halsey,Manic,Without Me,79,201660,True,0.752,0.488,6,-7.05,1,0.0705,0.297,9.11e-06,0.0936,0.533,136.041,4,indie
4QtiVmuA88tPQiCOHZuQ5b,Sofía Reyes;Jason Derulo;De La Ghetto,"1, 2, 3 (feat. Jason Derulo & De La Ghetto)","1, 2, 3 (feat. Jason Derulo & De La Ghetto)",79,201526,False,0.792,0.895,1,-3.112,0,0.0589,0.165,0.0,0.0501,0.794,94.968,4,pop
3C0nOe05EIt1390bVABLyN,Jennifer Lopez;Pitbull,Love?,On The Floor,79,284866,False,0.73,0.777,3,-5.194,0,0.0496,0.105,0.000478,0.0691,0.575,130.0,4,pop
18uwL0vNUanqZH0ro2QcOP,Jeremy Zucker,"summer,",comethru,79,181613,False,0.795,0.178,0,-11.991,1,0.0574,0.607,0.0,0.623,0.608,93.982,4,pop
3DamFFqW32WihKkTVlwTYQ,Owl City,Ocean Eyes,Fireflies,79,228346,False,0.512,0.662,3,-6.797,1,0.0439,0.0275,0.0,0.118,0.472,180.114,4,indie
3XjN0mvFkQp1FMVM9Ro5hm,Daddy Yankee,LEGENDADDY,RUMBATÓN,79,248768,False,0.685,0.909,3,-4.034,0,0.0396,0.0471,0.0,0.35,0.922,95.004,4,reggae
5K6Ssv4Z3zRvxt0P6EKUAP,Galantis;David Guetta;Little Mix,Heartbreak Anthem (with David Guetta & Little Mix),Heartbreak Anthem (with David Guetta & Little Mix),79,183725,False,0.595,0.784,1,-4.878,1,0.102,0.216,0.0,0.0608,0.479,124.111,4,edm
5Hroj5K7vLpIG4FNCRIjbP,American Authors,"Oh, What A Life",Best Day Of My Life,79,194240,False,0.673,0.902,2,-2.392,1,0.0346,0.0591,0.000262,0.0558,0.538,100.012,4,indie
6IBcOGPsniK3Pso1wHIhew,Luke Combs,What You See Ain't Always What You Get (Deluxe Edition),Forever After All,79,232533,False,0.487,0.65,0,-5.195,1,0.0253,0.191,0.0,0.0933,0.456,151.964,4,country
1QEEqeFIZktqIpPI4jSVSF,Boston,Boston,More Than a Feeling,79,285133,False,0.377,0.681,7,-8.039,1,0.0298,0.00088,0.0023,0.0504,0.285,108.789,4,country
3WkibOpDF7cQ5xntM1epyf,Shaggy;Rik Rok,Hot Shot,It Wasn't Me,79,227600,False,0.853,0.606,0,-4.596,1,0.0713,0.0561,0.0,0.313,0.654,94.759,4,reggae
4pbJqGIASGPr0ZpGpnWkDn,Queen,News Of The World (2011 Remaster),We Will Rock You - Remastered 2011,79,122066,False,0.692,0.497,2,-7.316,1,0.119,0.676,0.0,0.259,0.475,81.308,4,rock
2RsAajgo0g7bMCHxwH3Sk0,Nirvana,Nevermind (Remastered),Come As You Are,79,218920,False,0.5,0.824,4,-5.846,0,0.0388,0.00016,0.00161,0.0916,0.539,120.125,4,rock
2fuCquhmrzHpu5xcA1ci9x,Queen;David Bowie,Hot Space (2011 Remaster),Under Pressure - Remastered 2011,79,248440,False,0.671,0.712,2,-7.815,1,0.0476,0.429,0.0,0.103,0.462,113.805,4,rock
5yDL13y5giogKs2fSNf7sj,The Wanted,Battleground (Deluxe Edition),Glad You Came,79,197935,False,0.722,0.851,7,-3.873,0,0.0639,0.0319,0.0,0.108,0.452,126.885,4,rock
1BncfTJAWxrsxyT9culBrj,Ludovico Einaudi;Daniel Hope;I Virtuosi Italiani,In A Time Lapse,Experience,79,315426,False,0.447,0.449,2,-10.634,1,0.0376,0.934,0.961,0.0697,0.036,92.468,4,classical
5ruzrDWcT0vuJIOMW7gMnW,The Strokes,The New Abnormal,The Adults Are Talking,79,309053,False,0.593,0.749,5,-5.67,1,0.0475,0.0113,0.106,0.314,0.649,164.959,4,rock
0uBdQzKghx88d2Lp8SLFKJ,The 1975,I'm In Love With You,I'm In Love With You,78,262623,True,0.668,0.902,2,-3.924,1,0.0386,0.169,8.74e-05,0.198,0.913,119.008,4,rock
4U45aEWtQhrm8A5mxPaFZ7,Billy Joel,The Stranger (Legacy Edition),Vienna,78,214240,False,0.532,0.495,10,-6.662,1,0.0343,0.659,0.0,0.0754,0.308,124.936,4,rock
2u0CelO5c81XS7z3dGpHbS,The Neighbourhood,Wiped Out!,The Beach,78,255133,False,0.245,0.64,2,-7.426,0,0.0608,0.131,8.11e-06,0.0766,0.105,135.739,4,rock
10Nmj3JCNoMeBQ87uw5j8k,Red Hot Chili Peppers,Stadium Arcadium,Dani California,78,282160,False,0.556,0.913,0,-2.36,1,0.0437,0.0193,8.59e-06,0.346,0.73,96.184,4,metal
5qqabIl2vWzo9ApSC317sa,Oasis,(What's The Story) Morning Glory? [Remastered],Wonderwall - Remastered,78,258773,False,0.378,0.896,2,-4.066,1,0.0407,0.000452,0.0,0.194,0.469,174.302,4,rock
5p7ujcrUXASCNwRaWNHR1C,Halsey,Without Me,Without Me,78,201660,True,0.752,0.488,6,-7.05,1,0.0705,0.297,9.11e-06,0.0936,0.533,136.041,4,indie
0oA9wBGDY4uyILLg4GymWP,AnnenMayKantereit;Giant Rooks,Tom's Diner,Tom's Diner,78,269333,False,0.68,0.428,6,-8.107,0,0.135,0.376,0.000344,0.355,0.334,98.222,4,indie
4laAKIq9ZxBCwf99rauPYb,Becky Hill;David Guetta,Remember,Remember,78,160766,False,0.612,0.862,8,-2.903,1,0.037,0.041,0.0,0.0907,0.354,123.849,4,edm
1qRA5BS78u3gME0loMl9AA,Buffalo Springfield,Buffalo Springfield,For What It's Worth,78,153693,False,0.653,0.519,2,-10.164,1,0.0497,0.406,0.0209,0.101,0.822,98.883,4,country
1BkY0N8ChFk2mdLbAUu8ZK,Musical Youth,Anthology,Pass The Dutchie,78,205426,False,0.805,0.418,7,-14.374,1,0.0979,0.459,0.0,0.288,0.966,149.724,4,reggae
3K4HG9evC7dg3N0R9cYqk4,Linkin Park,Hybrid Theory (Bonus Edition),One Step Closer,78,157333,False,0.492,0.969,9,-4.419,1,0.0491,0.0014,1.32e-06,0.0787,0.538,95.136,4,metal
3xdjjKMcMOFgo1eQrfbogM,Darius Rucker,True Believers,Wagon Wheel,78,298373,False,0.537,0.66,9,-7.174,1,0.0296,0.455,0.0,0.135,0.574,148.096,4,country
3YuaBvuZqcwN3CEAyyoaei,Audioslave,Audioslave,Like a Stone,78,293960,False,0.614,0.568,7,-5.477,0,0.0276,0.00797,0.0,0.0997,0.516,107.849,4,metal
45OX2jjEw1l7lOFJfDP9fv,LISA,LALISA,MONEY,78,168227,False,0.826,0.553,1,-10.121,0,0.234,0.163,4.12e-05,0.135,0.4,140.037,4,k-pop
5elW2CKSoqjYoJ32AGDxf1,ENHYPEN,DIMENSION : ANSWER,Polaroid Love,78,184601,False,0.738,0.67,7,-3.766,0,0.0439,0.458,0.0,0.361,0.651,138.055,4,k-pop
1rIKgCH4H52lrvDcz50hS8,Zara Larsson,So Good,Lush Life,78,201122,False,0.694,0.712,7,-3.923,0,0.046,0.132,0.0,0.211,0.799,98.023,4,edm
2N2yrmodOnVF10mKvItC9P,Guns N' Roses,Use Your Illusion I,Don't Cry (Original),78,283733,False,0.456,0.59,11,-8.638,1,0.0327,0.00182,0.00379,0.104,0.243,124.635,4,metal
1brnLTvarI9D1hLP6z2Ar8,Kane Brown;Katelyn Brown,Different Man,Thank God,78,174560,False,0.738,0.455,3,-8.735,1,0.0352,0.695,0.0,0.107,0.441,99.945,4,country
3MrRksHupTVEQ7YbA0FsZK,Europe,The Final Countdown (Expanded Edition),The Final Countdown,78,310333,False,0.529,0.843,6,-6.908,0,0.0616,0.0628,0.000827,0.0608,0.188,117.662,4,metal
75FYqcxt1YEAtqDLrOeIJn,Bob Marley & The Wailers,Exodus,Three Little Birds,78,180266,False,0.826,0.49,9,-10.477,1,0.0676,0.00916,4.41e-06,0.0415,0.627,74.126,4,reggae
27SdWb2rFzO6GWiYDBTD9j,Sia,This Is Acting,Cheap Thrills,78,211666,False,0.628,0.698,6,-5.608,0,0.105,0.0472,0.00143,0.0907,0.732,89.976,4,pop
3B4etxytImrRKQgV3XHjnR,Katy Perry,Smile,Harleys In Hawaii,78,185480,False,0.721,0.751,10,-6.203,0,0.125,0.162,6.59e-06,0.118,0.738,140.095,4,pop
5O4erNlJ74PIF6kGol1ZrC,Bob Marley & The Wailers,Uprising,Could You Be Loved,78,237000,False,0.916,0.72,0,-8.548,1,0.1,0.36,0.00016,0.0958,0.76,103.312,4,reggae
2WTHLEVjfefbGoW7F3dXIg,aespa,Girls - The 2nd Mini Album,Girls,78,240440,False,0.57,0.974,3,-0.173,0,0.325,0.115,0.000594,0.125,0.65,171.958,4,k-pop
0ZUo4YjG4saFnEJhdWp9Bt,Carrie Underwood,Some Hearts,Before He Cheats,78,199946,False,0.519,0.749,6,-3.318,0,0.0405,0.271,0.0,0.119,0.29,147.905,4,country
3DmW6y7wTEYHJZlLo1r6XJ,Becky G,Shower,Shower,78,206166,False,0.699,0.529,2,-7.548,1,0.0487,0.0317,3.59e-05,0.285,0.121,119.987,4,reggae
6sxptembJVty4sNtcPMAVz,Shania Twain,Come On Over,Man! I Feel Like A Woman!,78,234493,False,0.657,0.639,10,-7.527,1,0.0412,0.581,0.0,0.278,0.674,124.882,4,country
7k4t7uLgtOxPwTpFmtJNTY,KAROL G;Nicki Minaj,Tusa,Tusa,78,200960,False,0.803,0.715,2,-3.28,1,0.298,0.295,0.000134,0.0574,0.574,101.085,4,reggae
7x5xYW5W42OGPAdHUyyguy,R. City;Adam Levine,What Dreams Are Made Of,Locked Away (feat. Adam Levine),78,227480,False,0.509,0.671,1,-5.709,1,0.0678,0.304,0.0,0.0452,0.55,118.413,5,reggae
1dfsPqH09vnzUWEOsN98Ex,SEULGI,28 Reasons - The 1st Mini Album,28 Reasons,78,189413,False,0.766,0.651,5,-3.546,0,0.0952,0.211,2.51e-06,0.144,0.488,121.995,4,k-pop
5mdWIwsJAzR97ShGkt8gcR,ZICO;HOMIES,Street Man Fighter Original Vol.3 (Mission by Rank),New thing (Prod. ZICO) (Feat. Homies),78,147426,False,0.775,0.865,1,-2.015,1,0.307,0.0453,0.0,0.261,0.663,175.12,4,k-pop
2P5yIMu2DNeMXTyOANKS6k,Mitski,Be the Cowboy,Nobody,78,193429,False,0.398,0.717,0,-5.253,1,0.0398,0.07,0.0,0.085,0.487,117.296,4,indie
4OAPnWJ3J5w4c4IBLh2chn,Daddy Yankee;El Alfa;Lil Jon,LEGENDADDY,BOMBÓN,78,182413,True,0.843,0.789,7,-2.801,1,0.247,0.0028,2.41e-05,0.0322,0.571,125.071,4,reggae
21hB8x6QTEsTfIDENPcyXm,BLACKPINK,BORN PINK,The Happiest Girl,78,222025,False,0.439,0.352,0,-9.632,1,0.057,0.587,0.0,0.14,0.548,181.517,3,k-pop
0RLLvYBopDwooCyvnTwgYu,Lil Tjay,True 2 Myself,F.N,78,224000,True,0.567,0.515,6,-10.265,0,0.247,0.354,0.0,0.078,0.321,120.1,1,r-n-b
1wb4P4F0sxAQ2KXrRvsx6n,Shania Twain,Come On Over,You're Still The One,78,212200,False,0.585,0.494,3,-8.751,1,0.0353,0.363,0.0,0.0886,0.634,133.822,4,country
78lgmZwycJ3nzsdgmPPGNx,Led Zeppelin,Led Zeppelin III (Remaster),Immigrant Song - Remaster,78,146250,False,0.564,0.932,11,-10.068,1,0.0554,0.013,0.169,0.349,0.619,112.937,4,rock
7DcJ6fEBb7BaKuYKTwiDxK,Mild High Club,Skiptracing,Homage,78,177493,False,0.546,0.465,5,-8.167,1,0.0287,0.153,0.00259,0.321,0.415,73.369,4,indie
2wrJq5XKLnmhRXHIAf9xBa,Dan + Shay;Justin Bieber,"10,000 Hours (with Justin Bieber)","10,000 Hours (with Justin Bieber)",78,167693,False,0.654,0.63,10,-4.644,1,0.0259,0.153,0.0,0.111,0.43,89.991,4,country
1FWsomP9StpCcXNWmJk8Cl,Cigarettes After Sex,Cigarettes After Sex,K.,78,320030,False,0.454,0.4,3,-10.261,1,0.0265,0.139,0.846,0.137,0.327,93.719,4,indie
7N3PAbqfTjSEU1edb2tY8j,Van Halen,1984 (Remastered),Jump - 2015 Remaster,78,241599,False,0.572,0.835,0,-6.219,1,0.0317,0.171,0.000377,0.0702,0.795,129.981,4,metal
1kPpge9JDLpcj15qgrPbYX,Owl City;Carly Rae Jepsen,The Midsummer Station,Good Time,78,205933,False,0.56,0.872,3,-4.269,1,0.14,0.0239,6.98e-06,0.371,0.682,126.05,4,indie
0SpkyS1Q4MD8GaVcP5YjT4,Cigarettes After Sex,Cigarettes After Sex,Sunsetz,78,215150,False,0.405,0.479,5,-9.396,1,0.0301,0.0527,0.795,0.0974,0.131,75.37,4,indie
0y1QJc3SJVPKJ1OvFmFqe6,KALEO,A/B,Way down We Go,78,213706,False,0.489,0.505,10,-8.022,0,0.117,0.579,0.000333,0.104,0.337,163.255,4,indie
40YcuQysJ0KlGQTeGUosTC,G-Eazy;Bebe Rexha,When It's Dark Out,"Me, Myself & I",78,251466,True,0.756,0.674,0,-6.518,0,0.0959,0.0184,0.0,0.158,0.389,111.995,4,indie
3aauaXWRgwCMoykMbI0Jq1,Two Feet,A 20 Something Fuck,I Feel Like I'm Drowning,78,185520,False,0.717,0.577,8,-5.436,1,0.0491,0.708,0.00428,0.0899,0.235,104.927,3,indie
0kYMwaQWABTkFff8AZjmYI,Mother Mother,Inside (Deluxe),Hayloft II,78,215040,False,0.326,0.866,9,-4.541,0,0.101,0.0044,7.37e-06,0.0912,0.172,178.181,4,indie
1170VohRSx6GwE6QDCHPPH,The Backseat Lovers,When We Were Friends,Kilby Girl,78,282205,False,0.329,0.444,1,-9.973,1,0.0417,0.0578,0.0352,0.113,0.225,162.279,4,indie
6or1bKJiZ06IlK0vFvY75k,Eminem,The Marshall Mathers LP2 (Deluxe),Rap God,78,363521,True,0.708,0.843,7,-2.66,1,0.314,0.397,0.0,0.799,0.625,148.14,4,hip-hop
4JzCFEc3O2UEdjKzevvFH5,BTS,Proof,For Youth,78,264480,False,0.633,0.511,2,-5.665,1,0.0368,0.434,0.0,0.248,0.29,116.855,3,k-pop
1HsSIPLTQT354yJcQGfEY3,TOMORROW X TOGETHER,minisode 2: Thursday's Child,Good Boy Gone Bad,78,191038,False,0.475,0.695,1,-5.919,1,0.102,0.0159,0.0,0.125,0.552,100.009,4,k-pop
6Pgkp4qUoTmJIPn7ReaGxL,Avicii;Sandro Cavazza,AVĪCI (01),Without You (feat. Sandro Cavazza),78,181672,True,0.662,0.858,2,-4.844,1,0.0428,0.00163,0.0,0.0456,0.295,133.993,4,edm
4pTkDIlpFNoeWbahu8pVXW,Izzamuzzic;Julien Marchal,Shootout,Shootout,78,295308,False,0.663,0.578,2,-9.079,1,0.0687,0.312,0.906,0.109,0.553,86.986,4,k-pop
308Ir17KlNdlrbVLHWhlLe,TWICE,Formula of Love: O+T=<3,The Feels,78,198053,False,0.808,0.903,9,-2.179,1,0.0729,0.0899,0.0,0.0816,0.922,120.044,4,k-pop
5YMXGBD6vcYP7IolemyLtK,BTS,Love Yourself 結 'Answer',Euphoria,78,228615,False,0.637,0.799,2,-4.518,1,0.0338,0.394,0.0,0.0921,0.57,104.996,4,k-pop
3V8UKqhEK5zBkBb6d6ub8i,Nio Garcia;Casper Magico;Bad Bunny;Darell;Ozuna;Nicky Jam,Te Boté (Remix),Te Boté - Remix,78,417920,True,0.903,0.675,11,-3.445,0,0.214,0.542,1.28e-05,0.0595,0.442,96.507,4,reggae
7ACxUo21jtTHzy7ZEV56vU,Ozzy Osbourne,Blizzard Of Ozz (40th Anniversary Expanded Edition),Crazy Train,78,293183,False,0.454,0.913,9,-4.008,1,0.107,0.408,0.000271,0.248,0.521,137.688,4,metal
3ebXMykcMXOcLeJ9xZ17XH,Martin Garrix;Dua Lipa,Scared to Be Lonely,Scared to Be Lonely,78,220883,False,0.584,0.54,1,-7.786,0,0.0576,0.0895,0.0,0.261,0.195,137.972,4,edm
4IaxDf2FixiQXq0mW7key9,Jessi,ZOOM,ZOOM,78,174840,False,0.874,0.6,6,-6.064,1,0.158,0.00942,0.0,0.126,0.457,100.012,4,k-pop
2WoluqyWzsgRmFCeHeGlnm,ITZY,CHECKMATE,SNEAKERS,78,179453,False,0.935,0.849,7,-3.047,1,0.0779,0.0192,0.0,0.0223,0.551,119.986,4,k-pop
29zZmiBDLykYYTj7RN6VhV,Megan Moroney,Tennessee Orange,Tennessee Orange,78,223119,False,0.38,0.488,9,-6.637,1,0.029,0.126,7.23e-06,0.115,0.268,156.031,3,country
3QwiidVHfeE9y5jl4n2MTC,SEVENTEEN,SEVENTEEN 4th Album Repackage 'SECTOR 17',_WORLD,78,178453,False,0.709,0.809,2,-3.198,0,0.0541,0.312,0.0,0.0899,0.788,111.01,4,k-pop
4PwTeFfKqmR3XIeXXUBDOf,Sachet-Parampara;Sachet Tandon,"Maiyya Mainu (From ""Jersey"")","Maiyya Mainu (From ""Jersey"")",78,231575,False,0.63,0.739,0,-3.942,1,0.0248,0.194,0.0,0.113,0.224,109.985,4,pop
2rOnSn2piaqLAlYjtfUBlY,Tanishk Bagchi;Jubin Nautiyal;Asees Kaur,"Raataan Lambiyan (From ""Shershaah"")","Raataan Lambiyan (From ""Shershaah"")",78,230292,False,0.72,0.63,10,-5.549,1,0.0413,0.615,0.0,0.108,0.512,81.009,4,pop
7nzsY8vlnKdvGOEE0rjAXZ,Arctic Monkeys,AM,Arabella,78,207356,False,0.579,0.558,2,-6.986,1,0.0895,0.0202,1.26e-06,0.212,0.506,179.949,4,indie
1dg3qy5DjoJodawfOCgrTP,Lil Tjay;Offset;Moneybagg Yo,Destined 2 Win,Run It Up (feat. Offset & Moneybagg Yo),78,232048,True,0.88,0.575,6,-6.091,1,0.163,0.415,0.0,0.109,0.671,120.031,4,r-n-b
6Ho58vQUjGnBU9m8Z6uNcv,BLACKPINK,BORN PINK,Tally,78,184248,True,0.693,0.606,7,-5.997,1,0.0308,0.00817,0.0,0.0942,0.447,129.942,4,k-pop
1mWdTewIgB3gtBM3TOSFhB,BTS,"Butter (Hotter, Sweeter, Cooler)",Butter,78,164441,False,0.759,0.459,8,-5.187,1,0.0948,0.00323,0.0,0.0906,0.695,109.997,4,k-pop
3H7ihDc1dqLriiWXwsc2po,Topic;A7S,Breaking Me,Breaking Me,78,166793,False,0.789,0.72,8,-5.652,0,0.218,0.223,0.0,0.129,0.664,122.031,4,edm
2kS6td1yvmpNgZTt1q5pQq,Mother Mother,O My Heart,Hayloft,78,181680,False,0.527,0.922,9,-2.666,0,0.0728,0.00475,0.000162,0.422,0.49,95.975,4,indie
7CHi4DtfK4heMlQaudCuHK,MEDUZA;Becky Hill;Goodboys,Lose Control,Lose Control,78,168387,False,0.598,0.526,10,-8.659,0,0.0415,0.129,0.0,0.14,0.529,123.935,4,edm
5W7DOVGQLTigu09afW7QMT,Sidhu Moose Wala,Moosetape,295,78,270000,False,0.557,0.794,11,-5.698,0,0.2,0.179,0.0,0.106,0.432,91.366,4,hip-hop
4Yf5bqU3NK4kNOypcrLYwU,Linkin Park,Meteora,Faint,77,162600,False,0.554,0.978,4,-3.554,1,0.131,0.111,0.0,0.0731,0.594,135.095,4,metal
0EYOdF5FCkgOJJla8DI2Md,System Of A Down,Mezmerize,B.Y.O.B.,77,255466,True,0.538,0.981,1,-2.688,0,0.14,0.00662,0.0,0.219,0.711,101.414,4,metal
7iN1s7xHE4ifF5povM6A48,The Beatles,Let It Be (Remastered),Let It Be - Remastered 2009,77,243026,False,0.443,0.403,0,-8.339,1,0.0322,0.631,0.0,0.111,0.41,143.462,4,rock
34x6hEJgGAOQvmlMql5Ige,Kenny Loggins,"Yesterday, Today, Tomorrow - The Greatest Hits Of Kenny Loggins","Danger Zone - From ""Top Gun"" Original Soundtrack",77,215133,False,0.544,0.897,3,-6.056,0,0.0471,0.241,0.0,0.13,0.647,157.17,4,rock
2EoOZnxNgtmZaD8uUmz2nD,Soundgarden,Superunknown (Deluxe Edition),Black Hole Sun,77,318586,False,0.35,0.828,6,-5.373,1,0.041,0.000217,0.000161,0.0774,0.147,105.435,4,metal
5cZqsjVs6MevCnAkasbEOX,Limp Bizkit,Significant Other,Break Stuff,77,166706,True,0.432,0.884,8,-6.659,1,0.13,0.0127,0.000527,0.166,0.624,108.948,4,metal
1DFD5Fotzgn6yYXkYsKiGs,MEDUZA;Goodboys,Piece Of Your Heart,Piece Of Your Heart,77,152913,False,0.677,0.744,10,-6.806,0,0.0295,0.0404,0.00016,0.074,0.631,124.08,4,edm
2nGFzvICaeEWjIrBrL2RAx,Corinne Bailey Rae,Corinne Bailey Rae,Put Your Records On,77,215360,False,0.739,0.511,9,-7.844,1,0.0362,0.167,1.34e-06,0.133,0.542,96.038,4,r-n-b
51c94ac31swyDQj9B3Lzs3,Deftones,White Pony,Change (In the House of Flies),77,299533,False,0.269,0.853,7,-4.647,0,0.0854,0.000249,0.000246,0.118,0.179,141.581,4,metal
2KH16WveTQWT6KOG9Rg6e2,Survivor,Rocky IV,Eye of the Tiger,77,245640,False,0.817,0.599,0,-9.249,0,0.0328,0.132,0.000311,0.0873,0.548,108.873,4,rock
2kOH2QZB7F7I1iVXqwKuBF,Dhanush;Anirudh Ravichander,"Mayakkama Kalakkama (From ""Thiruchitrambalam"")","Mayakkama Kalakkama (From ""Thiruchitrambalam"")",77,142258,False,0.789,0.536,9,-5.422,0,0.0424,0.604,2.09e-06,0.088,0.877,124.029,4,k-pop
4w3tQBXhn5345eUXDGBWZG,Dolly Parton,9 To 5 And Odd Jobs,9 to 5,77,162466,False,0.554,0.783,6,-5.852,1,0.0457,0.416,1.54e-06,0.631,0.813,105.39,4,country
6MdqqkQ8sSC0WB4i8PyRuQ,Blackstreet;Dr. Dre;Queen Pen,Another Level,No Diggity,77,304600,False,0.867,0.646,1,-4.674,0,0.288,0.303,0.0,0.279,0.67,88.634,4,r-n-b
5iFwAOB2TFkPJk8sMlxP8g,PUBLIC,Make You Mine,Make You Mine,77,232906,False,0.606,0.799,9,-4.452,1,0.0261,0.0128,0.0,0.15,0.638,103.014,4,indie
4lhqb6JvbHId48OUJGwymk,Avicii,True,Hey Brother,77,255093,False,0.545,0.78,7,-4.867,0,0.0436,0.0309,4.64e-05,0.0828,0.458,125.014,4,edm
127uq83uGFapbddqiMUKky,David Guetta;Akon,One More Love,Sexy Bitch (feat. Akon),77,195853,True,0.813,0.627,11,-5.018,0,0.0486,0.0771,0.000616,0.131,0.801,130.011,4,edm
5xYC48nOppVemY6U5GRGTb,David Guetta;Kid Cudi,One More Love,Memories (feat. Kid Cudi),77,210853,False,0.546,0.916,8,-3.932,1,0.255,0.00144,4.34e-06,0.251,0.375,129.983,4,edm
6wqJeItl3Vc3az4ZicSQAB,Slipknot,Vol. 3: The Subliminal Verses,Before I Forget,77,278600,False,0.291,0.974,6,-2.997,0,0.171,0.0177,5.44e-06,0.886,0.348,134.724,4,metal
0UV5zxRMz6AO4ZwUOZNIKI,Dr. Dog,"Shame, Shame (Deluxe Edition)",Where'd All the Time Go?,77,234800,False,0.454,0.82,2,-4.193,1,0.0567,0.132,0.000969,0.115,0.575,166.303,4,indie
6PRy17C5LiiN7VCLS6IA98,ENHYPEN,MANIFESTO : DAY 1,Future Perfect (Pass the MIC),77,180750,False,0.658,0.9,9,-3.479,0,0.264,0.0364,0.0,0.0771,0.526,156.096,4,k-pop
5EWPGh7jbTNO2wakv8LjUI,Lynyrd Skynyrd,Pronounced' Leh-'Nerd 'Skin-'Nerd,Free Bird,77,547106,False,0.249,0.834,0,-8.21,1,0.0577,0.0738,9.48e-05,0.0924,0.338,118.223,4,country
6VrLYoQKdhu1Jruei06t65,The Vamps,Meet The Vamps,Somebody To You,77,185097,False,0.526,0.818,3,-5.952,1,0.0358,0.0587,0.0,0.333,0.896,171.96,4,pop
0F7FA14euOIX8KcbEturGH,Lil Nas X,7 EP,Old Town Road,77,113000,False,0.907,0.53,1,-6.112,1,0.127,0.0578,2.23e-06,0.101,0.507,135.998,4,hip-hop
58UKC45GPNTflCN6nwCUeF,Walker Hayes,Country Stuff The Album,Fancy Like,77,161853,False,0.647,0.765,1,-6.459,1,0.06,0.111,0.0,0.315,0.855,79.994,4,country
3Z8FwOEN59mRMxDCtb8N0A,Marshmello;Halsey,Be Kind (with Halsey),Be Kind (with Halsey),77,172761,False,0.63,0.633,4,-7.088,1,0.0457,0.00776,0.0,0.0541,0.452,93.995,4,edm
4XKXphKH76W4zNpkgFS5o2,j-hope,MORE,MORE,77,180022,False,0.783,0.722,2,-4.864,1,0.0357,0.00537,0.00209,0.105,0.306,97.031,4,k-pop
6IPNp9PfaEqrzotY47TIWy,DJ Snake;Ozuna;Megan Thee Stallion;LISA,"SG (with Ozuna, Megan Thee Stallion & LISA of BLACKPINK)","SG (with Ozuna, Megan Thee Stallion & LISA of BLACKPINK)",77,225600,True,0.8,0.837,6,-2.807,0,0.0491,0.00406,0.00313,0.0904,0.702,100.015,4,edm
3eR23VReFzcdmS7TYCrhCe,Kygo;Selena Gomez,It Ain't Me (with Selena Gomez),It Ain't Me (with Selena Gomez),77,220780,False,0.64,0.533,0,-6.596,1,0.0706,0.119,0.0,0.0864,0.515,99.968,4,edm
1almCHdsfikRPfVB9VrEdT,Alex & Sierra,It's About Us,Little Do You Know,77,185200,False,0.5,0.292,0,-8.554,1,0.0323,0.746,0.0,0.188,0.37,145.879,4,pop
0yowbJnnbTLpr99f9l1uba,Arctic Monkeys,There’d Better Be A Mirrorball,There’d Better Be A Mirrorball,77,265798,False,0.513,0.369,3,-10.899,1,0.0307,0.634,0.0139,0.186,0.311,72.062,4,indie
11jRCxY01k9jvCdUru0EeP,Arctic Monkeys,Body Paint,Body Paint,77,290584,False,0.56,0.313,7,-11.653,0,0.0627,0.567,0.0,0.0767,0.254,144.745,4,indie
0UzymivvUH5s8z4PeWZJaK,ENHYPEN,BORDER : CARNIVAL,FEVER,77,172106,False,0.6,0.713,6,-5.079,0,0.0592,0.0642,0.0,0.142,0.471,72.999,4,k-pop
1uJ2czshFLqimctgvsxfv2,A.R. Rahman;A. R. Reihana;Bamba Bakya,"Ponni Nadhi (From ""Ponniyin Selvan Part -1"") [Original Motion Picture Soundtrack]","Ponni Nadhi (From ""Ponniyin Selvan Part -1"") - Tamil",77,290526,False,0.687,0.637,10,-9.55,0,0.13,0.12,0.0,0.291,0.56,152.0,4,pop
1zsPaEkglFvxjAhrM8yhpr,Ozuna;Feid,OzuTochi,Hey Mor,77,196600,False,0.901,0.589,1,-6.713,0,0.289,0.00302,0.000237,0.0992,0.399,98.002,4,reggae
2eTkxblLeqdTSsb2ivafDX,Ankit Tiwari;Manoj Muntashir,"Galliyan Returns (From ""Ek Villain Returns"")","Galliyan Returns (From ""Ek Villain Returns"")",77,350011,False,0.43,0.612,10,-5.534,0,0.0392,0.432,2.29e-06,0.0955,0.241,85.959,4,pop
2UREu1Y8CO4jXkbvqAtP7g,Skillet,Awake,Monster,77,178013,False,0.64,0.957,8,-2.336,1,0.0741,0.0431,0.0,0.0789,0.692,134.992,4,metal
72zHuDxFQTjbL51qJQSA7j,Jasleen Royal;B Praak;Romy;Anvita Dutt,"Ranjha (From ""Shershaah"")","Ranjha (From ""Shershaah"")",77,228855,False,0.603,0.573,1,-5.843,1,0.0502,0.478,0.0,0.0971,0.236,82.941,4,pop
5urYiIXu1ZhfMAOsp7WDTc,Yasser Desai;Neha Kakkar;Rajat Nagpal,"Dil Ko Karaar Aaya (From ""Sukoon"")","Dil Ko Karaar Aaya (From ""Sukoon"")",77,231486,False,0.55,0.448,11,-9.117,1,0.0366,0.777,0.000459,0.111,0.388,147.986,4,pop
05ib88vsMeLfwlAfrZyz99,Stray Kids,MAXIDENT,"TASTE (Lee Know, Hyunjin, Felix)",77,216120,False,0.626,0.623,6,-5.718,0,0.0653,0.0559,0.0,0.199,0.123,140.209,4,k-pop
70YvYr2hGlS01bKRIho1HM,ZZ Top,Tres Hombres (Expanded 2006 Remaster),La Grange - 2005 Remaster,77,230480,False,0.545,0.64,4,-9.937,0,0.224,0.00249,0.0304,0.196,0.606,80.544,4,country
1ko2lVN0vKGUl9zrU0qSlT,"Grover Washington, Jr.;Bill Withers",Anthology,Just the Two of Us (feat. Bill Withers),77,438493,False,0.749,0.497,10,-12.609,0,0.105,0.41,0.0499,0.0504,0.585,95.818,4,jazz
1ixbwbeBi5ufN4noUKmW5a,M.I.A.,Kala,Paper Planes,77,205200,False,0.447,0.848,2,-6.175,1,0.222,0.033,7.46e-05,0.65,0.485,172.253,4,indie
0b11D9D0hMOYCIMN3OKreM,Witt Lowry;Ava Max,Into Your Arms (feat. Ava Max),Into Your Arms (feat. Ava Max),77,186022,True,0.504,0.788,3,-4.113,0,0.215,0.0134,0.0,0.363,0.228,170.039,4,pop
4fsQ0K37TOXa3hEQfjEic1,LE SSERAFIM,ANTIFRAGILE,ANTIFRAGILE,77,184444,False,0.882,0.797,10,-3.299,0,0.0819,0.0821,0.0,0.113,0.824,105.025,4,k-pop
6wBpO4Xc4YgShnENGSFA1M,LE SSERAFIM,FEARLESS,Sour Grapes,77,196540,False,0.779,0.801,6,-5.564,0,0.0457,0.395,0.0,0.108,0.72,139.998,4,k-pop
5xo8RrjJ9CVNrtRg2S3B1R,Phoebe Bridgers,Stranger in the Alps,Motion Sickness,77,229760,False,0.651,0.546,1,-9.021,1,0.0357,0.774,0.0437,0.0842,0.623,107.021,4,indie
4P0r0yO7HNPvOra7BHGixH,VTORNIK;Phonk,Money Rain (Phonk Remix),Money Rain - Phonk Remix,77,150941,True,0.936,0.791,6,-3.605,1,0.235,0.355,0.00628,0.168,0.746,102.02,4,hip-hop
4yugZvBYaoREkJKtbG08Qr,Eagles,Eagles (2013 Remaster),Take It Easy - 2013 Remaster,77,211577,False,0.575,0.67,7,-10.39,1,0.0318,0.343,4.95e-06,0.129,0.74,139.191,4,country
1yoMvmasuxZfqHEipJhRbp,Maluma,PAPI JUANCHO,Hawái,77,199112,False,0.783,0.727,6,-3.454,0,0.389,0.185,2.46e-05,0.0626,0.558,180.067,4,reggae
4gvea7UlDkAvsJBPZAd4oB,Don Henley,Building The Perfect Beast,The Boys Of Summer,77,288733,False,0.516,0.549,6,-13.741,1,0.0373,0.501,0.00572,0.184,0.907,176.941,4,country
4TZ2Ub8bZh4LTs06eANDXa,Ellie Goulding;Speed Radio,Lights (Sped Up Version),Lights - Sped Up Version,77,190053,False,0.653,0.836,10,-5.626,0,0.0457,0.0452,0.299,0.1,0.804,133.182,4,edm
5WHTFyqSii0lmT9R21abT8,Mabel,Ivy To Roses (Mixtape),Don't Call Me Up,77,178480,False,0.674,0.881,9,-2.853,1,0.147,0.296,3.01e-06,0.0793,0.234,98.994,4,edm
3EMp20j5E42MxfFbsEsIvD,Jack Harlow;Drake,Come Home The Kids Miss You,Churchill Downs (feat. Drake),77,309327,True,0.71,0.522,11,-9.102,1,0.36,0.615,0.0,0.11,0.37,96.448,4,k-pop
3UhmuWcFaLS3AO3kI9ynQ2,AP Dhillon;Shinda Kahlon;Gurinder Gill;Gminxr,Insane,Insane,77,206060,False,0.796,0.572,8,-7.03,0,0.0545,0.416,2.55e-05,0.0975,0.304,98.967,4,hip-hop
1I8tHoNBFTuoJAlh4hfVVE,Kygo;Conrad Sewell,Cloud Nine,Firestone,77,271640,False,0.704,0.634,11,-7.374,0,0.0428,0.393,3.17e-05,0.0952,0.411,113.927,4,edm
5OQsiBsky2k2kDKy2bX2eT,Foo Fighters,There Is Nothing Left To Lose,Learn to Fly,77,235293,False,0.465,0.919,4,-4.025,1,0.0408,1.83e-05,2.07e-05,0.262,0.537,135.997,4,metal
4e9eGQYsOiBcftrWXwsVco,System Of A Down,Toxicity,Aerials,77,235053,False,0.364,0.922,0,-4.217,0,0.0567,0.000915,0.0346,0.0697,0.227,79.342,4,metal
6TBJkXHPhu3EsMk1bshwuI,LeeHi,4 ONLY,ONLY,77,240906,False,0.536,0.296,5,-7.451,1,0.0346,0.892,0.0,0.0873,0.151,122.907,3,k-pop
1D4PL9B8gOg78jiHg3FvBb,Taylor Swift,Fearless (Big Machine Radio Release Special),Love Story,77,236266,False,0.617,0.741,2,-3.97,1,0.0311,0.131,0.0,0.0772,0.306,118.984,4,pop
3z06k8YF9CqX0CGFrlekOK,vaultboy,everything sucks,everything sucks,77,115401,True,0.76,0.371,6,-8.964,1,0.0531,0.00772,0.0,0.0785,0.653,138.023,4,pop
4ZxOuNHhpyOj4gv52MtQpT,BLACKPINK,As If It's Your Last,As If It's Your Last,77,213264,False,0.786,0.852,8,-2.687,1,0.0813,0.0687,0.0,0.0759,0.455,125.036,4,k-pop
3ABi5sVjvEp08IQEKh8BmG,BLACKPINK,BORN PINK,Yeah Yeah Yeah,77,178923,False,0.732,0.555,1,-7.902,0,0.034,0.00522,4.65e-06,0.0586,0.65,124.011,4,k-pop
71mHO4fFmS2Xu5XxZbcRND,Chris Brown,Under The Influence,Under The Influence (Body Language),77,148750,True,0.62,0.62,1,-6.322,0,0.0375,0.0388,0.000213,0.129,0.459,144.835,4,pop
3TcL0dyCMyr0kyTTc4NLgI,Selena Gomez & The Scene,When The Sun Goes Down,Who Says,77,195613,False,0.682,0.927,4,-2.915,1,0.0479,0.0843,0.0,0.149,0.744,101.019,4,pop
7B4uYqxTpTOS1sgxFB9Ann,Sidhu Moose Wala,The Last Ride,The Last Ride,77,262247,False,0.792,0.647,10,-5.447,0,0.334,0.0299,0.0,0.119,0.638,89.029,4,hip-hop
13MF2TYuyfITClL1R2ei6e,BLACKPINK,SQUARE ONE,BOOMBAYAH,77,240793,False,0.661,0.836,5,-3.164,0,0.059,0.00268,0.0,0.497,0.396,124.952,4,k-pop
13P5rwmk2EsoFRIz9UCeh9,Echosmith,Talking Dreams (Deluxe Edition),Cool Kids,77,237626,False,0.719,0.671,8,-6.279,1,0.0336,0.0372,8.21e-06,0.12,0.786,130.027,4,indie
4NZrZgrRoR4GwR7flWOXRI,Two Feet,First Steps,Go Fuck Yourself,77,129599,True,0.765,0.327,6,-8.029,1,0.277,0.571,0.0479,0.0787,0.292,74.931,4,indie
5ln5yQdUywVbf8HhFsOcd6,Halsey,hopeless fountain kingdom (Deluxe),Walls Could Talk,77,101789,True,0.626,0.423,1,-6.035,1,0.0513,0.128,0.0,0.18,0.571,95.162,4,indie
7brQHA2CgQpcMBiOlfiXYb,The Neighbourhood,I Love You.,Afraid,77,251186,True,0.464,0.701,6,-5.693,0,0.0411,0.00892,0.309,0.335,0.356,83.996,4,rock
7Ewz6bJ97vUqk5HdkvguFQ,Bryan Adams,Reckless (30th Anniversary / Deluxe Edition),Heaven,77,243360,False,0.382,0.589,9,-7.315,0,0.0267,0.0465,0.0,0.122,0.335,140.059,4,rock
7pKfPomDEeI4TPT6EOYjn9,John Lennon,Imagine,Imagine - Remastered 2010,77,187866,False,0.547,0.257,0,-12.358,1,0.0252,0.907,0.183,0.0935,0.169,75.752,4,rock
213x4gsFDm04hSqIUkg88w,Imagine Dragons,Night Visions,On Top Of The World,77,192280,False,0.631,0.924,0,-5.589,1,0.146,0.0841,3.59e-06,0.084,0.755,100.045,4,rock
6mFkJmJqdDVQ1REhVfGgd1,Pink Floyd,Wish You Were Here,Wish You Were Here,77,334743,False,0.481,0.262,7,-15.73,1,0.0414,0.735,0.0114,0.832,0.375,122.861,4,rock
37f4ITSlgPX81ad2EvmVQr,Rachel Platten,Wildfire,Fight Song,77,204013,False,0.564,0.714,7,-4.987,1,0.129,0.0549,0.0,0.155,0.33,175.924,4,rock
2f0pn9DkEJwAzXApnFh5cr,BANNERS,Where The Shadow Ends,Someone To You,77,219801,False,0.52,0.903,2,-5.497,1,0.042,0.00517,0.0,0.254,0.652,74.988,4,indie
6kxaaIeowajN7w21PfMLbu,Halsey,So Good,So Good,77,176058,False,0.576,0.627,3,-4.649,0,0.0449,0.0385,0.0,0.181,0.311,164.998,4,indie
4UDmDIqJIbrW0hMBQMFOsM,Bee Gees,Staying Alive (Original Motion Picture Soundtrack),Stayin' Alive,77,92866,False,0.707,0.535,10,-19.793,0,0.0436,0.113,0.00615,0.0884,0.641,103.644,4,rock
1sx0XsWUusUoPstbvokZjP,Tai Verdes,TV,A-O-K,77,173640,True,0.731,0.626,11,-6.919,1,0.0805,0.125,0.0,0.183,0.862,82.488,4,indie
6AGOKlMZWLCaEJGnaROtF9,Ritt Momney,Put Your Records On,Put Your Records On,77,210463,False,0.399,0.491,6,-10.778,0,0.0538,0.0563,0.00089,0.11,0.151,91.066,4,indie
14dJexYlvd3t3XAtD1pYW1,The 1975,Being Funny In A Foreign Language,Oh Caroline,77,212568,False,0.646,0.85,2,-5.466,1,0.0428,0.363,4.01e-05,0.0994,0.819,96.538,4,rock
2bPGTMB5sFfFYQ2YvSmup0,Rammstein,Rammstein,Deutschland,77,322339,False,0.521,0.895,7,-5.242,1,0.0442,5.54e-05,0.349,0.0985,0.237,120.117,4,metal
2IWtloZYQDcP8Ashwx8QEF,Phantogram,Voices,Black Out Days,77,227160,False,0.542,0.795,4,-3.63,0,0.0368,0.00506,0.019,0.0851,0.431,92.234,4,indie
5rgy6ghBq1eRApCkeUdJXf,fun.;Janelle Monáe,Some Nights,We Are Young (feat. Janelle Monáe),77,250626,False,0.378,0.638,10,-5.576,1,0.075,0.02,7.66e-05,0.0849,0.735,184.086,4,rock
65gLJGey4u4KFFqoC5fzFJ,Kodaline,Politics of Living,Brother,77,203186,False,0.519,0.625,10,-5.909,1,0.0482,0.349,0.0,0.121,0.21,120.103,4,rock
4qtdkdTY1t3RmlmSbWykzR,Sigala;Talia Mar,Stay the Night,Stay the Night,77,171954,False,0.636,0.936,7,-2.65,0,0.0729,0.177,0.0,0.0879,0.415,124.034,4,edm
5YdnOm5990Kfq1Jodws98B,Felix Jaehn;Ray Dalton,Call It Love,Call It Love,77,154560,False,0.616,0.841,5,-4.779,0,0.076,0.0559,0.00217,0.417,0.714,110.029,4,edm
2aoo2jlRnM3A0NyLQqMN2f,Jimi Hendrix,Electric Ladyland,All Along the Watchtower,77,240800,False,0.438,0.805,8,-6.237,1,0.0624,0.00255,5.69e-05,0.0842,0.564,113.253,4,metal
6fNhZRFEkBfgW39W3wKARJ,Bastille,Bad Blood,Pompeii,76,214147,False,0.679,0.715,9,-6.383,1,0.0407,0.0755,0.0,0.271,0.571,127.435,4,rock
23OXdR7YuUBVWh5hSnYJau,Twenty One Pilots,Trench,Chlorine,76,324466,False,0.609,0.674,10,-7.388,0,0.0548,0.0735,0.06,0.345,0.315,90.009,4,rock
5tf1VVWniHgryyumXyJM7w,Robin Schulz;Francesco Yates,Sugar,Sugar (feat. Francesco Yates),76,219043,False,0.636,0.815,5,-5.098,0,0.0581,0.0185,0.0,0.163,0.636,123.063,4,edm
3IV4swNduIRunHREK80owz,Limp Bizkit,Chocolate Starfish And The Hot Dog Flavored Water,Rollin' (Air Raid Vehicle),76,213760,True,0.603,0.933,1,-3.358,1,0.171,0.00591,0.0,0.206,0.709,96.306,4,metal
3p4hRhMcb6ch8OLtATMaLw,Cigarettes After Sex,Cry,Cry,76,256799,False,0.406,0.399,7,-10.449,1,0.0278,0.756,0.678,0.112,0.163,142.83,4,indie
1nYzjrdVQ8RpF93M0jPFW7,Sara Kays,Remember That Night?,Remember That Night?,76,227186,False,0.679,0.61,7,-10.936,0,0.0305,0.585,9.51e-05,0.156,0.554,123.978,4,indie
6nzXkCBOhb2mxctNihOqbb,M.I.A.,Matangi,Bad Girls,76,227520,False,0.639,0.912,1,-2.621,1,0.0615,0.00107,0.0,0.097,0.343,143.448,4,indie
2MbdDtCv5LUVjYy9RuGTgC,Jack Harlow;Tory Lanez;DaBaby;Lil Wayne,"WHATS POPPIN (feat. DaBaby, Tory Lanez & Lil Wayne) [Remix]","WHATS POPPIN (feat. DaBaby, Tory Lanez & Lil Wayne) - Remix",76,227478,True,0.904,0.723,11,-5.224,0,0.26,0.0631,0.0,0.185,0.835,145.013,4,k-pop
0sBJA2OCEECMs0HsdIQhvR,OneRepublic,West Coast,West Coast,76,192947,False,0.685,0.699,6,-7.803,0,0.0349,0.317,0.0,0.0895,0.884,134.057,4,rock
0vg4WnUWvze6pBOJDTq99k,James Blunt,Back to Bedlam,You're Beautiful,76,209493,True,0.675,0.479,0,-9.87,0,0.0278,0.633,1.76e-05,0.088,0.454,81.998,4,rock
4gMgiXfqyzZLMhsksGmbQV,Pink Floyd,The Wall,"Another Brick in the Wall, Pt. 2",76,238746,False,0.693,0.394,0,-15.882,1,0.0428,0.0782,0.000694,0.247,0.721,104.114,4,rock
6zC0mpGYwbNTpk9SKwh08f,Eric Clapton,Slowhand 35th Anniversary (Super Deluxe),Wonderful Tonight,76,225026,False,0.572,0.214,7,-15.625,1,0.0293,0.649,0.129,0.125,0.485,95.542,4,rock
1zNXF2svmdlNxfS5XeNUgr,Norah Jones,Come Away With Me (Super Deluxe Edition),Don't Know Why,76,186251,False,0.745,0.219,5,-11.216,1,0.0276,0.851,1.8e-05,0.0678,0.635,88.609,4,jazz
2LGdO5MtFdyphi2EihANZG,Arctic Monkeys,AM,Knee Socks,76,257563,False,0.665,0.542,11,-8.323,0,0.033,0.123,0.00291,0.342,0.587,97.975,4,indie
2qQpFbqqkLOGySgNK8wBXt,TWICE,FANCY YOU,FANCY,76,213880,False,0.697,0.874,5,-2.15,0,0.0449,0.0122,0.0,0.627,0.775,132.018,4,k-pop
0zMAvsQmaQ4DGsmXtKixpn,Mother Mother,O My Heart,Burning Pile,76,262173,False,0.516,0.755,5,-3.724,1,0.0383,0.0633,0.00103,0.107,0.165,140.099,4,indie
46nvQpUDsxpS08UTFOeKTA,MEDUZA;Hozier,Tell It To My Heart,Tell It To My Heart,76,165524,False,0.539,0.715,11,-6.639,0,0.0595,0.0265,0.0,0.609,0.489,123.854,4,edm
5MAK1nd8R6PWnle1Q1WJvh,Everybody Loves an Outlaw,I See Red,I See Red,76,230613,False,0.509,0.448,4,-7.552,0,0.0357,0.00713,0.0137,0.244,0.221,156.909,3,rock
7vguMCv8uVuZLiQJ156u3Z,Sam Tinnesz;Yacht Money,Play with Fire (feat. Yacht Money),Play with Fire (feat. Yacht Money),76,180690,False,0.573,0.539,2,-6.091,0,0.0322,0.0162,1.16e-05,0.105,0.39,75.012,4,rock
2UbVnbE5FH6008mAm6Mmgw,OneRepublic,Run,Run,76,169010,False,0.682,0.72,11,-8.173,0,0.0381,0.326,0.0,0.148,0.673,117.003,4,rock
4gHnSNHs8RyVukKoWdS99f,Nirvana,Nevermind (Remastered),Something In The Way,76,232146,False,0.427,0.201,8,-13.044,1,0.0317,0.745,0.263,0.109,0.0668,105.218,4,rock
7xNCacksfUkYXsXuSW4vNF,salem ilese;TOMORROW X TOGETHER;Alan Walker,PS5 (with TOMORROW X TOGETHER & Alan Walker),PS5 (with TOMORROW X TOGETHER & Alan Walker),76,152214,False,0.602,0.642,2,-5.404,0,0.211,0.0131,5.33e-06,0.0668,0.54,175.978,4,indie
10hMM5nsZQf66ldBlgWBfG,Labrinth;Zendaya,All For Us (from the HBO Original Series Euphoria),All For Us - from the HBO Original Series Euphoria,76,192986,False,0.348,0.652,3,-7.145,1,0.0931,0.0165,0.000264,0.33,0.172,70.956,4,indie
6GyFP1nfCDB8lbD2bG0Hq9,M83,"Hurry up, We're Dreaming",Midnight City,76,243960,False,0.507,0.729,11,-5.399,0,0.0393,0.0182,1.4e-06,0.0658,0.272,105.013,4,indie
6MiVIH3fQlmz44jGx2DXn4,Two Feet,Love Is a Bitch,Love Is a Bitch,76,181466,True,0.532,0.178,9,-9.754,0,0.0541,0.614,0.14,0.0985,0.103,149.879,3,indie
3kxkjirben9RVm9NqYa6rm,Phantogram;Future Islands,Black Out Days (Future Islands Remix),Black Out Days - Future Islands Remix,76,248346,False,0.477,0.483,4,-9.413,0,0.0364,0.0027,0.783,0.156,0.123,170.026,4,indie
755inykyaG4w22GWAsA3MX,Lonely God,Marlboro Nights,Marlboro Nights,76,68522,False,0.466,0.823,2,-6.635,1,0.311,0.00237,0.000321,0.332,0.782,175.797,4,indie
1NhPKVLsHhFUHIOZ32QnS2,OneRepublic,Waking Up,Secrets,76,224693,False,0.516,0.764,2,-6.223,1,0.0366,0.0717,0.0,0.115,0.376,148.021,4,rock
7v8wKvNQQIxkugCFFjrkaO,Aimer,残響散歌,残響散歌,76,184893,False,0.367,0.896,11,-4.002,1,0.091,0.000627,0.0,0.207,0.38,170.863,4,rock
6aDsgHPZsMztSbZernzlF8,OneRepublic,Human (Deluxe),Someday,76,187888,False,0.576,0.679,0,-7.237,1,0.034,0.0311,0.0,0.323,0.213,121.005,4,rock
3RAFcUBrCNaboRXoP3S5t1,Slipknot,All Hope Is Gone (10th Anniversary),Psychosocial,76,284120,False,0.568,0.981,2,-3.889,1,0.0887,0.00269,0.00275,0.0243,0.307,135.146,4,metal
6txWz9UapYHVxEd7dDIHXT,Blind Melon,Blind Melon,No Rain,76,217106,False,0.389,0.476,9,-9.342,1,0.0316,0.619,5.09e-05,0.255,0.566,148.117,4,metal
4w8niZpiMy6qz1mntFA5uM,DJ Snake;Selena Gomez;Ozuna;Cardi B,"Taki Taki (with Selena Gomez, Ozuna & Cardi B)","Taki Taki (with Selena Gomez, Ozuna & Cardi B)",76,212500,True,0.842,0.801,8,-4.167,0,0.228,0.157,4.82e-06,0.0642,0.617,95.881,4,edm
2MJz8BxxMsERULatmBikDH,Pink Sweat$,PINK PLANET,At My Worst,76,170344,False,0.813,0.415,0,-5.926,1,0.0349,0.777,0.0,0.131,0.667,91.921,4,pop
1F6IbA7di42uPc3cff8PXV,Clairo,Flaming Hot Cheetos,Flaming Hot Cheetos,76,123884,False,0.817,0.551,7,-9.33,0,0.133,0.865,0.000151,0.101,0.142,109.966,4,indie
0mr8FAnN9X70p5KRUwMIJx,awfultune,I Met Sarah in the Bathroom,I Met Sarah in the Bathroom,76,121374,True,0.675,0.408,0,-10.861,1,0.142,0.901,0.000714,0.16,0.229,90.111,4,indie
1XrSjpNe49IiygZfzb74pk,Her's,Songs of Her's,What Once Was,76,255067,False,0.526,0.877,3,-4.369,0,0.033,0.172,0.0108,0.223,0.436,145.568,3,indie
3P3pw6C19j31Rnzgo3JG7o,Jonas Blue;JP Cooper,Blue,Perfect Strangers,76,196613,False,0.73,0.861,1,-4.1,1,0.0451,0.39,0.0,0.213,0.704,117.965,4,edm
5FZxsHWIvUsmSK1IAvm2pp,Foo Fighters,In Your Honor,Best of You,76,255626,False,0.366,0.94,1,-5.119,0,0.0696,0.000769,9.42e-05,0.188,0.369,130.198,4,metal
61tqrU7wp1EnoJ5ajtYXMl,BLACKPINK,BORN PINK,Ready For Love,76,184677,False,0.564,0.682,6,-6.688,1,0.113,0.0146,0.0,0.123,0.551,107.597,4,k-pop
6hf0RpxTbOprT5nnwzkk8e,J Balvin;Maria Becerra,Qué Más Pues?,Qué Más Pues?,76,217773,False,0.891,0.819,8,-3.964,1,0.106,0.0261,0.000354,0.173,0.768,101.968,4,reggae
2j1fFjWHCI9KJSwcuYAOyF,BTS,You Never Walk Alone,Spring Day,76,274097,False,0.539,0.846,8,-3.192,1,0.0354,0.00631,1.71e-06,0.13,0.462,106.994,4,k-pop
4bZZVcgWWMWPBwzTTp642w,BTS,MAP OF THE SOUL : 7,Filter,76,180220,False,0.779,0.762,10,-5.188,0,0.0631,0.0224,0.0,0.121,0.859,110.043,4,k-pop
2cc8Sw1OnCuA5bV8nqWqpE,Regard;Troye Sivan;Tate McRae,You,You,76,233386,True,0.691,0.695,0,-5.6,1,0.0367,0.0592,0.0,0.0647,0.514,106.064,4,edm
5pcmtf1lwrMqmAWWm248fY,AP Dhillon;Gurinder Gill,HIDDEN GEMS,DESIRES,76,168000,False,0.863,0.387,5,-10.057,0,0.256,0.365,0.00238,0.06,0.39,100.013,4,hip-hop
60YICjIPdL7LDBcCMK0tAk,Sidhu Moose Wala;Sunny Malton;The Kidd,Levels,Levels,76,228705,True,0.592,0.728,2,-6.098,1,0.311,0.00148,0.0,0.379,0.577,113.17,5,hip-hop
5z6xHjCZr7a7AIcy8sPBKy,Alien Ant Farm,Anthology,Smooth Criminal,76,209266,False,0.653,0.964,9,-4.261,0,0.0582,0.00316,0.00512,0.144,0.87,126.928,4,metal
7vrJn5hDSXRmdXoR30KgF1,KAROL G,BICHOTA,BICHOTA,76,178946,True,0.863,0.666,1,-4.158,0,0.152,0.212,0.000493,0.103,0.838,163.908,4,reggae
6D2TCm4nf5nxAcdGJ7w3QP,J Balvin;Maria Becerra,JOSE,Qué Más Pues?,76,217360,False,0.903,0.817,8,-3.972,1,0.095,0.0272,0.000311,0.242,0.732,102.014,4,reggae
0g5EKLgdKvNlln7TNqBByK,DJ Snake;Bipolar Sunshine,Encore,Middle,76,220573,False,0.583,0.695,9,-5.336,1,0.0423,0.0141,0.0,0.0527,0.224,104.879,4,edm
5QTxFnGygVM4jFQiBovmRo,Blue Öyster Cult,Agents Of Fortune,(Don't Fear) The Reaper,76,308120,False,0.333,0.927,9,-8.55,0,0.0733,0.0029,0.000208,0.297,0.385,141.466,4,metal
43DeSV93pJPT4lCZaWZ6b1,Thin Lizzy,Jailbreak (Deluxe Edition),The Boys Are Back In Town,76,266720,False,0.445,0.706,8,-9.803,1,0.0461,0.234,0.000252,0.205,0.768,80.823,4,metal
5JtvedSVWW9McnoEAPJwQm,Lil Tjay,True 2 Myself,Sex Sounds,76,162453,True,0.857,0.427,8,-8.638,1,0.112,0.281,0.0,0.108,0.366,130.033,4,r-n-b
0BV0AYGLVlu2SdjN3J9twp,Ghostemane,ANTI-ICON,Fed Up,76,151625,True,0.849,0.758,8,-7.498,1,0.256,0.499,0.695,0.147,0.0684,115.058,4,hip-hop
2QfiRTz5Yc8DdShCxG1tB2,Chuck Berry,Berry Is On Top,Johnny B. Goode,76,161560,False,0.534,0.803,10,-9.129,1,0.0743,0.741,6.07e-05,0.307,0.969,167.983,4,r-n-b
58f4twRnbZOOVUhMUpplJ4,AP Dhillon;Gminxr;Gurinder Gill;Shinda Kahlon,Brown Munde,Brown Munde,76,254400,False,0.854,0.611,8,-6.26,0,0.0864,0.223,0.0,0.119,0.417,100.024,4,hip-hop
6yvxu91deFKt3X1QoV6qMv,Anirudh Ravichander;Jonita Gandhi,"Arabic Kuthu - Halamithi Habibo (From ""Beast"")","Arabic Kuthu - Halamithi Habibo (From ""Beast"")",76,279677,False,0.608,0.757,2,-6.945,1,0.164,0.259,0.00216,0.259,0.625,124.078,4,hip-hop
2AilvPt1AQ8PixlCKqkjfj,Shubh,Elevated,Elevated,76,200658,True,0.828,0.533,6,-5.779,0,0.091,0.214,2.8e-05,0.307,0.605,93.021,4,hip-hop
1pean7zvZUqcWZaUucH63f,Dhanush;Anirudh Ravichander,"Thaai Kelavi (From ""Thiruchitrambalam"")","Thaai Kelavi (From ""Thiruchitrambalam"")",76,258909,False,0.661,0.92,9,-3.469,0,0.188,0.0352,1.4e-05,0.314,0.494,82.508,4,k-pop
35UUpTmrcFXNIVIN26ujXl,Sech;Daddy Yankee;J Balvin;ROSALÍA;Farruko,Relación (Remix),Relación - Remix,76,247308,False,0.793,0.771,5,-3.417,1,0.0959,0.0337,1.51e-06,0.284,0.835,171.943,4,reggae
7mWFF4gPADjTQjC97CgFVt,Ozuna;Daddy Yankee;J Balvin;Farruko;Anuel AA,"Baila Baila Baila (Remix) [feat. Farruko, Anuel Aa]",Baila Baila Baila - Remix,76,235284,False,0.785,0.572,2,-7.504,1,0.123,0.0598,0.0,0.218,0.49,100.016,4,reggae
6m1TWFMeon7ai9XLOzdbiR,BTS,Love Yourself 轉 'Tear',FAKE LOVE,76,242333,False,0.557,0.719,2,-4.515,0,0.0371,0.00267,0.0,0.306,0.345,77.502,4,k-pop
7txxAtOMwLLnQTpKeBL6bp,Danzig,Danzig,Mother,76,204866,True,0.365,0.763,11,-9.45,0,0.0591,0.00726,0.000457,0.0865,0.342,148.366,4,metal
5anCkDvJ17aznvK5TED5uo,Avenged Sevenfold,Hail to the King,Hail to the King,76,305906,False,0.58,0.916,3,-4.358,0,0.0387,0.000297,0.0259,0.126,0.683,118.004,4,metal
0nwTMzpatarzvLvtwwzdCt,Stray Kids,NOEASY,Thunderous,76,183266,False,0.601,0.786,1,-3.706,1,0.234,0.213,0.0,0.209,0.79,172.156,4,k-pop
1pdFdv8R6ezIAUUNkn785b,SEVENTEEN,SEVENTEEN 4th Album Repackage 'SECTOR 17',CHEERS,76,181466,False,0.74,0.848,2,-4.697,1,0.097,0.306,0.0,0.193,0.881,159.991,4,k-pop
56Yxkm62GtEpnPyG7TvwLY,ITZY,CRAZY IN LOVE,LOCO,76,191462,False,0.759,0.886,1,-3.067,1,0.187,0.0103,2.04e-05,0.342,0.489,102.065,4,k-pop
6Nm8h73ycDG2saCnZV8poF,Rob Zombie,Hellbilly Deluxe,Dragula,76,222826,False,0.591,0.963,0,-6.489,0,0.0531,8.74e-05,0.000107,0.0781,0.609,125.03,4,metal
2sHYMLUd4nVLxHPKY05Ein,Ricky Rich;Dardan;DJ Gimi-O,Habibi (Albanian Remix),Habibi - Albanian Remix,76,129589,False,0.639,0.728,4,-7.065,0,0.0301,0.0223,0.00384,0.68,0.0996,103.966,4,pop
4ZHGRFGwjnEIXHG2FhcDPv,Cody Fry,Flying,I Hear a Symphony,76,185176,False,0.197,0.247,3,-8.542,1,0.0306,0.934,0.0163,0.111,0.407,75.787,3,indie
6uBhi9gBXWjanegOb2Phh0,Zedd;Alessia Cara,Stay,Stay,76,210090,False,0.69,0.622,5,-5.025,0,0.0622,0.253,0.0,0.116,0.544,102.04,4,edm
3LEgGAl9zLcQWGTp7ptqtQ,Jonas Blue;Why Don't We,Don’t Wake Me Up,Don’t Wake Me Up,76,188894,False,0.621,0.747,11,-5.084,1,0.0337,0.222,0.000194,0.147,0.426,124.015,4,edm
2FqoR7diymD1Eh7cVb3DMg,Wisin & Yandel;Chris Brown;T-Pain,Líderes,Algo Me Gusta De Ti,76,274946,False,0.627,0.768,11,-5.296,0,0.0325,0.00291,0.0,0.0598,0.237,127.953,4,reggae
4dVbhS6OiYvFikshyaQaCN,Foo Fighters,The Colour And The Shape,My Hero,76,260026,False,0.398,0.927,9,-4.212,1,0.0567,6.2e-05,0.000177,0.0575,0.311,77.106,4,metal
72gv4zhNvRVdQA0eOenCal,Clean Bandit;Zara Larsson,What Is Love? (Deluxe Edition),Symphony (feat. Zara Larsson),76,212733,False,0.715,0.605,0,-5.128,0,0.0428,0.239,1.41e-05,0.189,0.454,122.956,4,edm
0815caqt2Lytro5EIzMufT,Lifehouse,Lifehouse,You And Me,76,195493,False,0.459,0.427,7,-7.734,1,0.0267,0.114,0.0,0.168,0.354,139.902,3,metal
0IqCoZ168iRc9LqfrYgpZy,Camilo;Shawn Mendes,KESI (Remix),KESI - Remix,76,176575,False,0.871,0.815,4,-4.439,1,0.0477,0.127,6.18e-06,0.094,0.823,122.959,4,reggae
2tMoOS9grHtn4upzb4LwMG,Dhibu Ninan Thomas;Kapil Kapilan,"Adiye (From ""Bachelor"")","Adiye - From ""Bachelor""",76,272000,False,0.709,0.454,9,-7.843,0,0.167,0.445,0.0,0.136,0.548,90.038,4,pop
7oN0Wo7sCVvXPdpxoio3JM,Madhur Sharma,Kali Kali Zulfon Ke (Lo-Fi),Kali Kali Zulfon Ke (Lo-Fi),76,77142,False,0.464,0.491,7,-7.039,1,0.0392,0.837,1.39e-06,0.111,0.106,76.739,3,pop
57BrRMwf9LrcmuOsyGilwr,Linkin Park,Hybrid Theory (Bonus Edition),Crawling,76,208960,False,0.58,0.702,4,-5.565,1,0.0337,0.0466,3.2e-06,0.536,0.299,105.076,4,metal
3NLrRZoMF0Lx6zTlYqeIo4,3 Doors Down,Away From The Sun,Here Without You,76,238733,False,0.557,0.533,10,-6.817,0,0.0252,0.0492,0.0,0.205,0.233,143.994,4,metal
4XPXrcpyNr30Km6aPiflJy,Stray Kids,GO LIVE,God’s Menu,76,167922,False,0.689,0.771,5,-3.618,1,0.0548,0.00776,0.0,0.521,0.482,157.052,4,k-pop
2ksOAxtIxY8yElEWw8RhgK,Anuel AA;Daddy Yankee;KAROL G;J Balvin;Ozuna,China,China,76,301714,False,0.786,0.808,7,-3.702,1,0.0882,0.0846,0.000289,0.0822,0.609,105.027,4,reggae
37ZtpRBkHcaq6hHy0X98zn,TWICE,Eyes Wide Open,I CAN'T STOP ME,76,205493,False,0.657,0.88,10,-3.672,0,0.102,0.121,0.0,0.463,0.769,150.084,4,k-pop
54eZmuggBFJbV7k248bTTt,America;George Martin,America,A Horse with No Name,76,252239,False,0.654,0.506,11,-17.18,0,0.0535,0.686,0.0155,0.155,0.831,123.179,4,country
6JRLFiX9NJSoRRKxowlBYr,Bob Marley & The Wailers,Kaya,Is This Love,76,232200,False,0.776,0.559,6,-8.375,0,0.103,0.11,0.0,0.0671,0.758,122.242,4,reggae
4blPH3Uy89WnOnYlIv7Ev4,Penelope Scott,Public Void,Rät,76,194165,True,0.609,0.449,5,-13.291,0,0.249,0.326,0.000115,0.147,0.309,143.854,4,indie
4xDwCYhobDehSBGUmd5H6Y,The Plot In You,DISPOSE,FEEL NOTHING,76,216826,True,0.448,0.825,4,-5.307,0,0.0621,0.00353,0.0,0.108,0.226,144.17,4,metal
32LKwbmh6yVsWoRRF8DIvf,Pav Dharia,Na Ja,Na Ja,76,208000,False,0.772,0.649,2,-6.411,1,0.143,0.0724,0.0,0.0761,0.824,90.072,4,pop
0ojpEubhy4JNeVftmVuiN7,Armaan Malik;Vishal Mishra,Kabir Singh,Pehla Pyaar,76,272532,False,0.607,0.713,4,-5.105,1,0.03,0.56,4.98e-05,0.101,0.611,124.868,4,pop
4Uiw0Sl9yskBaC6P4DcdVD,Deftones,Around the Fur,Be Quiet and Drive (Far Away),76,299866,False,0.206,0.965,1,-5.116,1,0.079,9.91e-06,0.827,0.367,0.168,92.615,4,metal
6W21LNLz9Sw7sUSNWMSHRu,Korn,Follow The Leader,Freak On a Leash,76,255733,True,0.353,0.898,2,-5.877,1,0.052,2.23e-05,0.105,0.39,0.525,103.293,4,metal
1158ckiB5S4cpsdYHDB9IF,Deftones,Around the Fur,My Own Summer (Shove It),76,214760,False,0.443,0.781,1,-4.277,1,0.0377,1.33e-05,0.205,0.166,0.372,71.841,4,metal
6oJ6le65B3SEqPwMRNXWjY,Kygo;Whitney Houston,Higher Love,Higher Love,76,228267,False,0.693,0.678,8,-7.159,1,0.0324,0.0151,5.71e-06,0.101,0.404,103.952,4,edm
2yEHX6MqAXPyD7bm47A2Br,Tiësto;Black Eyed Peas,Pump It Louder,Pump It Louder,76,158571,False,0.66,0.942,4,-2.273,1,0.185,0.00789,1.76e-05,0.834,0.543,126.017,4,edm
5iCY0TXNImK4hyKfcplQsg,Anuv Jain,Baarishein,Baarishein,76,207309,False,0.475,0.124,2,-9.463,1,0.0444,0.926,0.0,0.0972,0.19,94.42,4,indie
47UFoOuvrkt4khE7c5aap6,Sub Urban,Cradles,Cradles,76,209829,False,0.537,0.586,6,-1.864,1,0.314,0.265,7.04e-05,0.175,0.624,79.056,4,indie
26ZzSLUJMmYp5u1hDELEWH,Crystal Castles,(III),Transgender,76,184760,False,0.522,0.914,7,-8.285,1,0.0379,0.000164,0.847,0.24,0.0364,137.939,3,indie
0qOCy2LqvdkMora7eZsJhQ,Vansire,Angel Youth,From the Subway Train,76,57370,False,0.392,0.429,5,-10.279,0,0.0462,0.527,0.015,0.217,0.105,72.104,4,indie
3r44Otr6SVUja3SYsCuhVY,Izzamuzzic;Julien Marchal,Shootout (Sped Up),Shootout (Sped Up),76,242142,False,0.684,0.605,10,-8.678,0,0.0634,0.216,0.941,0.103,0.768,104.647,4,k-pop
2RChe0r2cMoyOvuKobZy44,Bon Jovi,Cross Road,Always,76,353026,False,0.383,0.659,4,-5.558,1,0.0312,0.117,0.0,0.0778,0.327,140.795,4,metal
0siYMEsGrzzzlWLXK5zJfS,Joel Corry;RAYE;David Guetta,BED,BED,76,178087,False,0.671,0.782,6,-4.593,1,0.0341,0.0142,0.00221,0.333,0.618,123.989,4,edm
1cgy2FSOQMbq7DHCVgMAUA,Lost Frequencies;James Arthur,Questions,Questions,76,177156,False,0.599,0.713,11,-7.008,1,0.0542,0.405,2.53e-05,0.266,0.518,123.962,4,edm
1kwHrBWAlucOE57lWugotk,Felix Jaehn;Zoe Wees,Do It Better (feat. Zoe Wees),Do It Better (feat. Zoe Wees),76,170045,False,0.677,0.804,1,-5.337,0,0.0677,0.0818,1.92e-05,0.158,0.41,122.111,4,edm
2V4bv1fNWfTcyRJKmej6Sj,Mike Posner;Gigamesh,31 Minutes to Takeoff,Cooler Than Me - Single Mix,76,213293,False,0.768,0.82,7,-4.63,0,0.0474,0.179,0.0,0.689,0.625,129.965,4,edm
1qwno7xb5mJe71xtMS6jl2,K.Flay,Every Where Is Some Where,High Enough,76,231600,False,0.606,0.62,0,-5.005,1,0.0298,0.0301,0.0916,0.167,0.543,88.984,4,rock
1Eb90nmqTrxylKFhcUzW8P,Bryan Adams,Waking Up The Neighbours,(Everything I Do) I Do It For You,76,393640,False,0.533,0.36,1,-12.633,1,0.0282,0.0805,1.03e-05,0.0631,0.299,131.229,4,rock
0VF7YLIxSQKyNiFL3X6MmN,The Neighbourhood,Chip Chrome & The Mono-Tones (Deluxe),Stargazing,76,217026,False,0.512,0.483,0,-7.798,1,0.0298,0.00304,0.0011,0.12,0.367,160.009,4,rock
3KruoUtSkm84Az0bJunnxl,Tiësto,Baila Conmigo,Baila Conmigo,76,146249,False,0.652,0.855,7,-6.411,1,0.0775,0.00658,0.409,0.341,0.0834,127.964,4,edm
3BQHpFgAp4l80e1XslIjNI,The Beatles,Help! (Remastered),Yesterday - Remastered 2009,76,125666,False,0.332,0.179,5,-11.83,1,0.0326,0.879,0.0,0.0886,0.315,96.529,4,rock
6ztstiyZL6FXzh4aG46ZPD,"Earth, Wind & Fire;The Emotions",I Am,Boogie Wonderland,76,288293,False,0.802,0.756,2,-10.791,0,0.0349,0.0843,0.00765,0.0521,0.963,131.715,4,jazz
6y4GYuZszeXNOXuBFsJlos,Eve,Kaikai Kitan / Ao No Waltz,Kaikai Kitan,75,221426,False,0.584,0.911,5,-3.515,0,0.09,0.0119,0.0,0.119,0.606,92.502,4,rock
4OROzZUy6gOWN4UGQVaZMF,Iron Maiden,Piece of Mind (2015 Remaster),The Trooper - 2015 Remaster,75,252733,False,0.285,0.908,4,-4.601,0,0.0705,0.0318,0.00909,0.311,0.669,159.756,4,metal
4GssB27iJeqmfGxS94Tfij,Falling In Reverse,Popular Monster,Popular Monster,75,220537,True,0.461,0.897,3,-3.982,0,0.092,0.00821,0.0,0.0965,0.358,165.107,4,metal
2R6UrJ8uWbSIiHWmvRQvN8,Metallica,Garage Inc.,Whiskey In The Jar,75,304693,False,0.511,0.97,10,-3.72,1,0.0414,5.6e-06,0.00136,0.18,0.566,132.986,4,metal
3g0mEQx3NTanacLseoP0Gw,The Chainsmokers;ILLENIUM;Lennon Stella,World War Joy,Takeaway,75,209880,False,0.528,0.511,3,-8.144,1,0.0324,0.126,0.0,0.101,0.351,100.1,4,edm
2oejEp50ZzPuQTQ6v54Evp,The Chainsmokers;Bebe Rexha,World War Joy,Call You Mine,75,217640,False,0.585,0.696,4,-5.6,0,0.0307,0.204,0.0,0.344,0.522,104.01,4,edm
09AvsbivV1FQBRAEBJh7UL,The Chainsmokers,So Far So Good,High,75,175163,True,0.601,0.787,0,-6.178,1,0.031,0.0492,0.0,0.142,0.525,134.981,4,edm
5knuzwU65gJK7IF5yJsuaW,Clean Bandit;Sean Paul;Anne-Marie,Rockabye (feat. Sean Paul & Anne-Marie),Rockabye (feat. Sean Paul & Anne-Marie),75,251088,False,0.72,0.763,9,-4.068,0,0.0523,0.406,0.0,0.18,0.742,101.965,4,edm
3mRLHiSHYtC8Hk7bzZdUs1,Bishop Briggs,Church Of Scars,River,75,216133,False,0.733,0.477,2,-6.737,0,0.0687,0.302,2.97e-06,0.0579,0.545,62.507,4,rock
5icOoE6VgqFKohjWWNp0Ac,Marshmello;CHVRCHES,Here With Me,Here With Me,75,156346,False,0.791,0.565,5,-3.933,0,0.0439,0.0623,0.0,0.156,0.181,99.961,4,edm
7KbF6AdprOXEEHlsq11Z6d,Maluma,11:11,11 PM,75,175733,False,0.777,0.712,10,-4.84,1,0.277,0.217,0.0,0.091,0.68,95.692,4,reggae
58ynJq9eLLDChA3GNFJcDL,Akhil Sachdeva;Mansheel Gujral,"Channa Ve (From ""Bhoot - Part One: The Haunted Ship"")",Channa Ve,75,211578,False,0.676,0.696,9,-6.68,1,0.0452,0.666,0.0,0.0931,0.606,94.945,4,pop
6bvZRLLkBKkmgpBJTTj3QK,BLACKPINK,THE ALBUM,How You Like That,75,180956,False,0.813,0.787,11,-4.254,1,0.0777,0.0452,0.000107,0.0506,0.326,130.018,4,k-pop
0AUyNF6iFxMNQsNx2nhtrw,grandson,Blood // Water,Blood // Water,75,216720,False,0.51,0.882,8,-5.659,0,0.159,0.00158,0.00206,0.0764,0.653,154.029,4,rock
6ilc4vQcwMPlvAHFfsTGng,Cigarettes After Sex,Cigarettes After Sex,Sweet,75,292110,False,0.45,0.511,6,-9.073,1,0.0276,0.353,0.766,0.139,0.115,96.563,4,indie
37YoRLUu1qId0ewavgvnkG,LE SSERAFIM,FEARLESS,Blue Flame,75,201894,False,0.781,0.725,4,-3.571,0,0.0452,0.0281,0.0,0.0761,0.765,112.045,4,k-pop
3zhbXKFjUDw40pTYyCgt1Y,TWICE,Summer Nights,What is Love,75,208240,False,0.574,0.909,8,-1.573,1,0.0658,0.0987,0.0,0.264,0.569,169.966,4,k-pop
3CYH422oy1cZNoo0GTG1TK,Red Velvet,‘The ReVe Festival’ Finale,Psycho,75,210560,False,0.664,0.666,8,-2.203,1,0.0446,0.193,0.0,0.0854,0.405,139.987,4,k-pop
70L6nHORQsblY813yNqUR3,Deftones,Saturday Night Wrist,Cherry Waves,75,317706,False,0.47,0.859,2,-3.663,1,0.0537,0.000362,0.00691,0.142,0.17,124.01,4,metal
6FfLg6FFqhCsrFOaHIGkg0,JAWNY,For Abby,Honeypie,75,135581,False,0.74,0.688,5,-4.361,0,0.0916,0.061,0.0,0.138,0.935,115.035,4,indie
7qmvLmX9tyaTiBAVNI6YEn,BLACKPINK,SQUARE TWO,PLAYING WITH FIRE,75,197288,False,0.706,0.756,4,-4.405,0,0.0845,0.0392,0.0,0.18,0.676,97.098,4,k-pop
0dkvbYmXYEPK7gGMdytmfI,Lykke Li,sex money feelings die (slowed version),sex money feelings die - slowed version,75,168810,True,0.797,0.44,5,-6.587,0,0.0594,0.471,1.57e-06,0.0849,0.436,111.014,4,indie
5naar7XewEOAjOywIp6Jjq,Wallows,Nothing Happens,Remember When,75,155146,False,0.504,0.708,11,-5.896,0,0.0343,0.00112,0.000424,0.788,0.51,82.009,4,indie
5KTBaWu8IOczQ0sPWzZ7MY,Rammstein,Zeit,Dicke Titten,75,218593,False,0.63,0.823,6,-4.857,1,0.0496,0.0205,0.00458,0.0377,0.565,117.048,4,metal
1IthE5GNiRzFN5CVaCa445,BTS,Proof,Born Singer,75,238628,False,0.602,0.841,8,-3.334,0,0.109,0.0354,0.0,0.235,0.684,157.937,4,k-pop
6Za3190Sbw39BBC77WSS1C,Natti Natasha;Ozuna,Criminal,Criminal,75,232549,False,0.814,0.813,2,-3.023,0,0.0561,0.03,9.33e-05,0.255,0.839,79.997,4,reggae
3o7TMr6RmIusYH7Kkg7ujR,Korn,See You On the Other Side,Coming Undone,75,199773,False,0.687,0.677,2,-4.172,1,0.0508,0.000643,0.000137,0.0564,0.545,75.052,4,metal
0zzVTGyRrWpQu8Fr28NRAv,Marshmello;Demi Lovato,OK Not To Be OK,OK Not To Be OK,75,159862,False,0.743,0.837,1,-5.025,0,0.0649,0.0172,0.0,0.0743,0.263,103.072,4,edm
5e2ZOmiFEAOFEgXNj1mHEk,Cheat Codes;Russell Dickerson,I Remember,I Remember,75,168117,False,0.57,0.737,1,-4.27,0,0.0685,0.0314,0.0,0.248,0.621,100.052,4,edm
2oBMZYteeO8DyXV9gDx6Za,Red Velvet,‘The ReVe Festival 2022 - Feel My Rhythm’,Feel My Rhythm,75,210253,False,0.412,0.94,1,-2.171,1,0.215,0.0648,0.0,0.358,0.423,157.964,4,k-pop
285HeuLxsngjFn4GGegGNm,David Guetta;Afrojack;Bebe Rexha;Nicki Minaj,Listen,"Hey Mama (feat. Nicki Minaj, Bebe Rexha & Afrojack)",75,192560,False,0.596,0.73,9,-4.091,1,0.151,0.24,0.0,0.325,0.525,85.979,4,edm
6UFivO2zqqPFPoQYsEMuCc,Clairo,Immunity,Bags,75,260519,False,0.742,0.546,1,-7.694,1,0.0315,0.172,0.38,0.115,0.868,104.996,4,indie
6Owc2SuzwO3LW1SAODYK3l,Sigala,Melody,Melody,75,167142,False,0.63,0.91,10,-2.681,0,0.058,0.0231,1.91e-06,0.125,0.525,123.017,4,edm
2lNTHWu2I5Tcz9ukWsV5Jj,Jordan Davis,Next Thing You Know,Next Thing You Know,75,175237,False,0.557,0.597,5,-8.296,1,0.048,0.646,0.0,0.0974,0.414,78.526,4,country
60wwxj6Dd9NJlirf84wr2c,Zedd;Foxes,Clarity,Clarity,75,271426,False,0.509,0.781,8,-3.48,1,0.072,0.0398,0.0,0.0749,0.176,128.0,4,edm
1EryAkZ0VHstC6haIxVBiE,Deftones,Diamond Eyes,Sextape,75,241533,False,0.367,0.634,5,-6.475,1,0.027,0.000824,0.0759,0.116,0.0964,89.981,4,metal
63aj87TQG6F3RVO5nbG2VQ,J Balvin;Skrillex,In Da Getto,In Da Getto,75,131065,False,0.915,0.72,8,-3.126,1,0.0459,0.025,1.42e-05,0.0942,0.631,126.986,4,reggae
6KL88T4Ma4ABXqzgUoEwkd,OneRepublic,Human (Deluxe),Run,75,168259,False,0.682,0.72,11,-8.176,0,0.0382,0.321,0.0,0.205,0.649,116.988,4,rock
5RrOyaV2xOAnf62uWj24dB,King,OOPS,OOPS,75,163200,False,0.918,0.673,0,-5.084,1,0.184,0.314,0.0,0.0555,0.828,99.952,4,hip-hop
66sBTYlkaiyBwf4fhbIHlZ,JIN,Jirisan (Original Television Soundtrack) Pt. 4,Yours,75,264840,False,0.488,0.427,6,-7.383,1,0.0382,0.354,0.0,0.0797,0.157,72.035,4,k-pop
2Fs18NaCDuluPG1DHGw1XG,Rascal Flatts,Me And My Gang,Life is a Highway,75,276320,False,0.582,0.952,5,-3.848,1,0.0731,0.00324,0.0,0.223,0.655,103.027,4,country
7yFhA2fUsL2oIMWlw5DaHQ,Maren Morris,GIRL,The Bones,75,197293,False,0.612,0.57,11,-6.642,0,0.0347,0.278,0.0,0.0963,0.334,77.004,4,country
6iW38RGqdDGOofmz2HeXLW,MEDUZA;Alok;Goodboys,Piece Of Your Heart (Alok Remix),Piece Of Your Heart - Alok Remix,75,166451,False,0.797,0.86,10,-4.38,0,0.0413,0.0312,0.0137,0.334,0.192,124.033,4,edm
1ZPeaPDjQOOC8hw1mNjyjF,BTS,Love Yourself 承 'Her',Pied Piper,75,245620,False,0.583,0.712,2,-4.942,0,0.0326,0.2,0.0,0.268,0.778,94.051,4,k-pop
0tZ3mElWcr74OOhKEiNz1x,Rage Against The Machine,Evil Empire,Bulls On Parade,75,229466,True,0.412,0.919,5,-7.291,1,0.184,0.0124,0.0601,0.424,0.572,166.367,4,metal
3NfxSdJnVdon1axzloJgba,Aretha Franklin,Aretha Now,I Say a Little Prayer,75,216773,False,0.592,0.355,9,-14.051,1,0.0352,0.478,0.0,0.0585,0.499,133.032,4,jazz
1D2ZNECRd7KIlA4pyOUGsv,Joel Corry;David Guetta;Bryson Tiller,What Would You Do?,What Would You Do?,75,174215,False,0.687,0.895,9,-2.983,1,0.0474,0.149,0.00592,0.121,0.686,124.041,4,edm
6LnEoRQKMcaFTR5UvaKuBy,SEVENTEEN,SEVENTEEN 9th Mini Album 'Attacca',Rock with you,75,180360,False,0.621,0.816,11,-5.242,1,0.104,0.0966,0.0,0.134,0.694,163.966,4,k-pop
37sINbJZcFdHFAsVNsPq1i,The Script,No Sound Without Silence,Superheroes,75,245466,False,0.49,0.885,3,-4.121,1,0.0396,0.00218,0.0,0.0741,0.64,166.996,4,rock
1VNWaY3uNfoeWqb5U8x2QX,System Of A Down,Hypnotize,Lonely Day,75,167906,False,0.47,0.796,8,-3.277,0,0.0336,0.362,1.1e-06,0.133,0.215,113.108,3,metal
4Hhv2vrOTy89HFRcjU3QOx,Etta James,At Last!,At Last,75,179693,False,0.274,0.348,5,-8.631,1,0.0293,0.547,0.0133,0.334,0.328,87.43,3,jazz
5fpq1wF8xa5tSSlcKHdmGQ,Bring Me The Horizon,sTraNgeRs,sTraNgeRs,75,195747,True,0.346,0.939,5,-3.061,1,0.182,0.000231,0.0,0.433,0.526,183.147,3,metal
5Q6fh8OEhBYepJaORz9lxe,The Neighbourhood;Syd,Daddy Issues (Remix) feat. Syd,Daddy Issues (Remix) feat. Syd,75,181186,False,0.623,0.533,10,-8.164,1,0.0653,0.245,0.00717,0.112,0.247,84.982,4,rock
7nnWIPM5hwE3DaUBkvOIpy,Incubus,Make Yourself,Drive,75,232453,False,0.645,0.792,4,-7.34,0,0.036,0.0562,0.0121,0.119,0.666,90.565,4,metal
0fYVliAYKHuPmECRs1pbRf,X Ambassadors,VHS,Renegades,75,195200,False,0.526,0.862,2,-6.003,1,0.0905,0.0144,0.0597,0.229,0.528,90.052,4,rock
0pdKRp2sUthTPe7RLWpPqQ,flora cash,You're Somebody Else,You're Somebody Else,75,218883,False,0.713,0.452,1,-9.638,1,0.0295,0.841,0.0038,0.105,0.235,102.963,4,indie
2t16D9V5FmmRAJjsSpwvZf,Labrinth,Euphoria (Original Score from the HBO Series),When I R.I.P.,75,174567,True,0.417,0.551,8,-6.456,0,0.174,0.73,0.00166,0.0907,0.444,87.614,4,indie
3nqqDo8CcCLke3ZoTgiOKf,The Script,The Script,The Man Who Can't Be Moved,75,241373,False,0.605,0.629,10,-5.051,1,0.0279,0.437,0.0,0.097,0.308,99.894,4,rock
2HHtWyy5CgaQbC7XSoOb0e,Survivor,Eye Of The Tiger,Eye of the Tiger,75,243773,False,0.815,0.438,0,-14.522,0,0.0346,0.216,0.000466,0.0787,0.552,108.965,4,rock
3z8h0TU7ReDPLIbEnYhWZb,Queen,Bohemian Rhapsody (The Original Soundtrack),Bohemian Rhapsody,75,354947,False,0.39,0.397,0,-9.963,0,0.0513,0.287,0.0,0.207,0.246,144.031,4,rock
7s8VgA8OjvwBUuigKzEGBx,Cavetown,This Is Home,This Is Home,75,226073,False,0.811,0.266,7,-12.478,1,0.0406,0.56,1.05e-06,0.0962,0.211,130.044,4,indie
3lrNsPdn98i6rxO142pLT6,NMIXX,AD MARE,O.O,75,172936,False,0.39,0.767,11,-3.918,0,0.293,0.0354,4.26e-06,0.0601,0.285,200.263,4,k-pop
5cpJFiNwYyWwFLH0V6B3N8,Ozuna;Doja Cat;Sia,Enoc,Del Mar,75,214506,True,0.759,0.636,6,-5.585,1,0.0369,0.0224,0.000143,0.166,0.536,109.976,4,reggae
1sWeSMifj6Z6kZyI6z3bRc,Imagine Dragons,Smoke + Mirrors (Deluxe),Warriors,75,171040,False,0.365,0.851,4,-6.238,0,0.0645,0.0964,0.003,0.237,0.309,78.086,4,rock
1wcr8DjnN59Awev8nnKpQ4,ENHYPEN,BORDER : CARNIVAL,Drunk-Dazed,75,193260,False,0.599,0.869,5,-5.174,0,0.0618,0.000707,0.0,0.0911,0.453,132.889,4,k-pop
1hlveB9M6ijHZRbzZ2teyh,Twisted Sister,Stay Hungry,We're Not Gonna Take It,75,219666,False,0.502,0.924,4,-6.299,1,0.0503,0.0127,0.0,0.162,0.922,149.186,4,metal
7CpbhqKUedOIrcvc94p60Y,Drowning Pool,Sinner,Bodies,75,201960,False,0.656,0.932,4,-3.405,0,0.0708,0.00347,0.00147,0.144,0.544,130.936,4,metal
1elhmWW7Bv0MOQj2gAsyoV,Zedd;Maren Morris;BEAUZ,Make You Say,Make You Say,75,206000,False,0.687,0.61,8,-4.713,0,0.0499,0.351,0.0,0.175,0.649,128.15,4,edm
1QbOvACeYanja5pbnJbAmk,John Denver,"The John Denver Collection, Vol 1: Take Me Home Country Roads","Take Me Home, Country Roads",75,197813,False,0.38,0.43,9,-12.564,1,0.0288,0.546,1.71e-05,0.188,0.547,82.204,4,country
6RNDeRnWsRMjPdNVgupZCs,Stevie Wonder,At The Close Of A Century,I Just Called To Say I Love You,75,262240,False,0.748,0.551,1,-9.054,1,0.0239,0.243,1.57e-06,0.0943,0.65,113.535,4,indie
1e8J3XClxZbFmvIHLI8CE4,BTS,Love Yourself 結 'Answer',IDOL,75,222732,False,0.733,0.855,9,-3.211,1,0.118,0.00481,0.0,0.123,0.42,126.035,4,k-pop
2u54HNQamwFuOMLSuhSRom,BTS,Wings,Blood Sweat & Tears,75,217051,False,0.584,0.885,0,-3.571,0,0.104,0.0244,0.0,0.357,0.605,92.9,4,k-pop
5masKPHeAOVNgxdLebIcK7,Kygo;Parson James,Cloud Nine,Stole the Show,75,223186,False,0.64,0.635,8,-7.565,0,0.226,0.271,0.0,0.319,0.475,100.034,4,edm
7wdwIaXUuzlu1grzWMFRJm,Ghost,[MESSAGE FROM THE CLERGY],Mary On A Cross,75,244804,False,0.467,0.9,11,-4.505,1,0.0451,0.000187,0.000493,0.105,0.554,130.027,4,metal
2pPO9YecZimmuVQfIzfV6U,Ofenbach;Lagique,Wasted Love (feat. Lagique),Wasted Love (feat. Lagique),75,139563,False,0.734,0.855,6,-4.578,0,0.135,0.0821,4.73e-06,0.0901,0.54,121.955,4,edm
7oVEtyuv9NBmnytsCIsY5I,Linkin Park,LIVING THINGS,BURN IT DOWN,75,230253,False,0.585,0.972,9,-4.45,0,0.0534,0.0143,0.0,0.0707,0.585,110.006,4,metal
6TClJ8jXi3OBV7gcrU3jx5,AP Dhillon;Gurinder Gill,HIDDEN GEMS,TERE TE,75,114418,False,0.692,0.488,7,-10.96,0,0.135,0.0508,0.0,0.154,0.299,171.9,4,hip-hop
6T4o4xEh61CpgM9v4jG5DJ,Stray Kids,MAXIDENT,"3RACHA (Bang Chan, Changbin, HAN)",75,208573,False,0.721,0.856,0,-3.117,0,0.301,0.229,0.0,0.0853,0.627,142.068,4,k-pop
5f1joOtoMeyppIcJGZQvqJ,Kane Brown;Swae Lee;Khalid,Be Like That (feat. Swae Lee & Khalid),Be Like That - feat. Swae Lee & Khalid,75,191406,False,0.727,0.626,7,-8.415,1,0.0726,0.0469,2.58e-05,0.126,0.322,86.97,4,country
3pDhN3qB33AOPhQEkUCaWt,Daddy Yankee,Prestige,Limbo,75,224693,False,0.806,0.875,7,-3.817,1,0.088,0.0838,0.00192,0.065,0.917,125.063,4,reggae
6gZVQvQZOFpzIy3HblJ20F,Alice In Chains,Facelift,Man in the Box,75,285200,True,0.355,0.791,8,-7.565,1,0.0453,0.00045,0.0,0.0969,0.758,106.392,4,metal
0DXfJ2iKRDEG7rPgssWFea,Kanishk Seth;Kavita Seth,"Rangisari (From ""Jugjugg Jeeyo"")","Rangisari (From ""Jugjugg Jeeyo"")",75,223271,False,0.524,0.758,10,-9.28,1,0.0538,0.27,0.13,0.106,0.319,140.012,4,indie
28IEbk5a7twNTbUEvWslUb,Finger Eleven,Them Vs. You Vs. Me (Deluxe Edition),Paralyzer,75,208106,False,0.644,0.939,11,-3.486,0,0.0456,0.157,0.0,0.233,0.861,106.031,4,metal
10M2Ex445zw585Ducldzkw,Brett Young,Brett Young,In Case You Didn't Know,75,224853,False,0.607,0.536,10,-7.306,1,0.0305,0.386,0.0,0.102,0.434,147.986,4,country
7qH9Z4dJEN0l9bidizW7fq,Novo Amor,Bathing Beach,Anchor,75,257533,False,0.457,0.407,9,-11.475,1,0.0308,0.805,0.884,0.126,0.126,117.053,4,indie
4eAwB5pnKFTmsgc3zWoYO0,Seether,Finding Beauty In Negative Spaces (Bonus Track Version),Fake It,75,193893,True,0.611,0.95,8,-3.509,1,0.0518,0.00141,1.59e-06,0.0543,0.607,132.078,4,metal
0oerlffJSzhRVvtDfLcp3N,Bon Jovi,Slippery When Wet,Wanted Dead Or Alive,75,308666,False,0.252,0.802,7,-3.976,1,0.0391,0.13,0.0146,0.309,0.253,150.056,4,metal
5awDvzxWfd53SSrsRZ8pXO,Rammstein,Sehnsucht,Du hast,75,234226,False,0.64,0.922,9,-6.283,0,0.0385,0.00369,0.055,0.332,0.716,125.105,4,metal
21RzyxY3EFaxVy6K4RqaU9,Loud Luxury;Brando,Body,Body,75,163216,False,0.752,0.764,1,-4.399,1,0.038,0.0476,9.44e-05,0.0543,0.582,121.958,4,edm
1SHB1hp6267UK9bJQUxYvO,Molchat Doma,Этажи,Судно (Борис Рижий),75,141394,False,0.484,0.75,1,-4.176,1,0.0685,0.697,0.862,0.105,0.467,159.992,4,indie
46lFttIf5hnUZMGvjK0Wxo,Galantis,Pharmacy,Runaway (U & I),75,227073,False,0.506,0.805,1,-4.119,1,0.0469,0.00711,0.00193,0.0856,0.383,126.008,4,edm
3wz2vWhYnnBoFmgMkqtzLy,Chani Nattan;Inderpal Moga,Daku,Daku,75,131077,False,0.847,0.558,8,-5.855,0,0.0663,0.325,0.0,0.135,0.495,98.062,4,hip-hop
1dNIEtp7AY3oDAKCGg2XkH,The Chainsmokers;Coldplay,Something Just Like This,Something Just Like This,75,247626,False,0.607,0.649,11,-6.695,0,0.0362,0.0306,2.46e-05,0.174,0.505,102.996,4,edm
1x5sYLZiu9r5E43kMlt9f8,Clean Bandit;Zara Larsson,Symphony (feat. Zara Larsson),Symphony (feat. Zara Larsson),75,212459,False,0.707,0.629,0,-4.581,0,0.0563,0.259,1.6e-05,0.138,0.457,122.863,4,edm
1f2V8U1BiWaC9aJWmpOARe,Red Hot Chili Peppers,By the Way (Deluxe Edition),By the Way,75,216933,False,0.451,0.97,0,-4.938,1,0.107,0.0264,0.00355,0.102,0.198,122.444,4,metal
21aOLk12MksET8AsbU0SI6,TOMORROW X TOGETHER,The Chaos Chapter: FIGHT OR ESCAPE,LO$ER=LO♡ER,75,199919,False,0.644,0.867,11,-4.18,0,0.0383,0.001,0.0,0.105,0.687,124.997,4,k-pop
03fT3OHB9KyMtGMt2zwqCT,Luke Bryan,Crash My Party,Play It Again,75,226866,False,0.506,0.886,11,-3.225,1,0.0655,0.0916,0.0,0.0734,0.595,143.935,4,country
0EhpEsp4L0oRGM0vmeaN5e,J Balvin;Dua Lipa;Bad Bunny;Tainy,UN DIA (ONE DAY) (Feat. Tainy),UN DIA (ONE DAY) (Feat. Tainy),75,232253,False,0.571,0.693,6,-8.234,0,0.0545,0.00536,0.0,0.173,0.393,168.169,4,reggae
4eNOLmx8r2IJAVKvBBL1jv,Lil Tjay;Polo G;Fivio Foreign,Destined 2 Win,Headshot (feat. Polo G & Fivio Foreign),75,144349,True,0.808,0.639,1,-7.266,0,0.279,0.0802,0.0,0.15,0.395,118.0,4,r-n-b
4vVTI94F9uJ8lHNDWKv0i2,Sean Kingston;Justin Bieber,Eenie Meenie,Eenie Meenie,75,201946,False,0.72,0.607,1,-4.168,1,0.0322,0.0543,0.0,0.113,0.828,121.223,4,hip-hop
4ncTUgTfUV3wrjTPzKvn01,BTS,Yet To Come (Hyundai Ver.),Yet To Come (Hyundai Ver.),75,223535,False,0.508,0.842,1,-3.992,1,0.0612,0.078,0.0,0.0858,0.44,86.041,4,k-pop
47isJpIIO8m7BJEhiFhnaf,dhruv,double take,double take,75,171743,False,0.456,0.437,8,-11.156,1,0.0867,0.839,0.0,0.218,0.209,108.678,4,pop
2qhASBzpbFhPRtrnZ5lLnz,The Righteous Brothers,Just Once In My Life,Unchained Melody,75,218013,False,0.339,0.208,0,-16.725,1,0.0308,0.396,0.000519,0.18,0.288,98.54,3,r-n-b
4xMbBESczlHPUO8QeYi56p,Becky Hill;Topic,My Heart Goes (La Di Da) (feat. Topic),My Heart Goes (La Di Da) (feat. Topic),75,148960,False,0.695,0.781,7,-5.578,0,0.0452,0.0185,3.12e-05,0.295,0.456,124.04,4,edm
1eGW1YBT17a5G1hKPWrpW7,Kygo;Dean Lewis,Lost Without You (with Dean Lewis),Lost Without You (with Dean Lewis),75,203609,False,0.621,0.575,11,-6.243,1,0.0564,0.265,0.0,0.0932,0.343,117.887,4,edm
4dyx5SzxPPaD8xQIid5Wjj,Peter Bjorn and John,Writer's Block,Young Folks,75,276693,False,0.699,0.812,0,-6.005,1,0.0377,0.0164,0.000763,0.105,0.662,138.185,4,r-n-b
5KqldkCunQ2rWxruMEtGh0,Kenny Rogers,The Gambler,The Gambler,75,214880,False,0.671,0.501,4,-13.119,1,0.0594,0.342,0.0,0.194,0.86,87.04,4,country
6SZwj6cjc8JQbkrr8cbIUn,Jack Stauber,Pop Food,Oh Klahoma,75,185223,False,0.697,0.401,7,-10.216,1,0.0543,0.43,0.0109,0.316,0.478,108.996,4,indie
1Vej0qeQ3ioKwpI6FUbRv1,Linkin Park,Hybrid Theory (Bonus Edition),Papercut,75,184866,False,0.524,0.939,9,-3.994,1,0.113,0.00022,0.0,0.623,0.661,150.184,4,metal
2vkNA9I029dTwX0y6d59Sc,Anirudh Ravichander;Anthony Daasan,"Dippam Dappam (From ""Kaathuvaakula Rendu Kaadhal"")","Dippam Dappam (From ""Kaathuvaakula Rendu Kaadhal"")",74,209032,False,0.827,0.717,11,-7.755,0,0.111,0.0908,0.000523,0.0511,0.772,123.987,4,hip-hop
0fZRNhPJ4AGmwY7rkpdbqK,BTS,MAP OF THE SOUL : 7,ON,74,246380,False,0.583,0.817,9,-5.146,0,0.099,0.118,0.0,0.338,0.437,105.935,4,k-pop
2tjWCe2W7sgvS3C8NHcdtI,Akhil;Dhvani Bhanushali;Abhijit Vaghani;Bob,"Duniyaa (From ""Luka Chuppi"")","Duniyaa (From ""Luka Chuppi"")",74,222500,False,0.435,0.658,7,-5.949,0,0.0368,0.699,0.0,0.125,0.524,77.17,4,hip-hop
0qMip0B2D4ePEjBJvAtYre,LiSA,LEO-NiNE,紅蓮華,74,237586,False,0.541,0.977,4,-2.828,0,0.157,0.00321,5.13e-05,0.0796,0.263,134.938,4,rock
5mpUKTdskZea0gStWzeHUZ,Slipknot,We Are Not Your Kind,Unsainted,74,260773,True,0.427,0.946,7,-2.188,1,0.0469,0.000118,0.0253,0.0604,0.237,101.305,4,metal
4hPpVbbakQNv8YTHYaOJP4,Marshmello;Kane Brown,One Thing Right,One Thing Right,74,181823,False,0.659,0.625,4,-2.253,1,0.045,0.0644,0.0,0.582,0.442,88.042,4,edm
2ajUl8lBLAXOXNpG4NEPMz,Michael Bublé,Michael Bublé,Sway,74,188066,False,0.713,0.639,2,-5.529,0,0.0313,0.753,0.0,0.0878,0.737,125.959,4,jazz
23T0OX7QOiIUFShSzbJ5Uo,Gabby Barrett,Goldmine,I Hope,74,210772,False,0.466,0.536,6,-6.227,1,0.0429,0.0951,0.0,0.114,0.377,75.998,4,country
5YUyW9opqNsMSEzzecZih1,Nicky Jam;J Balvin,Intimo,X,74,172854,False,0.594,0.749,9,-5.298,0,0.056,0.0338,0.00106,0.3,0.694,179.968,4,reggae
6hmhG1b4LEyNuashVvuIAo,Zara Larsson;MNEK,So Good,Never Forget You,74,213427,False,0.583,0.732,11,-5.728,0,0.0457,0.00312,9.86e-06,0.269,0.276,145.992,4,edm
5LyfiK6iXEIBNEtcaGKohl,Bob Marley & The Wailers,Exodus,Jamming,74,211000,False,0.935,0.479,11,-10.981,0,0.306,0.107,5.25e-05,0.118,0.773,123.644,4,reggae
2EmcTFQ1rM11wp2ztsXTHa,BTS,MAP OF THE SOUL : 7,Black Swan,74,198260,False,0.719,0.757,2,-5.167,0,0.0849,0.137,0.0,0.129,0.489,147.024,4,k-pop
1c2vVx6knoiZHXbJJ9Mk8L,Justin Quiles;Robin Schulz,AEIOU,AEIOU,74,161880,False,0.689,0.856,5,-3.394,0,0.0813,0.0493,0.0,0.232,0.706,126.108,4,reggae
2uThc9fZx2BEL3t6uuRMO1,aleemrk;Umair,Cold Hours,Cold Hours,74,206117,False,0.737,0.613,1,-7.304,0,0.358,0.316,1.26e-06,0.343,0.493,170.14,4,hip-hop
2aXC0fD6qziwlOZZqhCqTd,Hot Shade;Mike Perry;Chris James,Dive,Dive,74,164490,False,0.654,0.787,4,-4.999,1,0.0502,0.00515,0.0,0.144,0.409,123.979,4,edm
7Feaw9WAEREY0DUOSXJLOM,Martin Garrix;Macklemore;Fall Out Boy,Summer Days (feat. Macklemore & Patrick Stump of Fall Out Boy),Summer Days (feat. Macklemore & Patrick Stump of Fall Out Boy),74,163804,True,0.661,0.723,5,-6.976,0,0.0566,0.179,1.23e-05,0.14,0.316,113.778,4,edm
7jEyX4bqaCSdMN4D4JNnVj,Jonas Blue;William Singe,Blue,Mama,74,184133,False,0.738,0.794,11,-4.118,0,0.0416,0.101,0.0,0.0533,0.566,104.014,4,edm
0M3adYbGtyRHACP86dey1H,Bring Me The Horizon,That's The Spirit,Throne,74,191520,False,0.426,0.888,0,-3.72,0,0.0987,0.000455,0.0,0.306,0.387,144.111,4,metal
28cnXtME493VX9NOw9cIUh,Johnny Cash,American IV: The Man Comes Around,Hurt,74,216533,False,0.534,0.392,9,-7.636,0,0.0267,0.649,0.000227,0.0948,0.163,90.379,4,country
2zrhoHlFKxFTRF5aMyxMoQ,aespa,Next Level,Next Level,74,221573,False,0.82,0.852,11,-2.567,0,0.166,0.488,5.94e-06,0.0907,0.82,109.036,4,k-pop
2avKuMN2QXkaG9vvHa2JLt,Limp Bizkit,Chocolate Starfish And The Hot Dog Flavored Water,Take A Look Around,74,321040,False,0.425,0.852,11,-5.607,1,0.046,0.0175,0.306,0.0935,0.512,101.968,4,metal
4255amV4enzl28KAn16rUO,Lost Frequencies,Less Is More,Are You With Me,74,138013,False,0.763,0.608,5,-8.1,0,0.035,0.262,2.5e-05,0.12,0.393,121.02,4,edm
72jbDTw1piOOj770jWNeaG,The Chainsmokers,Memories...Do Not Open,Paris,74,221506,False,0.653,0.658,2,-6.428,1,0.0304,0.0215,1.66e-06,0.0939,0.219,99.99,4,edm
3JkVYvxNoGf2HCWJo61462,Sidhu Moose Wala;Sunny Malton,No Name,Never Fold (feat. Sunny Malton),74,183225,False,0.814,0.786,8,-5.178,0,0.232,0.069,0.0,0.0976,0.797,93.025,4,hip-hop
5N4erncE7kuUccm7zEmwzk,Silk City;Dua Lipa;Diplo;Mark Ronson,Electricity (with Dua Lipa),Electricity (with Dua Lipa),74,238173,False,0.588,0.67,0,-6.439,1,0.0473,0.0104,3.33e-06,0.338,0.505,118.159,4,edm
6FQQiTpYnfc5803p84bQp1,Anirudh Ravichander,Vikram (Original Motion Picture Soundtrack),Vikram - Title Track,74,218823,False,0.638,0.842,7,-5.305,0,0.0524,0.174,0.000356,0.126,0.145,169.901,4,hip-hop
4sDbdBjuYQVdNNB4PiHUPo,Hollow Coves,Wanderlust,Coastline,74,233973,False,0.67,0.496,2,-11.23,1,0.0277,0.627,0.00319,0.0584,0.427,100.17,4,indie
31H6au3jhblhr6MMJiXnCq,Eric Carmen,The Definitive Collection,"Hungry Eyes - From ""Dirty Dancing"" Soundtrack",74,251066,False,0.712,0.549,5,-9.484,1,0.0254,0.011,0.0,0.118,0.552,109.882,4,r-n-b
2NVXBBbO4xGO851zrMfCFi,Sleepy Hallow;Alborosie,2 Mins of Pain (feat. Alborosie),2 Mins of Pain (feat. Alborosie),74,136695,True,0.886,0.434,11,-12.106,0,0.403,0.101,1.22e-06,0.297,0.785,147.995,4,r-n-b
5WWplXimzIjlJiN2N7T9Q3,Anirudh Ravichander;Kamal Haasan,"Pathala Pathala (From ""Vikram"")","Pathala Pathala (From ""Vikram"")",74,211384,False,0.826,0.779,0,-5.609,1,0.375,0.35,0.0,0.0657,0.936,130.091,4,hip-hop
0g4fzRkbLeCDUCoe5iUOcf,Lykke Li,so sad so sexy,sex money feelings die,74,139840,True,0.789,0.534,8,-6.347,0,0.0709,0.323,3.42e-06,0.0645,0.631,134.055,4,indie
7y9iMe8SOB6z3NoHE2OfXl,Halsey,hopeless fountain kingdom (Deluxe),Bad At Love,74,181279,False,0.675,0.751,0,-3.539,1,0.0296,0.0604,0.0,0.0893,0.612,118.384,4,indie
35sE2Ehvd1GzBzAIC0zFIu,Stray Kids,Street Man Fighter Original Vol.4 (Crew Songs),HEYDAY (Prod. Czaer),74,144773,False,0.892,0.808,2,-3.343,1,0.156,0.0335,0.0,0.0363,0.701,137.97,4,k-pop
3UEnF6y5tyHVtMzldS3svp,Unlike Pluto;Mike Taylor,Everything Black,Everything Black,74,228979,False,0.62,0.864,5,-4.334,0,0.114,0.0323,0.0,0.117,0.395,98.059,4,rock
6NEoeBLQbOMw92qMeLfI40,BLACKPINK,SQUARE ONE,WHISTLE,74,211631,False,0.818,0.723,11,-4.82,1,0.114,0.00561,0.0,0.0866,0.607,102.945,4,k-pop
0BRHnOFm6sjxN1i9LJrUDu,Good Charlotte,The Young and The Hopeless,The Anthem,74,175093,False,0.494,0.939,1,-3.127,1,0.126,0.00666,0.0,0.139,0.893,177.751,4,metal
6kls8cSlUyHW2BUOkDJIZE,Ellie Goulding;Juice WRLD,Hate Me (with Juice WRLD),Hate Me (with Juice WRLD),74,186223,False,0.657,0.768,8,-4.628,1,0.0507,0.108,0.0,0.144,0.759,75.025,4,edm
05RgAMGypEvqhNs5hPCbMS,Van Halen,1984 (Remastered),Panama - 2015 Remaster,74,210226,False,0.526,0.978,8,-5.436,1,0.108,0.00122,4.75e-05,0.0744,0.451,141.167,4,metal
3yUcJwYu7fXAfqMj9krY6l,Dido,No Angel,Thank You,74,218360,False,0.725,0.583,1,-9.942,0,0.0427,0.3,0.000238,0.0665,0.762,79.984,4,rock
4aYLAF6ckQ5ooGGGM7sWAa,Metallica,Metallica,The Unforgiven,74,386493,False,0.54,0.584,7,-9.579,1,0.0254,0.0108,0.00296,0.253,0.244,139.261,4,metal
36seMHoyXmLUNxcwzwjdF7,Christian Leave,Hope,Please Notice,74,116666,False,0.55,0.271,2,-8.451,1,0.0297,0.843,3.21e-06,0.107,0.198,111.344,4,indie
2l3dFxtoSMgMQVyRIUHjpz,Mitraz,Akhiyaan,Akhiyaan,74,191868,False,0.724,0.618,2,-9.007,1,0.0534,0.0533,0.704,0.0886,0.0683,100.021,4,pop
56s2s5e8WuBsWVKnmz6J9L,STAYC,WE NEED LOVE,BEAUTIFUL MONSTER,74,180000,False,0.594,0.647,6,-4.347,1,0.0834,0.121,0.0,0.352,0.511,82.321,4,k-pop
0AjcdGri5vhJsmZnduCEqd,girl in red,October Passed Me By,October Passed Me By,74,165746,False,0.445,0.367,0,-13.086,1,0.0452,0.761,0.075,0.0987,0.202,155.675,4,indie
0M955bMOoilikPXwKLYpoi,Three Days Grace,Three Days Grace,I Hate Everything About You,74,231480,False,0.498,0.83,6,-5.157,0,0.0421,0.00461,0.0,0.139,0.453,89.342,4,metal
0ZHILXmUaVSLEOCWxPQ1ga,Tanishk Bagchi;Yasser Desai;Asees Kaur,"Makhna (From ""Drive"")",Makhna,74,183000,False,0.696,0.704,1,-7.876,1,0.0423,0.167,0.0,0.155,0.426,124.972,4,pop
5nsET7aVWXu017lsQjRFCV,Stebin Ben;Nilesh Ahuja;Kumaar,Thoda Thoda Pyaar,Thoda Thoda Pyaar,74,244724,False,0.706,0.527,5,-8.706,0,0.0269,0.139,0.000169,0.112,0.144,103.008,4,pop
3ZGJhN4unVspOqpwGvUL2W,Diljit Dosanjh,Drive Thru,Lemonade,74,166666,False,0.789,0.744,1,-7.245,1,0.0414,0.281,0.0,0.0763,0.783,143.998,4,pop
7sVEoPc5ZUUQerRkgTypUZ,Javed Ali;Devi Sri Prasad,"Srivalli (From ""Pushpa The Rise Part - 01"")","Srivalli (From ""Pushpa The Rise Part - 01"")",74,224072,False,0.787,0.603,9,-4.781,1,0.034,0.435,0.0,0.101,0.743,106.984,4,pop
3yV2c3cYhkAwSsxAq6nRiv,Gajendra Verma,Table No. 21 (Original Motion Picture Soundtrack),Mann Mera,74,200120,False,0.535,0.765,1,-7.862,0,0.0444,0.054,0.0,0.0921,0.373,191.827,4,pop
1zng9uqqXoPkmU05nsAlsw,Bon Jovi,Keep The Faith,Bed Of Roses,74,394400,False,0.309,0.596,5,-5.599,1,0.0293,0.101,0.0,0.21,0.161,164.587,3,metal
6Yc3tjFCVR2bfAQFRTZBef,BTS,MAP OF THE SOUL : PERSONA,HOME,74,234177,False,0.633,0.799,7,-4.625,0,0.0427,0.0144,0.0,0.194,0.534,142.991,4,k-pop
5AyL2kgLtTWEu3qO3B9SqK,Far East Movement;The Cataracs;DEV,Free Wired,Like A G6,74,216893,False,0.435,0.837,3,-8.126,1,0.449,0.00676,0.0,0.117,0.778,124.913,4,edm
2Xy1UIVfOlukyye6Fd0wrI,Sam Feldt;Rita Ora,Follow Me,Follow Me,74,169672,False,0.673,0.729,6,-4.879,1,0.0496,0.083,0.0,0.1,0.675,122.023,4,edm
7GARzfC1mwhDuk4t9WOACq,j-hope,Jack In The Box,MORE,74,180022,False,0.783,0.722,2,-4.864,1,0.0357,0.00537,0.00209,0.105,0.306,97.031,4,k-pop
4QDpsNBlllaLGj8zbF2EE0,Stray Kids,ODDINARY,Charmer,74,188573,False,0.786,0.762,1,-2.508,1,0.0519,0.0524,1.04e-05,0.0971,0.731,90.963,4,k-pop
7CQhZA3qNDZBoTKWqjD7gR,Stray Kids,MAXIDENT,Give Me Your TMI,74,198173,False,0.749,0.862,11,-3.494,0,0.136,0.0513,0.0,0.0944,0.824,97.982,4,k-pop
5Pg4qYTcvCUBBq3jBhKq0t,Daddy Yankee;Pitbull,LEGENDADDY,HOT,74,154493,True,0.898,0.677,11,-6.422,0,0.243,0.0223,0.0,0.35,0.578,130.027,4,reggae
4Xtlw8oXkIOvzV7crUBKeZ,Daddy Yankee,Barrio Fino En Directo,Rompe,74,188626,True,0.696,0.858,9,-5.155,1,0.0859,0.0727,3.19e-06,0.0631,0.533,176.061,4,reggae
3w1WjD2zJqjBjDz5fwqQPJ,Jack Harlow,Thats What They All Say,Tyler Herro,74,156578,True,0.792,0.793,5,-6.185,0,0.0841,0.0872,0.0,0.22,0.775,123.031,4,k-pop
1sgDyuLooyvEML4oHspNza,Kygo;OneRepublic,Golden Hour,Lose Somebody,74,199549,False,0.58,0.586,1,-6.883,1,0.0357,0.344,0.0,0.0755,0.507,147.988,4,edm
2kkvB3RNRzwjFdGhaUA0tz,Derek & The Dominos,Layla And Other Assorted Love Songs (Remastered 2010),Layla,74,423840,False,0.404,0.902,1,-3.88,1,0.0665,0.577,0.297,0.287,0.497,115.669,4,country
1ju7EsSGvRybSNEsRvc7qY,Lynyrd Skynyrd,Pronounced' Leh-'Nerd 'Skin-'Nerd,Simple Man,74,356626,False,0.422,0.752,6,-8.682,1,0.0449,0.0366,0.000119,0.129,0.403,120.471,4,country
6DXLO8LndZMVOHM0wNbpzg,Don Omar;Lucenzo,Meet The Orphans,Danza Kuduro,74,198786,False,0.699,0.917,0,-4.897,1,0.115,0.078,0.0,0.065,0.889,130.04,4,hip-hop
1Z8TPHiKeCUyClxV6WTTIf,TOMORROW X TOGETHER,The Chaos Chapter: FREEZE,0X1=LOVESONG (I Know I Love You) feat. Seori,74,202203,False,0.584,0.836,0,-4.925,1,0.079,0.0558,0.0,0.0663,0.484,104.973,4,k-pop
7fcfNW0XxTWlwVlftzfDOR,Pantera,Vulgar Display of Power,Walk,74,315120,True,0.43,0.704,1,-8.008,0,0.0804,0.000155,0.00221,0.0933,0.703,118.242,4,metal
3gVhsZtseYtY1fMuyYq06F,Rammstein,Mutter,Sonne,74,272440,False,0.51,0.917,4,-4.806,0,0.0854,0.0054,0.000133,0.396,0.313,75.098,4,metal
03UrZgTINDqvnUMbbIMhql,PSY,Gangnam Style (강남스타일),Gangnam Style (강남스타일),74,219493,False,0.727,0.937,11,-2.871,0,0.286,0.00417,0.0,0.091,0.749,132.067,4,k-pop
0RdUX4WE0fO30VnlUbDVL6,Scorpions,Comeblack,Still Loving You,74,403453,False,0.282,0.605,6,-4.916,0,0.0294,0.0047,0.00144,0.103,0.0783,103.929,4,metal
5zT5cMnMKoyruPj13TQXGx,Amber Run,5AM (Expanded Edition),I Found,74,273000,False,0.567,0.303,7,-12.481,0,0.0351,0.862,0.00563,0.104,0.252,124.949,4,indie
3kpYJjvM8Ja6btr5hEJLWc,Eminem,Venom (Music From The Motion Picture),Venom - Music From The Motion Picture,74,269573,True,0.75,0.789,0,-5.058,1,0.0647,0.0148,0.0,0.501,0.467,135.954,4,hip-hop
1MTQHCpraD4S8g5PAFKzoj,Limp Bizkit,Results May Vary,Behind Blue Eyes,74,269973,False,0.595,0.489,7,-6.66,1,0.0271,0.497,0.0,0.119,0.0902,120.315,4,metal
51TG9W3y9qyO8BY5RXKgnZ,Megadeth,Countdown To Extinction,Symphony Of Destruction,74,246733,False,0.61,0.891,4,-5.452,0,0.0587,0.000805,0.0928,0.0657,0.51,139.903,4,metal
1K2RnVhm3eauKnA8PAcPu1,Glass Animals,Heat Waves (Expansion Pack),Heat Waves - Slowed,74,262248,False,0.633,0.55,9,-9.965,1,0.0924,0.649,0.000363,0.147,0.333,147.099,4,indie
2oaK4JLVnmRGIO9ytBE1bt,Red Hot Chili Peppers,The Getaway,Dark Necessities,74,302000,False,0.7,0.742,5,-6.777,0,0.0716,0.0722,0.0199,0.11,0.197,91.959,4,metal
56sk7jBpZV0CD31G9hEU3b,Three Days Grace,One-X,Animal I Have Become,74,231400,False,0.553,0.853,8,-3.668,1,0.0339,0.000684,0.0,0.126,0.506,122.023,4,metal
0faXHILILebCGnJBPU6KJJ,Breaking Benjamin,Phobia (Clean Version),The Diary of Jane - Single Version,74,200546,False,0.392,0.964,10,-4.441,0,0.0644,7.13e-05,0.0387,0.106,0.269,167.024,4,metal
2NTVtNcpC0i1R7LVGaCZCF,Badshah;Nikhita Gandhi,Jugnu,Jugnu,74,230400,False,0.716,0.803,10,-5.14,0,0.0445,0.03,0.0,0.0817,0.325,124.961,4,hip-hop
0tYZo2UhV1lrUez5CA0Iyw,ATEEZ,THE WORLD EP.1 : MOVEMENT,Guerrilla,74,207921,False,0.555,0.89,9,-5.349,1,0.132,0.00399,0.0,0.0506,0.581,181.963,4,k-pop
66hayvUbTotekKU3H4ta1f,Jack Ü;Skrillex;Diplo;Justin Bieber,Skrillex and Diplo present Jack Ü,Where Are Ü Now (with Justin Bieber),74,250285,False,0.432,0.781,4,-4.038,0,0.0567,0.041,4.21e-06,0.0789,0.197,139.432,4,edm
7GAaTpSoTWUTbP2Yxlt4Hd,Lady A,Need You Now,Need You Now,74,236440,False,0.581,0.717,4,-4.433,1,0.0318,0.0298,0.000186,0.243,0.316,107.884,4,country
3QSjVPObHxuAJc3E5nrjRn,K/DA;Madison Beer;Kim Petras;League of Legends,ALL OUT,VILLAIN,74,199125,False,0.653,0.634,5,-5.875,0,0.0391,0.0232,0.0,0.0908,0.306,160.013,4,k-pop
514GW1c9Jn21KgZmO6mZIE,Rammstein,Zeit,Armee der Tristen,74,205589,False,0.447,0.901,2,-5.397,1,0.0491,0.000415,0.000103,0.225,0.334,86.01,4,metal
5EOoMWIB9iK4ZpcSex9Ec7,Bob Seger,Stranger In Town,Old Time Rock & Roll,74,194146,False,0.714,0.937,6,-2.947,1,0.0399,0.206,0.0,0.0731,0.964,124.13,4,country
3dbLT62Cvs46Ju7a8gpr36,aespa,Savage - The 1st Mini Album,Savage,74,238143,False,0.727,0.879,9,-1.167,1,0.129,0.124,1.17e-05,0.244,0.671,146.959,4,k-pop
1HshHZrFIF5MRXWCZntOPr,Stray Kids,MAXIDENT,CHILL,74,195146,False,0.744,0.923,7,-2.797,1,0.0507,0.115,0.0,0.065,0.522,96.005,4,k-pop
3jsYQw78lrxJA2ysnmOIf9,BOL4,Red Diary Page.1,Some,74,181373,False,0.659,0.799,1,-2.849,0,0.0629,0.417,0.0,0.0562,0.782,103.991,4,k-pop
78tblPcz2otRZd1VOeU7zz,Yuvan Shankar Raja;Sid Sriram,"Kanja Poovu Kannala (From ""Viruman"")","Kanja Poovu Kannala (From ""Viruman"")",74,237558,False,0.72,0.692,8,-6.354,1,0.0894,0.291,0.0,0.177,0.52,110.011,4,k-pop
7mNZUnDWUDidWBFaUpVtOC,Vilen,Chidiya,Chidiya,74,253333,False,0.486,0.494,6,-8.56,1,0.0324,0.715,0.0,0.109,0.414,179.975,4,hip-hop
0yB4jrSwN0bFtFRDR5vyMj,EXO,LOVE SHOT– The 5th Album Repackage,Love Shot,74,200306,False,0.689,0.678,5,-4.287,0,0.119,0.0702,0.0,0.0889,0.335,145.883,4,k-pop
7qCAVkHWZkF44OzOUKf8Cr,Nicky Jam;Enrique Iglesias,Fénix,El Perdón (with Enrique Iglesias),74,205906,False,0.628,0.69,8,-5.83,1,0.0511,0.443,0.0,0.113,0.66,179.908,4,reggae
0LatE4S9UtCDwIdGQsFFKL,Stray Kids,NOEASY,"Red Lights (Bang Chan, Hyunjin)",74,189906,False,0.707,0.74,11,-4.311,0,0.0509,0.179,0.0,0.612,0.336,127.974,4,k-pop
0bBd6K5X4W7t9GyXcaVOA7,J Balvin;Ed Sheeran,Sigue/Forever My Love,Sigue,74,159386,True,0.889,0.641,7,-4.494,1,0.0668,0.0515,2.75e-05,0.19,0.588,87.99,4,reggae
2Xb6wJYGi0QXwURw5WWvI5,Gerry Rafferty,City to City,Right Down the Line,74,267773,False,0.783,0.322,0,-15.091,1,0.0343,0.213,0.00243,0.114,0.77,128.226,4,country
5XcZRgJv3zMhTqCyESjQrF,Alice Cooper,Trash,Poison,74,270080,False,0.28,0.908,2,-5.509,0,0.109,0.0327,8.85e-06,0.18,0.26,118.698,4,metal
6osaMSJh9NguagEDQcZaKx,DJ Snake;J Balvin;Tyga,Carte Blanche,Loco Contigo (feat. J. Balvin & Tyga),74,185194,False,0.694,0.758,11,-2.986,1,0.218,0.278,1.34e-06,0.102,0.371,192.091,4,edm
2OKo7g3KfmCt3kyLvUAL0g,NF,The Search,The Search,74,248040,False,0.789,0.786,2,-4.788,1,0.297,0.596,0.0,0.0997,0.39,119.957,4,hip-hop
2B4GHvToeLTOBB4QLzW3Ni,Farruko,La 167,Pepas,74,287120,True,0.762,0.766,7,-3.955,1,0.0343,0.00776,6.98e-05,0.128,0.442,130.001,4,reggae
3hLuHKzG1cmlRpq53ZVWd8,Gabby Barrett,Goldmine,The Good Ones,74,215140,False,0.519,0.552,2,-5.023,1,0.0259,0.18,0.0,0.149,0.331,89.957,4,country
4RKJRRd4VJfZWiqQTYsleE,Jack Harlow;Chris Brown,Thats What They All Say,Already Best Friends (feat. Chris Brown),74,197031,True,0.873,0.575,10,-7.284,0,0.0702,0.0891,0.0,0.108,0.872,103.005,4,k-pop
7y3c1oJMY1CwwtOZ84Qovu,Regard;Years & Years,Hallucination,Hallucination,74,174794,True,0.687,0.788,6,-5.142,0,0.0352,0.0121,0.0,0.358,0.669,123.02,4,edm
4pspYVQGFHLPEFgQPD1J7e,ITZY,IT'z ME,WANNABE,74,191242,False,0.809,0.911,6,-4.41,0,0.0617,0.00795,0.000179,0.181,0.64,122.035,4,k-pop
4gdiCHNbwugojBqr5Jt3pq,Kep1er,FIRST IMPACT,WA DA DA,74,183693,False,0.785,0.907,10,-2.657,1,0.0938,0.00122,3.11e-06,0.213,0.685,126.004,4,k-pop
3vv9phIu6Y1vX3jcqaGz5Z,The Chainsmokers;ROZES,Roses,Roses,74,226738,False,0.713,0.802,4,-7.055,1,0.0561,0.0435,0.00377,0.309,0.343,100.001,4,edm
62Yo3FDddWY8ydu6PW2wyz,Jack Harlow,Nail Tech,Nail Tech,74,206385,True,0.677,0.557,1,-8.409,1,0.0694,0.00508,8.36e-06,0.0984,0.1,150.127,4,k-pop
7eNSk0grNnO7MqjLZzs6MM,Mithoon;Arijit Singh;Neeti Mohan;Karan Malhotra,Shamshera,Fitoor,74,308459,False,0.516,0.481,0,-9.234,1,0.0433,0.819,2.87e-06,0.0893,0.212,138.997,4,pop
1iZLpuGMr4tn1F5bZu32Kb,Harrdy Sandhu,Bijlee Bijlee,Bijlee Bijlee,74,168450,False,0.795,0.67,1,-5.313,0,0.143,0.269,0.0,0.0733,0.643,100.004,4,pop
3mZLiEDAHIjZ8ms5Lxq33F,Diljit Dosanjh,Drive Thru,Peaches,74,189176,False,0.663,0.478,4,-7.265,0,0.185,0.095,0.0,0.0705,0.341,85.264,4,pop
5WzfGg2ueNoOS5aIkaR9qX,Arijit Singh;Rupali Moghe,Badhaai Do (Original Motion Picture Soundtrack),Atak Gaya - Arijit Singh,74,199407,False,0.4,0.366,6,-8.598,1,0.0342,0.87,0.00163,0.102,0.508,80.568,4,pop
5uFqjHOo3Sh0bVPCKf3DdH,aespa,Illusion,Illusion,74,195053,False,0.75,0.718,2,-2.817,0,0.0468,0.0814,1.75e-05,0.322,0.592,90.027,4,k-pop
7FDV5ELOJHCGLe52AnttEd,Shaggy;Rayvon,Hot Shot,Angel,74,235133,False,0.74,0.766,6,-2.939,1,0.178,0.116,0.0,0.0406,0.807,170.531,4,reggae
3UhXPxLDFKCj1ZO6mmtV0a,OneRepublic,Dreaming Out Loud,Apologize,74,208106,False,0.593,0.74,8,-6.12,1,0.0339,0.363,2.22e-05,0.102,0.502,118.008,4,rock
6jGnykaS6TkWp15utXSAeI,Norah Jones,Come Away With Me (Super Deluxe Edition),Come Away With Me,74,198226,False,0.436,0.141,0,-13.271,1,0.0308,0.902,2.81e-06,0.126,0.146,76.64,3,jazz
2CGhzWArXQZG86V1Ztv4Q2,Ozuna,OzuTochi,Mañana,73,192320,False,0.865,0.522,6,-4.648,1,0.0761,0.105,0.0154,0.0671,0.692,91.015,4,reggae
0lwyzp7GppQxv0Eu6wRkUo,David Guetta;Benny Benassi,Satisfaction,Satisfaction,73,155676,False,0.752,0.935,11,-6.263,1,0.203,0.0742,0.0352,0.081,0.31,126.022,4,edm
5HNCy40Ni5BZJFw1TKzRsC,Pink Floyd,The Wall,Comfortably Numb,73,382296,False,0.472,0.366,11,-12.595,0,0.0286,0.15,0.312,0.0837,0.171,127.163,4,rock
4FEr6dIdH6EqLKR0jB560J,Deftones,Koi No Yokan,Rosemary,73,413346,False,0.285,0.613,5,-6.412,1,0.0421,0.0185,0.1,0.114,0.0772,126.628,4,metal
2xCGBWfzTe8l2kvHpgvB6M,mxmtoon,the masquerade,prom dress,73,197933,False,0.56,0.674,10,-6.048,1,0.0446,0.698,0.0,0.123,0.421,119.942,4,indie
1di1C0QI6Y92yZPYn6XYAZ,KANA-BOON,TIME,シルエット,73,240133,False,0.436,0.934,2,-2.685,1,0.0507,1.03e-05,0.14,0.321,0.384,91.481,4,rock
7FdUvDkaE24o3FPIWTvzv2,Imagine Dragons,Follow You / Cutthroat,Follow You,73,175643,False,0.542,0.732,9,-5.956,1,0.0521,0.00209,7.92e-05,0.496,0.489,124.912,4,rock
1Lim1Py7xBgbAkAys3AGAG,Major Lazer;MØ;DJ Snake,Peace Is The Mission (Extended),Lean On,73,176561,False,0.723,0.809,7,-3.081,0,0.0625,0.00346,0.00123,0.565,0.274,98.007,4,edm
3odrUVQ9tvRpkC9II2oWzx,Ellie Goulding,"Still Falling For You (From ""Bridget Jones's Baby"" Original Motion Picture Soundtrack)","Still Falling For You - From ""Bridget Jones's Baby""",73,240867,False,0.473,0.518,1,-8.1,1,0.0405,0.553,1.26e-06,0.111,0.18,96.129,4,indie
1ujxjsoNvh4XgS2fUNwkZ2,Beach House,Depression Cherry,Space Song,73,320466,False,0.509,0.79,0,-7.105,0,0.0293,0.218,0.125,0.144,0.625,147.073,4,indie
2gSVKxPDww9Eep5rdvtdem,Limp Bizkit,Chocolate Starfish And The Hot Dog Flavored Water,My Way,73,272973,True,0.576,0.864,6,-3.981,1,0.0462,0.02,1.68e-06,0.683,0.609,97.225,4,metal
6udC4b4jOSnHb9ItnXgKLR,Sachin-Jigar;Shreya Ghoshal;Tochi Raina,Shor in the City (Original Motion Picture Soundtrack),Saibo,73,195253,False,0.619,0.429,2,-7.867,1,0.028,0.738,1.35e-05,0.136,0.545,90.058,4,hip-hop
1O73ZKgl0THUImkHW6dfAL,Kygo;Dean Lewis,Never Really Loved Me (with Dean Lewis),Never Really Loved Me (with Dean Lewis),73,202158,False,0.614,0.642,1,-5.473,1,0.0449,0.289,0.0,0.13,0.218,117.94,4,edm
1rN9QoVxw5U7TJkyaUR8C1,TK from Ling tosite sigure,Fantastic Magic,unravel,73,238360,False,0.508,0.889,7,-2.755,0,0.0862,0.0495,0.0,0.0984,0.332,135.014,4,rock
0uppYCG86ajpV2hSR3dJJ0,Red Hot Chili Peppers,Blood Sugar Sex Magik (Deluxe Edition),Give It Away,73,282906,False,0.666,0.936,7,-9.919,1,0.0476,0.00244,0.086,0.153,0.776,91.577,4,metal
2aIB1CdRRG7YLBu9hNw9nR,Marilyn Manson,Antichrist Superstar,The Beautiful People,73,218826,True,0.621,0.834,10,-10.068,0,0.0557,0.000779,0.456,0.0611,0.937,143.973,4,metal
0YammaEkYSeo9vQYZ1OwS6,David Guetta;Bebe Rexha;J Balvin,7,Say My Name,73,198946,False,0.703,0.66,10,-5.119,0,0.123,0.137,0.0,0.192,0.79,95.031,4,edm
0KoiMHhqKLoL4xM54rcWYY,DJ Snake;Selena Gomez;Ozuna;Cardi B,Carte Blanche,"Taki Taki (feat. Selena Gomez, Ozuna & Cardi B)",73,212500,True,0.842,0.801,8,-4.167,0,0.228,0.157,4.82e-06,0.0642,0.617,95.881,4,edm
63OFKbMaZSDZ4wtesuuq6f,Steppenwolf,Steppenwolf,Born To Be Wild,73,210373,False,0.438,0.71,2,-12.412,1,0.0919,0.262,0.537,0.221,0.53,145.928,4,country
7xnElMPFCmSlMJ0AY2hnxc,Whales;Fraxo;Lox Chatterbox,Dead To Me Slow + Reverb,Dead To Me - Slow + Reverb,73,267227,False,0.682,0.543,1,-8.66,1,0.0688,0.261,0.0,0.108,0.112,127.526,4,edm
73PAbYaVbnFG0tQ4aBfxeN,OneRepublic,Top Gun: Maverick (Music From The Motion Picture),I Ain't Worried,73,148485,False,0.704,0.797,0,-5.927,1,0.0475,0.0826,0.000745,0.0546,0.825,139.994,4,rock
3WBRfkOozHEsG0hbrBzwlm,Porter Robinson;League of Legends,Everything Goes On,Everything Goes On,73,202821,False,0.55,0.648,7,-6.542,1,0.0309,0.0191,0.0,0.0999,0.323,156.957,4,edm
1Rrj7KyS2R6SP9CQMDJW1w,SEVENTEEN,Love&Letter repackage album,VERY NICE,73,192092,False,0.746,0.898,3,-2.818,0,0.0725,0.0526,0.0,0.0858,0.879,121.967,4,k-pop
18UsAG7SfOQ5sxJEdjAMH0,The 1975,A Brief Inquiry Into Online Relationships,Be My Mistake,73,256688,False,0.572,0.155,6,-14.405,1,0.0344,0.835,0.000137,0.0906,0.0949,109.923,3,rock
1HXy5I3HTWq8OvxCn0z7G7,Kane Brown,Kane Brown (Deluxe Edition),Heaven,73,179506,False,0.677,0.556,9,-6.544,1,0.0306,0.263,0.0,0.105,0.521,80.006,4,country
5xrtzzzikpG3BLbo4q1Yul,IU,IU 5th Album 'LILAC',LILAC,73,214253,False,0.738,0.89,2,-2.275,0,0.0748,0.0895,1.89e-06,0.213,0.75,114.942,4,k-pop
70XnKsO3UnIT4FnEwChQXx,j-hope,Jack In The Box,= (Equal Sign),73,114477,False,0.673,0.75,9,-5.831,1,0.0655,0.0155,5.44e-06,0.348,0.708,105.848,4,k-pop
2SpEHTbUuebeLkgs9QB7Ue,Dolly Parton,Jolene,Jolene,73,161533,False,0.674,0.537,1,-10.971,0,0.0363,0.566,0.0,0.131,0.809,110.578,4,country
1YYhDizHx7PnDhAhko6cDS,John Denver,"Poems, Prayers and Promises","Take Me Home, Country Roads",73,190160,False,0.462,0.395,9,-9.376,1,0.0264,0.758,0.0,0.121,0.625,82.259,4,country
7CoMBpPTwQi2wPT0U0Nr9b,Novo Amor,Birthplace,State Lines,73,208653,False,0.509,0.31,9,-10.623,1,0.0313,0.959,0.229,0.0963,0.151,137.474,3,indie
0mG6igzxbH55XRyq3ygEh8,Sleepy Hallow,2055,2055,73,123986,True,0.775,0.518,6,-5.857,0,0.311,0.455,0.0,0.121,0.646,161.011,4,r-n-b
63mL1DdcSFfxVJ9XGnSRQz,TWICE,BETWEEN 1&2,Basics,73,176973,False,0.778,0.8,2,-3.529,1,0.227,0.254,0.0,0.139,0.585,137.997,4,k-pop
1qCQTy0fTXerET4x8VHyr9,Louis Armstrong,What A Wonderful World,What A Wonderful World,73,137520,False,0.399,0.258,5,-16.028,1,0.033,0.792,1.86e-06,0.128,0.192,108.174,3,jazz
4uOKFydzAejjSFqYbv1XPt,UB40,The Very Best Of,Red Red Wine,73,183733,False,0.857,0.468,1,-8.53,1,0.0476,0.00414,1.32e-05,0.269,0.843,89.119,4,reggae
3weNRklVDqb4Rr5MhKBR3D,Ludovico Einaudi,Una Mattina,Nuvole Bianche,73,357706,False,0.191,0.0582,8,-25.398,1,0.0578,0.961,0.89,0.0941,0.0454,132.614,1,classical
1HYzRuWjmS9LXCkdVHi25K,CHANYEOL;Punch,"Guardian (Original Television Soundtrack), Pt. 1",Stay With Me,73,192441,False,0.558,0.526,0,-4.686,0,0.033,0.431,0.0,0.126,0.202,124.709,4,k-pop
2W779g2UrRZtVdf3FcEOO1,Lyn Lapid,In My Mind,In My Mind,73,162794,False,0.668,0.392,2,-12.178,0,0.0585,0.789,0.00275,0.345,0.323,135.936,3,indie
6zAvNLJkdyRApUHnlJjKfO,Ali Zafar,Jhoom,Jhoom - R&B Mix,73,298986,False,0.662,0.4,2,-11.2,1,0.0548,0.735,1.65e-05,0.0863,0.617,79.972,4,pop
7lidXGPXPYLNThITAOTlkK,Halsey,Manic,You should be sad,73,205473,True,0.591,0.585,2,-6.35,1,0.0277,0.143,0.0,0.109,0.324,110.94,4,indie
5sFDReWLrZHLFZFjHsjUTS,Alice In Chains,Dirt (2022 Remaster),Would? (2022 Remaster),73,206773,False,0.305,0.833,6,-7.981,1,0.0398,0.000327,2.36e-05,0.091,0.586,100.675,4,metal
3QZ7uX97s82HFYSmQUAN1D,Rush,Moving Pictures (2011 Remaster),Tom Sawyer,73,276880,False,0.536,0.901,9,-7.211,1,0.0374,0.00145,0.0186,0.06,0.666,87.559,4,metal
6VrCmhRBFnuGKmtNfk4jDs,Marshmello;Lil Peep,Spotlight,Spotlight,73,177600,False,0.546,0.822,7,-4.483,1,0.151,0.0145,0.0,0.742,0.615,150.06,4,edm
2F6FfZ4w8z3eJpSxPotVO5,Korn,Issues,Falling Away from Me,73,270920,True,0.468,0.769,4,-7.036,1,0.041,0.00014,0.00124,0.271,0.17,104.102,4,metal
5rX6C5QVvvZB7XckETNych,Kid Rock,Rock n Roll Jesus,All Summer Long,73,297586,False,0.7,0.864,7,-3.629,1,0.0283,0.0212,0.0,0.0956,0.887,102.997,4,metal
1GMufNnkKAnPLnqKJ5HHxW,BLACKPINK,THE ALBUM,Lovesick Girls,73,192765,False,0.658,0.732,6,-4.762,1,0.0654,0.00513,0.0,0.13,0.409,127.995,4,k-pop
10oKSzRcwbZsog2uq2gb4b,Kx5;deadmau5;Kaskade;Hayla,Escape (feat. Hayla),Escape (feat. Hayla),73,240445,False,0.66,0.799,9,-6.934,0,0.0719,0.179,0.000364,0.701,0.148,126.08,4,edm
737gzPI5VAmgUGWiJ9yXuu,Sofía Reyes;Jason Derulo;De La Ghetto,Mal De Amores,"1, 2, 3 (feat. Jason Derulo & De La Ghetto)",73,201526,False,0.792,0.895,1,-3.112,0,0.0587,0.165,0.0,0.0501,0.793,94.968,4,pop
5sbooPcNgIE22DwO0VNGUJ,K/DA;Madison Beer;(G)I-DLE;Jaira Burns;League of Legends,POP/STARS,POP/STARS,73,191100,False,0.566,0.769,7,-4.342,1,0.0872,0.0183,0.0,0.108,0.385,170.036,4,k-pop
6k0X05danQOXSBTVek5DU1,SiM,The Rumbling,The Rumbling,73,220799,False,0.459,0.878,5,-1.399,0,0.0688,5.62e-05,0.000307,0.371,0.494,144.852,4,metal
3gFcGnU4kTdMYLXDjH1TK8,STAYC,YOUNG-LUV.COM,RUN2U,73,213426,False,0.722,0.676,11,-5.885,0,0.0829,0.000835,1.2e-05,0.321,0.362,129.943,4,k-pop
48i055G1OT5KxGGftwFxWy,Roy Orbison,"Oh, Pretty Woman","Oh, Pretty Woman",73,178933,False,0.619,0.603,9,-9.481,1,0.0342,0.712,0.0,0.0721,0.958,127.433,4,r-n-b
6M47gaKejso9772SKTa3yH,Tech N9ne;Joey Cool;King Iso;Dwayne Johnson,ASIN9NE,Face Off,73,219802,True,0.693,0.935,8,-4.323,1,0.224,0.18,0.0,0.179,0.391,80.882,4,hip-hop
3XZAvh2NCDQYHgJei35VQ1,Kep1er,DOUBLAST,Up!,73,192026,False,0.753,0.932,6,-2.706,1,0.119,0.0205,4.31e-06,0.0326,0.918,124.006,4,k-pop
6rrKbzJGGDlSZgLphopS49,The Score,ATLAS,Unstoppable,73,192106,False,0.485,0.843,1,-3.993,0,0.0467,0.00129,1.01e-05,0.14,0.602,78.001,4,rock
1jq28NGw6wdtFKx8MBPy6C,Nickelback,Dark Horse,Burn It to the Ground,73,212346,False,0.617,0.922,11,-3.474,1,0.0744,0.000247,0.388,0.363,0.6,132.059,4,metal
3ObPkJQAgjAhTwYvDhPrAW,TOMORROW X TOGETHER,minisode1 : Blue Hour,Blue Hour,73,209105,False,0.71,0.82,3,-4.362,0,0.0836,0.00962,0.0,0.0871,0.746,112.005,4,k-pop
1AM8QdDFZMq6SrrqUnuQ9P,Michael Bublé,It's Time,Feeling Good,73,237333,False,0.535,0.548,1,-6.51,1,0.037,0.533,1.48e-06,0.123,0.477,115.144,3,jazz
1ZLrDPgR7mvuTco3rQK8Pk,SHAUN;Conor Maynard;Sam Feldt,Way Back Home (feat. Conor Maynard) [Sam Feldt Edit],Way Back Home (feat. Conor Maynard) - Sam Feldt Edit,73,192452,False,0.737,0.747,10,-4.818,1,0.0323,0.269,0.0,0.219,0.447,105.943,4,k-pop
0CatzXH85XWyBqqdB6qPMB,NCT DREAM,Beatbox - The 2nd Album Repackage,Beatbox,73,205133,False,0.857,0.7,4,-4.189,0,0.074,0.0411,0.0,0.0334,0.773,93.997,4,k-pop
5CLGzJsGqhCEECcpnFQA8x,Rudimental;Jess Glynne;Macklemore;Dan Caplen,"These Days (feat. Jess Glynne, Macklemore & Dan Caplen)","These Days (feat. Jess Glynne, Macklemore & Dan Caplen)",73,210772,False,0.653,0.809,0,-4.057,1,0.0474,0.194,0.0,0.165,0.55,92.213,4,edm
6HSXNV0b4M4cLJ7ljgVVeh,Bob Dylan,Pat Garrett & Billy The Kid (Soundtrack From The Motion Picture),Knockin' On Heaven's Door,73,149880,False,0.513,0.396,7,-13.061,1,0.0299,0.251,0.177,0.11,0.229,140.208,4,country
2gscB6kDOmrv1P6qs2KXE3,Slipknot,Slipknot (10th Anniversary Edition),Wait and Bleed,73,147840,False,0.382,0.996,7,-4.119,1,0.104,0.00208,0.0,0.417,0.327,93.345,4,metal
4TgxFMOn5yoESW6zCidCXL,Jawsh 685;Jason Derulo;BTS,Savage Love (Laxed - Siren Beat) [BTS Remix],Savage Love (Laxed – Siren Beat) [BTS Remix],73,184905,True,0.758,0.598,0,-5.695,0,0.0868,0.16,0.0,0.295,0.658,149.836,4,pop
3AEZUABDXNtecAOSC1qTfo,CNCO,Primera Cita,Reggaetón Lento (Bailemos),73,222560,False,0.761,0.838,4,-3.073,0,0.0502,0.4,0.0,0.176,0.71,93.974,4,reggae
5XUuldRjPXcP5QxyEN4IXT,Falling In Reverse,Voices In My Head,Voices In My Head,73,191414,True,0.546,0.898,2,-3.067,0,0.162,0.0266,0.0,0.129,0.639,173.17,4,metal
3BVjPpVvki8Jpm1Ew21UjH,Vishal Chandrashekhar;S.P. Charan,"Inthandham [From ""Sita Ramam (Telugu)""]","Inthandham (From ""Sita Ramam (Telugu)"")",73,218808,False,0.652,0.37,4,-9.922,1,0.0604,0.661,0.0,0.109,0.662,99.894,4,pop
4L9Ds4mpD3SuYoWwFUlv16,Florida Georgia Line,Can't Say I Ain't Country,Simple,73,185200,False,0.362,0.882,3,-3.717,1,0.0973,0.0791,0.0,0.15,0.864,199.811,4,country
0XuepwFJUcKN8T5zTqoP0F,Stray Kids,IN LIFE,Back Door,73,189286,False,0.82,0.842,7,-3.853,1,0.272,0.157,0.0,0.112,0.653,107.952,4,k-pop
1SN1vSPsr4V4tIUTR3s8YW,Jonas Blue;Dakota,Blue,Fast Car,73,212424,False,0.672,0.578,9,-6.621,1,0.0569,0.469,0.0,0.312,0.548,113.945,4,edm
06WUUNf7q18NZfjIsQFsfa,Slayer,Repentless,Delusions of Saviour,73,115413,False,0.223,0.805,8,-8.969,1,0.037,0.000179,0.814,0.0849,0.25,168.165,4,metal
0ADZ5dmXhlfzjMw6lefoPl,Nickelback,All the Right Reasons,Far Away,73,238173,False,0.518,0.797,6,-5.153,1,0.0309,0.000681,0.0,0.107,0.293,132.918,4,metal
0pdfN7nOHMYmKykzu1cyfm,Shania Twain,The Woman In Me,Any Man Of Mine,73,246760,False,0.592,0.725,8,-8.698,1,0.0412,0.207,0.0,0.148,0.784,78.235,4,country
3sqRODOZ1Z6hR4F2tnFAlg,Maninder Buttar,Sakhiyaan,Sakhiyaan,73,179325,False,0.706,0.674,9,-5.932,1,0.044,0.3,0.0,0.202,0.359,83.001,4,hip-hop
2mlGPkAx4kwF8Df0GlScsC,Jack Stauber,Pop Food,Buttercup,73,208026,False,0.705,0.373,7,-9.066,1,0.0384,0.723,0.81,0.289,0.551,120.046,4,indie
2usrT8QIbIk9y0NEtQwS4j,The xx,xx,Intro,73,127920,False,0.617,0.778,9,-8.872,0,0.027,0.459,0.925,0.128,0.152,100.363,4,indie
2xtP8RNbo2BEMzLX7tK7aq,TWICE,CRY FOR ME,CRY FOR ME,73,204167,False,0.702,0.692,10,-5.405,1,0.0539,0.0542,0.0,0.0877,0.419,144.896,4,k-pop
1R0hxCA5R7z5TiaXBZR7Mf,JENNIE,SOLO,SOLO,73,169566,False,0.752,0.642,3,-5.165,0,0.0869,0.0861,0.0,0.0953,0.388,95.043,4,k-pop
4NBTZtAt1F13VvlSKe6KTl,The Chainsmokers;Kelsea Ballerini,Sick Boy,This Feeling,73,197946,False,0.575,0.571,1,-7.906,1,0.0439,0.0558,0.0,0.0912,0.449,105.049,4,edm
3MEYFivt6bilQ9q9mFWZ4g,Marshmello,Alone,Alone,73,273802,False,0.631,0.953,2,-3.739,1,0.0343,0.0241,0.0155,0.108,0.422,141.99,4,edm
2uZWffKoemZDI0gHcBEcDc,Cartoon;Daniel Levi,On & On,On & On,73,207068,False,0.451,0.692,11,-4.741,1,0.0398,0.287,0.0,0.115,0.423,174.122,4,edm
209pScL6fUhISxcLWkB6rf,Anirudh Ravichander,Vikram (Original Background Score),Lokiverse - Background Score,73,156330,False,0.64,0.86,7,-4.481,1,0.101,0.302,0.468,0.109,0.516,96.996,4,hip-hop
2PcGqmKToUz0s65q1Acg7d,AP Dhillon;Shinda Kahlon;Gminxr,HIDDEN GEMS,SPACESHIP,73,124498,False,0.69,0.683,5,-7.186,0,0.0968,0.076,0.000113,0.134,0.549,160.088,4,hip-hop
40KuvsFD0zpUFuCcmt5Xm0,XXXTENTACION,Bad Vibes Forever,Ex Bitch,73,121671,True,0.835,0.462,7,-6.227,1,0.155,0.513,0.0,0.0875,0.702,78.99,4,hip-hop
34TQk2yqzMX6X3AAAOeUvT,BLACKPINK,BORN PINK,Shut Down,73,175889,False,0.813,0.657,0,-6.447,1,0.0372,0.00269,0.0,0.183,0.651,110.053,3,k-pop
4BggEwLhGfrbrl7JBhC8EC,Crazy Town,The Gift Of Game,Butterfly,73,216733,False,0.736,0.811,9,-4.17,0,0.081,0.00132,0.000142,0.107,0.609,103.502,4,metal
5IX4TbIR5mMHGE4wiWwKW0,Metallica,...And Justice For All,One,73,447440,False,0.437,0.695,7,-9.447,1,0.0617,0.00111,0.0857,0.124,0.413,102.178,3,metal
40LQiUUUKXVGyNs09lHVjW,Hinder,Extreme Behavior,Lips Of An Angel,73,261853,False,0.476,0.736,2,-5.38,1,0.0343,0.0217,1.08e-06,0.203,0.251,129.084,4,metal
3hkC9EHFZNQPXrtl8WPHnX,Alka Yagnik;Arijit Singh,Tamasha,Agar Tum Saath Ho,73,341054,False,0.562,0.519,3,-8.744,1,0.0326,0.557,0.000268,0.172,0.415,122.925,4,k-pop
14BH4qO7pgCmIe6mgLKOK3,BANNERS,Empires On Fire,Someone To You,73,219800,False,0.468,0.936,2,-3.683,1,0.0455,0.00568,0.0,0.24,0.663,75.05,4,indie
33vfE5bxDMHpOFHMSgxehR,Stray Kids,MAXIDENT,"Can't Stop (Seungmin, I.N)",73,209666,False,0.645,0.87,1,-3.087,1,0.0465,0.00522,1.12e-06,0.101,0.79,119.973,4,k-pop
5nCthAh3jt4xKuLJAifAaR,Katy Perry,Harleys In Hawaii,Harleys In Hawaii,73,185815,False,0.722,0.757,10,-6.207,0,0.132,0.185,6.32e-06,0.126,0.721,140.094,4,pop
078fJxqEUz0LvbHSM6AoXJ,Stray Kids,MAXIDENT,SUPER BOARD,73,185960,False,0.751,0.87,4,-2.551,0,0.0713,0.00653,0.0,0.077,0.412,103.019,4,k-pop
2KZ3sNqPogEyMUUH6A5HFy,LISA,LALISA,LALISA,73,200689,False,0.804,0.652,8,-6.282,1,0.0898,0.0267,0.000782,0.118,0.854,150.076,4,k-pop
1WzAeadSKJhqykZFbJNmQv,Josh Turner,Your Man,Your Man,73,211893,False,0.744,0.637,6,-4.483,1,0.0241,0.337,0.000222,0.0696,0.785,100.511,4,country
1RouRzlg8OKFeqc6LvdxmB,Maluma,F.A.M.E.,Felices los 4,73,230000,False,0.766,0.756,5,-5.861,1,0.132,0.213,0.0,0.349,0.716,94.027,4,reggae
1dS4l6xmdgEhCZTAhdOm4N,BTS,Love Yourself 結 'Answer',Serendipity - Full Length Edition,73,276707,False,0.422,0.578,8,-7.524,1,0.0548,0.443,0.0,0.231,0.227,128.921,4,k-pop
0qo1JukfClmpHnUOJxpFXi,Mad Tsai,killer queen,killer queen,73,178888,True,0.69,0.732,3,-5.352,0,0.0497,0.0604,0.00114,0.168,0.636,107.977,4,indie
2dXsILW8gzkosqleHAvl0v,Metallica,Ride The Lightning (Remastered),For Whom The Bell Tolls - Remastered,73,309973,False,0.518,0.858,0,-6.147,1,0.0672,0.00563,0.00349,0.0598,0.249,117.897,4,metal
2YDOjCfkGciEXxSutB6LJR,Bob Sinclar;FISHER;Steve Edwards,World Hold On (FISHER Rework),World Hold On - FISHER Rework,73,178304,False,0.771,0.883,1,-5.243,0,0.0584,0.00596,0.00607,0.135,0.895,127.008,4,edm
7zkLpY72g6lKQbiHDqri1S,Norah Jones,Feels Like Home,Sunrise,73,200626,False,0.526,0.299,8,-13.797,1,0.031,0.941,0.097,0.106,0.679,156.848,4,jazz
3fwyItGexa88kR8j76dIqv,Pratsofficial,Aziyat 2.0 (Reprise Version),Aziyat 2.0 - Reprise Version,73,194285,False,0.445,0.28,10,-12.668,1,0.0275,0.819,1.29e-05,0.111,0.299,104.743,4,pop
0tpwqQhdfJXRcUDSNRjb9O,Arijit Singh;Neeti Mohan;Rashmi Virag,"Mere Yaaraa (From ""Sooryavanshi"")","Mere Yaaraa (From ""Sooryavanshi"")",73,285163,False,0.324,0.539,2,-8.076,1,0.038,0.713,3.15e-05,0.118,0.486,120.526,4,pop
1r1fPuhj9H4VdXr7OK6FL5,Linkin Park,LIVING THINGS,CASTLE OF GLASS,73,205400,False,0.615,0.911,1,-3.584,0,0.0278,0.0686,0.00188,0.0908,0.685,108.0,4,metal
3fjmSxt0PskST13CSdBUFx,Linkin Park,Meteora (Bonus Edition),Somewhere I Belong,73,213933,False,0.451,0.951,1,-3.754,1,0.0645,0.00038,2.39e-06,0.261,0.442,162.065,4,metal
6Rqn2GFlmvmV4w9Ala0I1e,Nina Simone,I Put A Spell On You,Feeling Good,73,174000,False,0.399,0.326,7,-9.239,0,0.0386,0.864,0.0,0.191,0.546,79.206,4,jazz
1hQFF33xi8ruavZNyovtUN,Frankie Valli & The Four Seasons,Who Loves You,"December, 1963 (Oh What a Night!)",73,197146,False,0.737,0.495,1,-13.489,1,0.027,0.0588,9.12e-06,0.0542,0.967,104.409,4,r-n-b
4nyF5lmSziBAt7ESAUjpbx,Gracie Abrams,minor,"I miss you, I’m sorry",73,167538,False,0.445,0.455,7,-6.405,1,0.0575,0.731,1.47e-06,0.124,0.151,109.885,5,indie
6BwPstqf4RoRMbDidFWNxE,Punctual;Jordan Shaw,Do It All Again,Do It All Again,73,137419,False,0.748,0.786,10,-5.129,0,0.057,0.0226,5.54e-05,0.167,0.664,123.996,4,edm
2uw2ftfyS4yJLWiTtbxasE,Stray Kids,CIRCUS,CIRCUS,73,194440,False,0.767,0.809,5,-3.734,0,0.0958,0.0337,0.0,0.0353,0.69,97.958,4,k-pop
4dq7XLDmFHNwc1yqL339qT,Anthony Keyrouz;Paradigm,Wake Me Up In Paris,Wake Me Up In Paris,73,136946,False,0.71,0.816,11,-4.516,0,0.186,0.0573,4.87e-06,0.176,0.363,131.001,4,edm
7ks6AZmFcm3Y6PGGxGSmlB,David Guetta,Nothing but the Beat (Ultimate Edition),Where Them Girls At (feat. Nicki Minaj & Flo Rida),73,194840,True,0.666,0.876,3,-3.078,1,0.0414,0.055,0.0,0.259,0.552,129.884,4,edm
27u7t9d7ZQoyjsCROHuZJ3,Clean Bandit;Mabel;24kGoldn,Tick Tock (feat. 24kGoldn),Tick Tock (feat. 24kGoldn),73,178373,False,0.779,0.705,0,-3.895,1,0.0344,0.369,7.91e-06,0.124,0.946,101.022,4,edm
3UygY7qW2cvG9Llkay6i1i,Evanescence,Fallen,Going Under,73,214946,False,0.37,0.858,11,-4.885,0,0.0545,0.00815,2.12e-05,0.229,0.464,175.077,4,metal
2PWTZV5znjLtZC5T1EVJvL,JVKE,this is what ____ feels like (Vol. 1-4),this is what falling in love feels like,73,120308,False,0.422,0.44,11,-5.53,1,0.0544,0.617,0.0,0.0837,0.332,128.934,5,indie
6TEftSkmWdTm1EpThnwqh6,Imagine Dragons,Mercury - Acts 1 & 2,Wrecked,73,244004,False,0.625,0.562,0,-5.828,0,0.0289,0.149,1.67e-05,0.109,0.229,93.998,4,rock
3Xfg7AegXaDLoD5GOUMf2e,STARSET,Transmissions (Deluxe Version),My Demons,73,288036,False,0.274,0.652,5,-6.196,0,0.0625,0.00768,6.42e-05,0.108,0.1,173.008,4,rock
27nzJVsvXqXyeMIcVxvB54,Sathyaprakash;VM Mahalingam;Nakul Abhyankar,Ponniyin Selvan Part-1 (Original Motion Picture Soundtrack),Chola Chola,73,219638,False,0.623,0.655,5,-9.998,0,0.203,0.304,0.0,0.18,0.749,99.739,4,pop
0NvGVd87SYZnryTcfQPKUO,Madhur Sharma,Kali Kali Zulfon Ke,Kali Kali Zulfon Ke,73,350324,False,0.612,0.495,7,-6.699,1,0.0383,0.726,0.0,0.125,0.433,154.03,3,pop
0dLbrlAVPPjpPqnYfmJsWk,Atif Aslam;Alisha Chinai;Pritam,Ajab Prem Ki Ghazab Kahani (Original Motion Picture Soundtrack),Tera Hone Laga Hoon,73,299827,False,0.684,0.771,8,-5.353,1,0.0307,0.548,0.0,0.112,0.539,119.982,4,pop
0pYacDCZuRhcrwGUA5nTBe,IU;SUGA,eight,eight(Prod.&Feat. SUGA of BTS),73,167573,False,0.676,0.869,1,-1.573,1,0.0423,0.115,0.0,0.132,0.594,120.029,4,k-pop
7MBqVOzb8C3f0FXr2LBLiq,OAFF;Savera;Lothika;Kausar Munir,"Doobey (From ""Gehraiyaan"")","Doobey (From ""Gehraiyaan"")",73,219686,False,0.751,0.669,3,-6.532,0,0.0359,0.342,1.31e-05,0.0822,0.359,119.014,4,indie
70Z9t1qhytWtG4cCmmi7mU,Twisted Sister,Stay Hungry,I Wanna Rock,73,179760,False,0.504,0.911,2,-2.97,1,0.0738,0.00512,0.0123,0.355,0.671,106.244,4,metal
31RTFPrB7wmYBhlkM2ILXG,System Of A Down,System Of A Down,Sugar,73,153800,True,0.451,0.889,1,-2.693,1,0.261,0.00167,0.00215,0.258,0.586,131.073,4,metal
6A4hgJdwriera4WSUl4moW,Sheff G;Sleepy Hallow,One and Only,Weight On Me,73,157619,True,0.801,0.533,3,-6.198,0,0.222,0.707,4.28e-05,0.125,0.626,121.959,4,r-n-b
3uRLwBjI2TahxslcMTvpFs,BTS,Love Yourself 承 'Her',DNA,73,223122,False,0.599,0.775,1,-4.018,0,0.0543,0.0217,0.0,0.0678,0.696,129.817,4,k-pop
0X1sqQ652p1sceKM2nJlIJ,Bon Jovi,Bon Jovi,Runaway,73,230666,False,0.475,0.899,9,-4.321,0,0.0637,0.00375,1.91e-05,0.14,0.603,152.445,4,metal
5gB2IrxOCX2j9bMnHKP38i,Rascal Flatts,Cars (Original Motion Picture Soundtrack),Life is a Highway,73,275640,False,0.562,0.934,5,-5.562,1,0.0607,0.00211,0.0,0.199,0.558,103.042,4,country
4m0q0xQ2BNl9SCAGKyfiGZ,The 1975,"I like it when you sleep, for you are so beautiful yet so unaware of it",Somebody Else,73,347525,True,0.618,0.793,0,-5.711,1,0.0601,0.204,0.0154,0.126,0.459,101.015,4,rock
6OcCk1dbAb7XNHsC098oEM,Kelsea Ballerini;LANY,I Quit Drinking,I Quit Drinking,73,171200,False,0.607,0.418,1,-6.997,1,0.0363,0.394,0.0,0.182,0.386,95.002,4,country
0jSccBRnhNU4KtACMQPvco,BTS,MAP OF THE SOUL : PERSONA,Mikrokosmos,73,224225,False,0.579,0.858,8,-5.212,1,0.114,0.125,0.0,0.0502,0.475,174.043,3,k-pop
1mB7dCUM7sPyNab6R43nlj,Falling In Reverse,The Drug In Me Is You,The Drug In Me Is You,72,218786,True,0.548,0.855,3,-3.266,1,0.151,0.0149,0.0,0.127,0.644,145.133,4,metal
01380RE6UfsPSdiUIwrCoH,BTS;Steve Aoki,Love Yourself 結 'Answer',MIC Drop (Steve Aoki Remix) - Full Length Edition,72,307675,False,0.606,0.85,11,-3.952,1,0.183,0.0114,1.01e-06,0.206,0.542,170.01,4,k-pop
5MTGPkmiUuud9NkA0sl2nI,BTS,Love Yourself 轉 'Tear',Magic Shop,72,275695,False,0.531,0.661,1,-5.836,1,0.0907,0.103,0.0,0.0779,0.278,149.934,4,k-pop
0WHtcCpZnoyFlQg3Mf2cdN,Ghost,IMPERA,Spillways,72,196946,False,0.575,0.868,5,-5.004,0,0.0319,0.000207,0.00294,0.0584,0.804,128.069,4,metal
0loZn1c5heXie7OAtvK6nH,Jubin Nautiyal;Rocky - Shiv,Humnava Mere,Humnava Mere,72,328992,False,0.401,0.553,5,-8.263,0,0.0337,0.47,2.96e-06,0.124,0.364,79.144,4,k-pop
0YZEYxd1oiqZRFhnnmTKKi,Motionless In White,Disguise,Another Life,72,205394,False,0.39,0.939,4,-3.828,0,0.0787,5.08e-05,0.0,0.0968,0.495,161.997,4,metal
0aE3V0zgSD2YwkEHW42gxG,BTS,The Most Beautiful Moment in Life: Young Forever,Burning Up (Fire),72,203351,False,0.626,0.706,10,-3.201,0,0.0596,0.00225,0.0,0.122,0.534,99.939,4,k-pop
2xlV2CuWgpPyE9e0GquKDN,Vancouver Sleep Clinic,Revival,Someone To Stay,72,254013,False,0.436,0.473,1,-7.24,1,0.0307,0.588,4.35e-05,0.103,0.242,108.906,4,indie
6L88EH68XwlaXwvChlTS41,BTS,Love Yourself 結 'Answer',Epiphany,72,240361,False,0.508,0.559,2,-6.366,0,0.0276,0.288,0.0,0.131,0.329,135.866,4,k-pop
3GJ4hzg4lrGwU51Y3VARbF,Dan + Shay,Dan + Shay,Speechless,72,213386,False,0.616,0.438,1,-5.968,1,0.0298,0.356,0.0,0.24,0.386,135.929,4,country
3zU9rdflI65tK4dkkNSp77,Alesso;Tove Lo,Forever,Heroes (we could be),72,210013,False,0.503,0.748,5,-4.124,1,0.0619,0.0305,0.0,0.343,0.356,125.896,4,edm
3SKzTIl9mW0DadTys9SFo3,Halsey,BADLANDS (Deluxe),Control,72,214761,False,0.549,0.675,4,-5.637,0,0.0332,0.399,0.0,0.181,0.206,119.898,4,indie
6RK3IsiUW6YaSMEodbO4tk,M83;Felsmann + Tiley,Solitude (Felsmann + Tiley Reinterpretation),Solitude - Felsmann + Tiley Reinterpretation,72,222354,False,0.367,0.202,0,-11.342,1,0.0313,0.668,0.145,0.109,0.0362,121.865,4,indie
3Vb8KkT6Ub5fFGPYJCJyLh,Anirudh Ravichander,Vikram (Original Background Score),Rolex Theme - Background Score,72,53247,False,0.61,0.925,8,-4.01,1,0.114,0.00804,0.767,0.131,0.442,101.992,4,hip-hop
2RaA6kIcvomt77qlIgGhCT,Judas Priest,British Steel,Breaking the Law,72,153840,False,0.362,0.961,2,-5.664,1,0.0857,0.024,9.35e-06,0.159,0.491,164.019,4,metal
3qrdLVOClRU4yPkcXZ7c5u,Ayushmann Khurrana;Tanishk-Vayu,"Mere Liye Tum Kaafi Ho (From ""Shubh Mangal Zyada Saavdhan"")","Mere Liye Tum Kaafi Ho (From ""Shubh Mangal Zyada Saavdhan"")",72,132158,False,0.701,0.638,6,-3.711,1,0.302,0.492,0.0,0.153,0.813,177.867,4,pop
5EYZZvmNAH5VZCwuzYJqoA,Jatin-Lalit;Shaan;Kailash Kher;Prasoon Joshi,Fanaa,Chand Sifarish,72,275931,False,0.829,0.665,2,-8.128,1,0.0868,0.242,1.75e-05,0.123,0.861,122.043,4,pop
0YJFlxeHMUr9MxSDQVuQJA,BTS,MAP OF THE SOUL : 7,My Time,72,234457,False,0.674,0.641,0,-5.139,0,0.0339,0.149,0.0,0.0925,0.664,99.91,4,k-pop
4gC6xOiJLHTpIARRdmYMaQ,Lipsika;Aditya Iyengar,Macherla Niyojakavargam,Ra Ra Reddy I Am Ready,72,260000,False,0.738,0.903,1,-7.528,1,0.253,0.383,0.0109,0.146,0.699,78.971,4,indie
2IO7yf562c1zLzpanal1DT,Halsey,BADLANDS (Deluxe),Gasoline,72,199593,True,0.731,0.58,10,-7.328,0,0.0399,0.223,0.0,0.129,0.319,119.997,4,indie
7cs7MLtAWvsdf3w5kBvfK2,Cigarettes After Sex,EP I.,Nothing's Gonna Hurt You Baby,72,286293,False,0.508,0.33,4,-14.071,1,0.0265,0.259,0.154,0.114,0.101,96.818,4,indie
4fIWvT19w9PR0VVBuPYpWA,Michael Bublé,Crazy Love,Haven't Met You Yet,72,244586,False,0.615,0.733,8,-4.808,1,0.0335,0.152,0.0,0.109,0.796,122.58,4,jazz
7rXcCpIAoOUCydkVDMcoPV,TAEYEON,INVU - The 3rd Album,INVU,72,204973,False,0.599,0.816,11,-3.412,0,0.0556,0.0911,2.17e-06,0.0961,0.399,106.962,4,k-pop
3Hz3tTQwOdM6XkA0ALB2G9,TWICE,Feel Special,Feel Special,72,206866,False,0.708,0.959,1,-1.338,1,0.0604,0.0296,0.00188,0.107,0.644,128.981,4,k-pop
7MXlTgQeo3IVlMpLnZuhxc,Imagine Dragons,Night Visions,It's Time,72,240306,False,0.656,0.884,2,-4.748,1,0.0372,0.0162,0.0,0.144,0.86,105.009,4,rock
0muK9BAzu2TJXQgWPsEj6e,Journey;Steve Perry,Separate Ways (Worlds Apart) [Bryce Miller/Alloy Tracks Remix],Separate Ways (Worlds Apart) - Bryce Miller/Alloy Tracks Remix,72,165074,False,0.43,0.569,2,-9.274,1,0.044,0.0115,0.0134,0.163,0.0668,129.992,4,rock
6DefzsWqnwrFrmNVnJxWkS,Asim Azhar,Jo Tu Na Mila,Jo Tu Na Mila,72,234037,False,0.508,0.507,0,-5.33,0,0.0384,0.0636,1.15e-05,0.359,0.218,159.68,4,pop
4iFPsNzNV7V9KJgcOX7TEO,Atif Aslam;Pritam,Ajab Prem Ki Ghazab Kahani (Original Motion Picture Soundtrack),Tu Jaane Na,72,341933,False,0.702,0.86,7,-3.969,1,0.0345,0.361,1.33e-06,0.133,0.829,120.042,4,pop
2GXXZFUxYg2LvG8SR0byOE,Atif Aslam,Badlapur (Original Motion Picture Soundtrack),Jeena Jeena,72,228969,False,0.682,0.344,5,-8.567,1,0.0281,0.789,0.0,0.121,0.548,104.984,4,pop
7zVCrzzEJU7u24sbJPXA5W,Kane Brown;Lauren Alaina,Kane Brown,What Ifs (feat. Lauren Alaina),72,188253,False,0.612,0.799,10,-4.603,1,0.0275,0.00898,0.0,0.172,0.687,125.976,4,country
4iEGv5Ne6HuCkFCjzxdWQK,Neeti Mohan;Sanjay Leela Bhansali,Gangubai Kathiawadi,Meri Jaan,72,238103,False,0.745,0.432,0,-8.092,0,0.0406,0.629,0.0,0.351,0.693,104.018,4,pop
6KuqAtoeVzxAYOaMveLNpH,Daddy Yankee,Dura,Dura,72,200480,False,0.783,0.84,1,-3.416,1,0.051,0.174,0.0,0.412,0.839,95.001,4,reggae
42T2QQv3xgBlpQxaSP7lnK,Creed,Weathered,One Last Breath,72,238240,False,0.386,0.677,2,-5.83,1,0.0346,0.00841,0.00366,0.341,0.195,126.602,4,metal
0VES0jpNQEdRpD31gYDIMe,Yoon Mirae;BIBI,Street Man Fighter Original Vol.3 (Mission by Rank),LAW (Prod. Czaer),72,189373,False,0.756,0.9,2,-4.428,1,0.0843,0.00857,0.000111,0.237,0.55,128.054,4,k-pop
4uK0M8AI6gyFmyzUneQpbi,A.R. Rahman;Arijit Singh;Shashaa Tirupati,"Rait Zara Si (From ""Atrangi Re"")","Rait Zara Si (From ""Atrangi Re"")",72,291462,False,0.563,0.495,2,-10.272,1,0.0362,0.781,0.0,0.0837,0.244,125.998,4,pop
2Fv2injs4qAm8mJBGaxVKU,Arijit Singh;Mithoon,"Tujhe Kitna Chahne Lage (From ""Kabir Singh"")","Tujhe Kitna Chahne Lage (From ""Kabir Singh"")",72,284779,False,0.427,0.396,11,-7.556,1,0.0366,0.736,0.0,0.11,0.306,70.368,4,pop
42fw0rxRO2xbesF6mJfd4Y,Dan + Shay,Dan + Shay,Tequila,72,196746,False,0.489,0.581,11,-5.731,1,0.0281,0.0312,0.0,0.132,0.494,86.016,4,country
0b6wdul3A5sQNpIOv03OxP,Duke Dumont,Ocean Drive,Ocean Drive,72,206320,False,0.686,0.718,8,-5.054,0,0.0431,0.00637,0.000703,0.119,0.557,115.026,4,edm
5G7pZ8G8NFvS1MQ9H4L7dC,Javed-Mohsin;Arijit Singh;Shreya Ghoshal,Pal,Pal,72,247286,False,0.51,0.502,7,-7.016,0,0.0325,0.71,0.0,0.0708,0.321,133.885,4,pop
34chhNX59Wo9HMFCsI3K8Y,Kane Brown;blackbear,Memory,Memory,72,153337,False,0.434,0.889,9,-5.684,1,0.0509,0.395,0.0,0.273,0.845,113.326,5,country
7bxGcILuAjkZzaveU28ZJS,BTS,The Most Beautiful Moment in Life: Young Forever,Save Me,72,196505,False,0.613,0.822,1,-3.48,1,0.062,0.0269,0.0,0.0783,0.54,139.936,4,k-pop
44tTqUi3xi7E28QLzHVdUA,TOMORROW X TOGETHER,The Chaos Chapter: FREEZE,Anti-Romantic,72,215188,False,0.641,0.489,0,-8.668,0,0.11,0.0509,0.0,0.071,0.206,142.977,4,k-pop
7BfW1eoDh27W69nxsmRicb,Bob Marley & The Wailers,Confrontation,Buffalo Soldier,72,255840,False,0.929,0.463,9,-8.651,1,0.308,0.142,5.26e-06,0.0634,0.757,124.084,4,reggae
1Wcr8zrKqbUX0zwN8Dbr16,ITZY,GUESS WHO,In the morning,72,172373,False,0.846,0.814,6,-4.685,0,0.149,0.0823,0.00094,0.13,0.722,140.055,4,k-pop
3Q7o2zzvXj7QiSCumjBpvu,Becky G;Daviles de Novelda,AMANTES,AMANTES,72,180153,False,0.736,0.77,10,-6.477,0,0.0335,0.109,0.0,0.112,0.837,135.018,4,reggae
4xAmbn7xiy6wGOs4oaxv70,Ghost,IMPERA,Call Me Little Sunshine,72,284266,False,0.566,0.871,5,-4.833,1,0.0311,0.000674,0.00144,0.107,0.41,88.012,4,metal
76YSWx6L6FNsuaP6GWBb8P,Labrinth;Zendaya,Imagination & the Misfit Kid,All For Us,72,191710,False,0.46,0.66,3,-6.642,1,0.0652,0.0108,0.000139,0.34,0.18,141.722,4,indie
6y20BV5L33R8YXM0YuI38N,Queens of the Stone Age,Songs For The Deaf,No One Knows,72,278746,False,0.509,0.584,0,-4.907,1,0.057,0.0368,9.96e-05,0.384,0.685,170.411,4,metal
4CbKVDZkYKdv69I4bCaKUq,Skillet,Awake,Hero,72,186813,False,0.533,0.967,1,-2.543,1,0.0995,0.00791,0.0,0.336,0.782,142.018,4,metal
5uHy68Q7ZWe8Qq9k7EAprS,Karan Aujla,Sheesha,Sheesha,72,160851,False,0.708,0.672,6,-7.493,0,0.0582,0.322,0.0,0.135,0.399,93.886,4,hip-hop
4kWO6O1BUXcZmaxitpVUwp,Tiësto;Dzeko;Preme;Post Malone,Jackie Chan,Jackie Chan,72,215759,True,0.747,0.834,3,-2.867,0,0.045,0.374,0.0,0.0586,0.687,128.005,4,edm
1AEYT6VxrxXPMoQUxsY0E4,Trapt,Trapt,Headstrong,72,285569,True,0.492,0.896,4,-5.819,0,0.117,0.000172,2.78e-06,0.189,0.534,184.981,4,metal
32FVH23yFXr8Z0sfjRw4It,AP Dhillon,Two Hearts Never Break The Same,Wo Noor,72,199420,False,0.761,0.554,1,-8.119,0,0.0854,0.193,0.00844,0.0802,0.555,92.52,4,hip-hop
0BTaaKT4RMbs5M73tOHX5Y,TWICE,Taste of Love,Alcohol-Free,72,210573,False,0.688,0.909,8,-1.992,1,0.0624,0.0474,1.35e-06,0.0674,0.702,97.097,4,k-pop
2fVHrSxsQbJUuj9MW9zG1e,The Chainsmokers;5 Seconds of Summer,World War Joy,Who Do You Love,72,226733,True,0.51,0.846,3,-4.595,1,0.0461,0.0101,0.0,0.208,0.475,139.927,4,edm
2SgbR6ttzoNlCRGQOKjrop,Pantera,Cowboys from Hell,Cowboys from Hell,72,243533,True,0.415,0.908,2,-9.701,1,0.0765,0.00437,0.0345,0.082,0.437,114.816,4,metal
5eGsHi6RcL33gb9k89UYaB,Tegi Pannu;Manni Sandhu,Schedule,Schedule,72,148376,False,0.826,0.581,3,-6.425,0,0.21,0.518,2.49e-06,0.0703,0.787,92.434,4,hip-hop
01Q3OyB05mLgH01fpdAMPP,M83,"Hurry up, We're Dreaming",Wait,72,343253,False,0.426,0.228,2,-10.552,1,0.0322,0.198,0.13,0.0832,0.0822,147.994,4,indie
7j43FohbLVulScL7S9sQZk,Rammstein,Rammstein,Ausländer,72,231603,False,0.681,0.912,0,-4.159,1,0.0912,0.000757,0.00136,0.359,0.479,125.031,4,metal
0i8JFpqe9cKwnrcvoNgl1L,Skillet,Unleashed,Feel Invincible,72,229933,False,0.603,0.886,5,-3.777,0,0.0837,0.00045,0.0,0.26,0.395,126.025,4,metal
0UuNO0yYvsMPlyLF7RfQlg,Rammstein,Zeit,Angst,72,224801,False,0.639,0.86,11,-4.27,1,0.069,0.000306,0.00549,0.0507,0.328,112.025,4,metal
0gPgdRfB4jdGrlyXS0Vx78,Vishal-Shekhar;KK;Shilpa Rao,Bachna Ae Haseeno,Khuda Jaane,72,333583,False,0.382,0.632,8,-6.393,1,0.0411,0.391,0.000486,0.0922,0.716,78.936,4,pop
7uUahoeqGNRMbpdeiLj1rS,Au/Ra,Panic Room,Panic Room,72,237772,False,0.495,0.426,8,-9.434,1,0.0736,0.152,5.65e-06,0.099,0.0636,97.91,4,edm
2FCXQHugkoHE1K3tiDu8pu,Alka Yagnik;Arijit Singh,Love Forever With Arijit Singh,"Agar Tum Saath Ho (From ""Tamasha"")",72,341054,False,0.562,0.519,3,-8.744,1,0.0326,0.557,0.000268,0.172,0.415,122.925,4,k-pop
51Of5p3lKZeOg6itfs4og4,twocolors,Lovefool,Lovefool,72,190487,False,0.677,0.766,6,-6.896,1,0.0568,0.0219,6.81e-06,0.129,0.198,123.062,4,edm
6p8eFfPw3nQkf37aT3AkmK,Iron Maiden,Fear of the Dark (2015 Remaster),Fear of the Dark - 2015 Remaster,72,438120,False,0.308,0.866,2,-5.671,0,0.059,0.000739,0.00141,0.232,0.227,109.825,4,metal
2CPqh63wRVscbceKcPxwvv,Mike Perry;shy martin,The Ocean (feat. Shy Martin),The Ocean (feat. Shy Martin),72,183414,False,0.632,0.575,5,-6.478,1,0.029,0.0225,1.81e-06,0.104,0.188,90.037,4,edm
2x0RZdkZcD8QRI53XT4GI5,Avicii;Aloe Blacc,TIM,SOS (feat. Aloe Blacc),72,157202,False,0.802,0.645,5,-6.181,0,0.0715,0.272,0.0,0.119,0.376,100.001,4,edm
3oWxFNsXstcancCR1wODR4,Akhil Sachdeva;Tulsi Kumar,Kabir Singh,Tera Ban Jaunga,72,236436,False,0.605,0.53,11,-6.346,1,0.0246,0.821,0.0,0.131,0.397,93.95,4,pop
4qVStkAhz8A61r7bfLqPvM,Atif Aslam;Jyotica Tangri,Laila Majnu,O'Meri Laila,72,281856,False,0.577,0.812,8,-4.801,1,0.0535,0.158,0.0,0.25,0.758,160.1,3,pop
57jOEZtoLQK4zF2x55bdkp,Rochak Kohli;Arijit Singh;Neha Kakkar,"Tu Hi Yaar Mera (From ""Pati Patni Aur Woh"")","Tu Hi Yaar Mera (From ""Pati Patni Aur Woh"")",72,200991,False,0.718,0.382,7,-8.237,1,0.0466,0.585,0.0,0.128,0.499,87.029,4,pop
0DmAvNCAK08oCi7miSZUIY,Sigala;James Arthur,Lasting Lover,Lasting Lover,72,218358,False,0.676,0.786,1,-4.529,1,0.0478,0.197,0.0,0.0943,0.483,125.983,4,edm
6y6xhAgZjvxy5kR5rigpY3,Alesso;Marshmello;James Bay,Chasing Stars (feat. James Bay),Chasing Stars (feat. James Bay),72,170457,False,0.594,0.64,10,-6.865,1,0.033,0.0169,0.0,0.135,0.492,92.871,4,edm
1SssFw74DdHVjRa6ADggdD,Inner Circle,Blazzin' Fire,Sweat (A La La La La Long),72,227067,False,0.787,0.728,0,-7.705,1,0.218,0.0124,0.0,0.157,0.94,173.026,4,reggae
0ZeGfEAL5Rl4pd5LZBGuEK,Hwa Sa,María,Maria,72,199026,False,0.658,0.749,9,-2.967,0,0.0634,0.238,2.03e-06,0.272,0.442,128.909,4,k-pop
4Zc7TCHzuNwL0AFBlyLdyr,Iron Maiden,The Number of the Beast (2015 Remaster),Run to the Hills - 2015 Remaster,72,233506,False,0.249,0.943,0,-5.188,1,0.0669,0.0286,0.00401,0.162,0.458,173.671,4,metal
3a94TbZOxhkI9xuNwYL53b,Red Hot Chili Peppers,Black Summer,Black Summer,72,232412,False,0.417,0.682,1,-5.071,1,0.0295,0.0267,0.000669,0.109,0.351,105.542,4,metal
6RJdYpFQwLyNfDc5FbjkgV,Disturbed,Ten Thousand Fists,Stricken,72,245226,False,0.402,0.969,8,-2.825,1,0.181,9.14e-05,0.0325,0.225,0.262,173.847,4,metal
3OC2C8IpFhbUJTeMe55QYn,ENHYPEN,MANIFESTO : DAY 1,ParadoXXX Invasion,72,187490,False,0.727,0.863,1,-3.181,1,0.0879,0.0298,0.0,0.334,0.72,94.952,4,k-pop
61dCUoMCg28qEBzrW6htYM,Clean Bandit;Jess Glynne,New Eyes,Rather Be (feat. Jess Glynne),72,227833,False,0.799,0.586,11,-6.735,1,0.0377,0.162,2.03e-06,0.193,0.549,120.97,4,edm
7COfe3P7KgfwDwIRB8LIDw,J Balvin;Willy William,Vibras,Mi Gente,72,185040,False,0.548,0.704,11,-4.838,0,0.0777,0.0168,2.25e-05,0.143,0.288,104.666,4,reggae
2dWNKXTs5z7Iu1g0kYh4Xe,Becky Hill;Topic,Only Honest On The Weekend,My Heart Goes (La Di Da) (feat. Topic),72,148960,False,0.695,0.781,7,-5.578,0,0.0452,0.0185,3.12e-05,0.295,0.456,124.04,4,edm
0GzuHFG4Ql6DoyxFRnIk3F,Maluma;The Weeknd,Hawái (Remix),Hawái - Remix,72,200481,False,0.766,0.788,6,-3.128,0,0.312,0.105,5.81e-06,0.142,0.609,179.984,4,reggae
3hboOw4dS0aXGuP0fyyvbC,Tenille Arts,"Love, Heartbreak, & Everything in Between",Somebody Like That,72,198208,False,0.574,0.798,6,-5.356,1,0.0485,0.0152,0.0,0.111,0.58,105.034,4,country
6pp6xf9zS55GD4nr318XUH,BTS,Love Yourself 承 'Her',dimple,72,196776,False,0.612,0.844,5,-4.694,0,0.0757,0.14,0.0,0.289,0.652,134.872,4,k-pop
2xPV95cfbyusygMTxpa3SW,Dan + Shay,Good Things,You,72,196253,False,0.544,0.572,0,-6.205,1,0.0319,0.118,0.0,0.234,0.52,169.885,4,country
59kHPbwyyCApYA8RQQEuXm,Alan Jackson,A Lot About Livin' (And A Little 'Bout Love),Chattahoochee,72,148160,False,0.606,0.706,0,-9.665,1,0.0379,0.362,0.0,0.16,0.819,174.533,4,country
0rFWuqFgHAfuzE8uSB9TWR,Guns N' Roses,Use Your Illusion I,Live And Let Die,72,182733,False,0.262,0.777,11,-8.671,1,0.0632,0.0109,0.113,0.12,0.264,152.5,4,metal
396FqjKmViUZ92Wmm4rx3i,aespa,Girls - The 2nd Mini Album,Illusion,72,195053,False,0.75,0.718,2,-2.817,0,0.0468,0.0814,1.75e-05,0.322,0.592,90.027,4,k-pop
1W1dS4VnIrYnllQJ3CAcZy,Sidhu Moose Wala,So High,So High,72,218666,False,0.538,0.763,11,-6.346,0,0.205,0.0152,0.0,0.109,0.484,180.002,4,hip-hop
0a6zRnrjmaOcqsEIFkXIhw,Akhil,Khaab,Khaab,72,201689,False,0.662,0.661,0,-5.689,1,0.0514,0.417,0.0,0.0784,0.222,80.009,4,hip-hop
0AOmbw8AwDnwXhHC3OhdVB,Thousand Foot Krutch,The End Is Where We Begin,Courtesy Call,72,236898,False,0.531,0.638,11,-5.145,0,0.0809,0.00409,0.0,0.0822,0.445,164.079,4,metal
6rUp7v3l8yC4TKxAAR5Bmx,Three Days Grace,Three Days Grace (Expanded Edition),I Hate Everything About You,72,231480,False,0.498,0.83,6,-5.157,0,0.0421,0.00461,0.0,0.139,0.453,89.342,4,metal
0rRjGruFonCGOt0S5zAJNQ,Glass Animals,How To Be A Human Being,The Other Side Of Paradise,72,320654,True,0.689,0.338,11,-7.634,0,0.0629,0.349,5.7e-05,0.0649,0.568,128.012,4,indie
2ayIgfvWo3SfYP2pVOr4pC,ROSÉ,R,Gone,72,207163,False,0.647,0.377,6,-6.003,1,0.0375,0.594,0.0,0.0768,0.653,79.936,4,k-pop
2xgACMNtJ5YktyvOC83SPO,ROSÉ,R,On The Ground,72,168085,False,0.311,0.607,1,-6.578,1,0.11,0.0174,0.0,0.131,0.286,188.7,4,k-pop
6o39Ln9118FKTMbM4BvcEy,Bring Me The Horizon,That's The Spirit,Drown,72,222093,False,0.405,0.94,1,-3.103,0,0.0844,0.000102,2.79e-05,0.719,0.24,143.126,4,metal
2AY1UAimvTqjJC8vDJsOyy,Becky G;Bad Bunny,MALA SANTA,Mayores,72,203186,False,0.745,0.836,5,-4.336,0,0.0444,0.145,0.00314,0.116,0.874,96.993,4,reggae
3KeMulXbLDJBQdY5PZbGEh,A.R. Rahman;Shreya Ghoshal,Mimi (Original Motion Picture Soundtrack),Param Sundari,72,200218,False,0.815,0.761,4,-7.162,0,0.144,0.192,0.0,0.0272,0.82,121.999,4,pop
1ccZZf0IQi5y0bHMl2aGDF,Sanam,Universally SANAM,Gulabi Aankhen,72,197759,False,0.636,0.647,0,-6.97,0,0.0436,0.422,0.0,0.251,0.44,105.914,4,pop
0dKg2vGC1hFqcK5LGTaKzX,KAROL G;Nicki Minaj,KG0516,Tusa,72,201920,False,0.799,0.701,2,-3.272,1,0.282,0.309,7.36e-05,0.0514,0.607,100.946,4,reggae
6fqaMyg066xlukvUJWdM2T,BTS,MAP OF THE SOUL : 7,00:00 (Zero O’Clock),72,250295,False,0.56,0.547,1,-6.456,1,0.0675,0.0806,0.0,0.11,0.199,157.962,4,k-pop
6GqqGv8frU7kqzXkm2rewI,Five Finger Death Punch,F8,A Little Bit Off,72,190718,True,0.664,0.828,0,-6.053,1,0.0404,0.00839,0.0,0.294,0.82,103.985,4,metal
3JiaA3hvuKu4Fjf6AWwVMX,Gracie Abrams,Difficult,Difficult,72,257881,False,0.599,0.59,2,-9.135,1,0.0645,0.432,6.54e-06,0.397,0.402,146.022,4,indie
3Vmo13MxVRKBszmfK61ONH,Karan Aujla;YG,Way Ahead,Gangsta,72,190153,True,0.791,0.687,1,-6.279,1,0.104,0.00665,2.12e-06,0.0986,0.513,130.154,4,hip-hop
0PCGfA36HrVPmsBZJ57zOU,Wet Wet Wet,Picture This (20th Anniversary Edition),"Love Is All Around - From ""Four Weddings And A Funeral""",72,246240,False,0.523,0.689,10,-6.58,1,0.027,0.228,0.0,0.109,0.547,84.09,4,r-n-b
0dlTGl67UFWcKupzkxZYOn,Guns N' Roses,Use Your Illusion II,You Could Be Mine,72,343640,False,0.35,0.985,10,-5.676,0,0.122,0.00876,0.551,0.36,0.323,151.007,4,metal
1y1rQTkWmrZdJmjwuK07GC,Vishal Mishra,"Kaise Hua (From ""Kabir Singh"")","Kaise Hua (From ""Kabir Singh"")",72,234722,False,0.385,0.464,2,-6.975,1,0.0404,0.452,0.0,0.109,0.15,137.839,4,pop
1w3exvIgbRFV2ijf6qyWm8,Sidhu Moose Wala,No Name,Everybody Hurts,72,173333,False,0.738,0.599,8,-7.102,1,0.0393,0.434,0.0,0.13,0.575,120.052,5,hip-hop
6XPmY4hIb1RGRyNuq0UBsl,The PropheC,The Lifestyle,Kina Chir,72,216026,False,0.622,0.431,11,-8.26,0,0.0293,0.0955,0.0,0.088,0.365,117.919,4,hip-hop
6juLaduD4STCUDWT0AYun4,K/DA;Madison Beer;(G)I-DLE;Lexie Liu;Jaira Burns;Seraphine;League of Legends,MORE,MORE,72,217088,False,0.66,0.787,1,-4.592,0,0.032,0.00257,0.0,0.323,0.199,142.018,4,k-pop
1c1sdxrYLIiuJOlE7PPttb,Kygo;Zoe Wees,Love Me Now (feat. Zoe Wees),Love Me Now (feat. Zoe Wees),72,195880,False,0.662,0.489,5,-7.067,1,0.0525,0.163,0.0,0.172,0.506,102.04,4,edm
7CAbF0By0Fpnbiu6Xn5ZF7,Bring Me The Horizon;BABYMETAL,POST HUMAN: SURVIVAL HORROR,Kingslayer (feat. BABYMETAL),72,220041,True,0.434,0.929,1,-2.749,1,0.147,0.000207,0.00109,0.0916,0.428,92.541,4,metal
3zwmW1gM4E8FlHXV5nE16u,Audioslave,Out of Exile,Be Yourself,72,278973,False,0.423,0.845,11,-3.509,0,0.0559,0.143,5.07e-06,0.213,0.317,116.602,4,metal
7mldq42yDuxiUNn08nvzHO,Sam Hunt,Body Like A Back Road,Body Like A Back Road,72,165386,False,0.732,0.458,5,-7.225,1,0.0311,0.447,0.0,0.136,0.661,98.938,4,country
4lAE47gj539h8R1yxPhhGG,BTS,Love Yourself 轉 'Tear',Airplane pt.2,72,218614,False,0.77,0.817,0,-4.092,0,0.0339,0.0265,0.000103,0.084,0.866,139.979,4,k-pop
3eH3HTKPBmxvbT7OgxjNit,Vishal Chandrashekhar;Anurag Kulkarni;Sinduri Vishal,"Kaanunna Kalyanam [From ""Sita Ramam (Telugu)""]","Kaanunna Kalyanam (From ""Sita Ramam (Telugu)"")",72,232513,False,0.502,0.425,6,-12.018,0,0.0413,0.664,0.0,0.364,0.72,180.2,3,pop
55Ctj6nVfobn9AcPe6sLG2,BTS,2 Cool 4 Skool,Like,72,231893,False,0.737,0.723,0,-4.165,0,0.0705,0.303,0.0,0.26,0.783,100.939,4,k-pop
3nwd2gUT7l10HDUAOKXrhs,Ellie Goulding;Big Sean,Easy Lover (feat. Big Sean),Easy Lover (feat. Big Sean),72,215937,False,0.675,0.817,5,-3.789,0,0.0497,0.00711,0.0,0.0839,0.446,105.964,4,edm
5W8HXMOMLtXLz0RGKUtnlZ,Skylar Grey;Polo G;Mozzy;Eminem,"Last One Standing (feat. Polo G, Mozzy & Eminem) [From Venom: Let There Be Carnage]","Last One Standing (feat. Polo G, Mozzy & Eminem) - From Venom: Let There Be Carnage",72,257368,True,0.664,0.692,1,-4.128,0,0.127,0.237,0.0,0.0798,0.233,154.924,4,rock
7iAqvWLgZzXvH38lA06QZg,Queen,Bohemian Rhapsody (The Original Soundtrack),I Want To Break Free,72,223080,False,0.807,0.414,4,-8.903,1,0.0352,0.105,2.57e-05,0.0813,0.502,108.944,4,rock
2hrUO4drrO63i7FYbCLBl2,Clean Bandit;Sean Paul;Anne-Marie,What Is Love? (Deluxe Edition),Rockabye (feat. Sean Paul & Anne-Marie),72,251173,False,0.717,0.73,9,-4.729,0,0.0568,0.383,0.0,0.398,0.792,102.002,4,edm
3sOEVB8DirQtZc0qhw8lJc,TWICE,BETWEEN 1&2,Queen of Hearts,72,186946,False,0.666,0.847,10,-2.526,0,0.106,0.102,0.0,0.0702,0.815,149.94,4,k-pop
7aGyRfJWtLqgJaZoG9lJhE,salem ilese,Mad at Disney,Mad at Disney,72,136838,False,0.738,0.621,0,-7.313,1,0.0486,0.424,7.39e-06,0.692,0.715,113.968,4,indie
4UEo1b0wWrtHMC8bVqPiH8,Avenged Sevenfold,Nightmare,Nightmare,72,374453,True,0.554,0.949,2,-4.928,1,0.0787,0.000318,9.98e-05,0.2,0.233,129.984,4,metal
0oeVHAgY8Q7Mdce5Quj2G4,MAMAMOO,MIC ON,ILLELLA,72,166053,False,0.523,0.83,11,-2.089,1,0.167,0.00359,0.0,0.0806,0.812,173.931,4,k-pop
0MHiYjjcHNYM9KURa6NveF,Dabzee;SA,"Manavaalan Thug (From ""Thallumaala"")","Manavaalan Thug - From ""Thallumaala""",72,200000,False,0.809,0.583,1,-8.771,1,0.0605,0.356,0.0,0.0622,0.478,96.049,4,hip-hop
4wCy7erulqUfFQNVaZBD9b,Anirudh Ravichander,Vikram (Original Motion Picture Soundtrack),Once Upon a Time,72,143709,False,0.646,0.879,1,-3.668,1,0.0823,0.00659,0.0607,0.117,0.429,123.849,4,hip-hop
6A6mDExVoAEJmc5JyVSQeK,Anirudh Ravichander,"Life of Pazham (From ""Thiruchitrambalam"")","Life of Pazham (From ""Thiruchitrambalam"")",72,234514,False,0.503,0.665,7,-6.302,0,0.0801,0.124,0.000155,0.175,0.597,174.974,3,hip-hop
6Tvzf3VEi16JMhAgOwdt2y,Imagine Dragons,Origins (Deluxe),Birds,72,219440,False,0.649,0.517,1,-7.428,0,0.0297,0.0146,1.63e-06,0.145,0.35,119.997,4,rock
0PV1TFUMTBrDETzW6KQulB,Souls Of Mischief,93 'til Infinity,93 'Til Infinity,71,286440,False,0.59,0.672,1,-11.792,1,0.412,0.125,1.04e-06,0.147,0.688,206.247,4,jazz
6VRhkROS2SZHGlp0pxndbJ,Skrillex;Sirah,Bangarang EP,Bangarang (feat. Sirah),71,215253,True,0.716,0.972,7,-2.302,1,0.196,0.0145,3.22e-05,0.317,0.576,110.026,4,edm
73jVPicY2G9YHmzgjk69ae,The 1975,The 1975,Robbers,71,254509,False,0.621,0.692,4,-6.858,1,0.0291,0.000363,1.75e-05,0.335,0.381,99.806,4,rock
3SWqGa1J0M7hSBUDM0KePD,The Score,ATLAS,Legend,71,189120,False,0.601,0.757,2,-3.341,1,0.028,0.0139,8.85e-05,0.0727,0.462,82.001,4,rock
65ES1qwOB577ZnTkizMXJJ,Skrillex;Kendrick Lamar,HUMBLE. (SKRILLEX REMIX),HUMBLE. - SKRILLEX REMIX,71,156800,True,0.901,0.934,11,-2.345,1,0.273,0.00794,7.68e-05,0.194,0.868,150.037,4,edm
0Ult84lvFuqNvbyXwyRQ58,Clean Bandit;Julia Michaels,What Is Love? (Deluxe Edition),I Miss You (feat. Julia Michaels),71,205986,False,0.693,0.624,0,-7.482,0,0.0448,0.299,7.64e-06,0.0955,0.369,105.002,4,edm
2GgxS8bUT5G25QJTsfSv0R,Ellie Goulding,Halcyon Days,Burn,71,231211,False,0.559,0.777,1,-5.031,1,0.0432,0.31,0.0,0.105,0.329,87.016,4,edm
3lyLqIn8mybyEFTs8JJaLf,Michael Bublé,It's Time,Home,71,225906,False,0.608,0.37,7,-9.207,1,0.0306,0.844,1.87e-05,0.112,0.349,127.631,4,jazz
0ytvsZOerGzUWfHXVT2Sgy,RŮDE,Eternal Youth,Eternal Youth,71,205766,False,0.655,0.487,6,-7.988,1,0.033,0.0347,0.897,0.271,0.0454,139.914,4,indie
5D507IC1VOAg7bKkmOblr6,Anirudh Ravichander;Adithya RK,"Bae (From ""Don"")","Bae (From ""Don"")",71,242628,False,0.697,0.663,6,-7.246,1,0.0486,0.0701,1.04e-05,0.112,0.407,96.968,4,hip-hop
3d3ELsqKlQ7WA0a10Isu3l,iKON,Return,LOVE SCENARIO,71,209648,False,0.806,0.707,7,-4.623,1,0.0307,0.331,0.0,0.294,0.746,118.009,4,k-pop
1L3Nsi7YXtBxTdnbqektia,Darshan Raval,Hawa Banke,Hawa Banke,71,171987,False,0.625,0.598,7,-6.6,0,0.0373,0.616,0.0,0.299,0.5,90.078,4,pop
1ZozJfi8u9cO2Ob8KwiwNT,Creed,Human Clay,Higher,71,316733,False,0.459,0.83,2,-6.254,1,0.0364,5.15e-05,0.00014,0.206,0.431,155.827,4,metal
133ocfbXXG4HTk76qgSeUb,BTS,MAP OF THE SOUL : 7,We are Bulletproof : the Eternal,71,261542,False,0.522,0.574,9,-5.225,0,0.0317,0.224,0.0,0.108,0.176,84.044,4,k-pop
1yTTMcUhL7rtz08Dsgb7Qb,Maren Morris;Hozier,The Bones (with Hozier),The Bones - with Hozier,71,197298,False,0.561,0.597,11,-6.0,0,0.0405,0.286,0.0,0.0979,0.355,76.826,4,country
6SR0dDuXH2vtgBfMLrivKV,Bob Marley & The Wailers,Exodus,One Love / People Get Ready - Medley,71,172933,False,0.67,0.516,10,-9.598,1,0.366,0.0673,0.0,0.0674,0.939,154.186,4,reggae
3wQnyXNFXNUEOBt1pb4urq,BTS,The Most Beautiful Moment in Life Pt.1,I Need U,71,210986,False,0.478,0.88,5,-3.097,0,0.0739,0.0213,0.0,0.24,0.707,158.356,4,k-pop
6QDbGdbJ57Mtkflsg42WV5,Van Halen,1984 (Remastered),Hot for Teacher - 2015 Remaster,71,282746,False,0.552,0.947,2,-4.671,1,0.15,0.000652,0.00025,0.0637,0.465,127.631,4,metal
15vzANxN8G9wWfwAJLLMCg,The Chainsmokers,Paris,Paris,71,221520,False,0.646,0.644,2,-6.763,1,0.031,0.0243,0.0,0.0888,0.251,99.999,4,edm
6FUwPb4mGlUDbx42uspXaZ,Metallica,Reload,Fuel,71,269800,True,0.49,0.951,1,-3.777,1,0.0477,2.02e-05,0.0027,0.0314,0.589,106.946,4,metal
69BIczdH6QMnFx7dsSssN8,BLACKPINK,SQUARE UP,DDU-DU DDU-DU,71,209355,False,0.671,0.859,4,-3.922,0,0.0833,0.0313,0.0,0.267,0.39,139.931,4,k-pop
7cVe3mYMIfhOlz1NXFWv70,Sidhu Moose Wala,No Name,0 to 100,71,108493,False,0.742,0.675,8,-6.551,1,0.0907,0.139,0.0,0.167,0.679,145.989,4,hip-hop
11EX5yhxr9Ihl3IN1asrfK,Lady A,Need You Now,Need You Now,71,277573,False,0.587,0.622,4,-5.535,1,0.0303,0.0927,0.000636,0.2,0.231,107.943,4,country
5w0Xpt2YHT2Y3z3e4UUJP7,Vishal Mishra,Kabir Singh,Kaise Hua,71,234722,False,0.37,0.467,2,-6.973,1,0.0411,0.442,0.0,0.109,0.162,137.796,4,pop
43GS3mtezoIFiuIZCLLiDY,Poison,Open Up And Say...Ahh! (20th Anniversary Edition),Every Rose Has Its Thorn - Remastered 2003,71,260173,False,0.533,0.637,6,-5.571,1,0.0323,0.16,1.12e-05,0.369,0.292,140.167,4,metal
4FcknXDJ8yW2QYUl0cm6uJ,Imran Khan,Bewafa,Bewafa,71,224853,False,0.704,0.563,4,-4.739,0,0.0297,0.594,0.0,0.133,0.0739,94.037,4,hip-hop
5GKwq4sO5ZHKuWaDmdwMQc,Red Velvet,The Perfect Red Velvet - The 2nd Album Repackage,Bad Boy,71,210817,False,0.714,0.736,2,-3.801,1,0.0457,0.191,0.0,0.0553,0.814,149.985,4,k-pop
46lyJh9GYmWsHez3EsvmAx,VINAI;VAMERO,Rise Up (feat. Vamero),Rise Up (feat. Vamero),71,182000,False,0.648,0.927,1,-3.633,1,0.049,0.011,0.0,0.162,0.361,126.037,4,edm
0rMeOAvbQZ2RTG4B6L1M4p,Darshan Raval,Asal Mein,Asal Mein,71,224240,False,0.656,0.551,8,-6.43,1,0.0299,0.721,1.26e-06,0.0947,0.329,114.106,4,pop
0UZLaEOSIc5kg0cc7eszqC,Vishal Mishra,Manjha,Manjha,71,191647,False,0.524,0.515,11,-7.478,0,0.0427,0.674,0.0,0.104,0.368,169.882,4,pop
0BCy325UZyR9z0t0uxwn2N,Florida Georgia Line,Dig Your Roots,H.O.L.Y.,71,194186,False,0.523,0.666,7,-4.081,0,0.0327,0.401,0.0,0.0728,0.564,78.077,4,country
0NLkVxf0PyxsXBG3EuZcJf,Anuv Jain,Gul,Gul,71,217241,False,0.6,0.294,6,-12.301,1,0.0292,0.871,8.66e-05,0.102,0.342,86.97,4,indie
6pzlnyHTVYi5FOmrgOmC95,Arijit Singh,Kedarnath,Jaan 'Nisaar (Arijit),71,238369,False,0.481,0.392,4,-8.2,1,0.0246,0.478,0.0,0.122,0.257,91.796,4,pop
3dPlLOjFnKpGpakkhPEIgF,Prem Dhillon,No Lookin' Back,OG,71,173195,True,0.594,0.625,11,-9.081,0,0.256,0.00521,0.0,0.481,0.517,96.706,4,pop
4L6hCEc9xFf01U4d66JzK0,Armaan Malik,Tu/You - Spotify Singles,Tu / You,71,142511,False,0.717,0.471,9,-7.971,1,0.0348,0.792,1.24e-06,0.327,0.426,110.026,4,pop
0XwRlvv3KlOu4HWlOH34XG,Diljit Dosanjh,MoonChild Era,Lover,71,190000,False,0.827,0.587,9,-5.531,0,0.113,0.203,0.0,0.0727,0.774,119.936,4,pop
7DEKa5Z7Cl8s3Y7imb88OM,BTS;Steve Aoki,Love Yourself 轉 'Tear',The Truth Untold (feat. Steve Aoki),71,242292,False,0.571,0.422,1,-7.561,0,0.0422,0.374,0.0,0.127,0.169,113.016,4,k-pop
5QtQFSdyZEl0w4iDxAyv76,Amit Trivedi,Kedarnath,Namo Namo,71,322250,False,0.648,0.711,4,-6.216,1,0.0304,0.436,0.0,0.121,0.33,119.935,4,pop
7ecbsiAQ6PNdiAq0hplVZo,ENHYPEN,DIMENSION : ANSWER,Blessed-Cursed,71,170805,False,0.604,0.886,4,-3.523,0,0.061,0.0925,0.0,0.596,0.401,127.098,4,k-pop
2VSbEXqs6NbNiZSTcHlIDR,Creed,Weathered,My Sacrifice,71,294600,False,0.32,0.88,2,-6.035,1,0.0504,0.000101,4.31e-06,0.076,0.257,146.349,4,metal
52CBUrIdyf8tbZaUY9iawE,Weeekly,We play,After School,71,205373,False,0.634,0.928,1,-1.609,1,0.0514,0.00719,2.55e-06,0.0626,0.738,164.007,4,k-pop
3VayB5gLZGODx8b7RO1y5f,Sheff G,One and Only,"No Suburban, Pt. 2",71,153561,True,0.85,0.458,8,-7.82,1,0.339,0.476,0.0,0.26,0.616,143.973,4,r-n-b
3NpbGCDrcQTERaZb5dHhd3,Guru Randhawa;Asees Kaur,"Nain Ta Heere (From ""Jugjugg Jeeyo"")","Nain Ta Heere (From ""Jugjugg Jeeyo"")",71,216328,False,0.69,0.575,11,-5.763,0,0.124,0.345,0.0,0.309,0.509,87.967,4,hip-hop
1RTYixE1DD3g3upEpmCJpa,Black Veil Brides,Wretched and Divine: The Story Of The Wild Ones,In The End,71,228280,False,0.442,0.939,8,-4.18,1,0.0941,0.000183,0.00589,0.0857,0.27,140.021,4,metal
1PhLYngBKbeDtdmDzCg3Pb,Metallica,Metallica,Sad But True,71,323933,False,0.633,0.846,7,-6.347,1,0.0337,0.000819,0.00139,0.0762,0.448,89.23,4,metal
1hciAV5LrrTkRV0g0StZ6h,BTS,Butter / Permission to Dance,Butter,71,164441,False,0.759,0.459,8,-5.187,1,0.0948,0.00323,0.0,0.0906,0.695,109.997,4,k-pop
4JmbtS0Muijl37KP9lDscy,SUNMI,Heart Burn,Heart Burn,71,193173,False,0.84,0.656,6,-5.162,0,0.0401,0.0287,4.38e-06,0.0714,0.783,121.99,4,k-pop
7cWnks0lsRtpAi87COOiXK,Salim–Sulaiman;Rahat Fateh Ali Khan;Jaideep Sahni,Aaja Nachle,O Re Piya,71,379768,False,0.586,0.532,11,-8.837,0,0.0328,0.779,0.000565,0.124,0.494,99.994,4,pop
56zZ48jdyY2oDXHVnwg5Di,Arijit Singh,Aashiqui 2,Tum Hi Ho,71,261974,False,0.528,0.449,5,-6.25,0,0.025,0.785,0.0,0.122,0.317,94.058,4,pop
6qZyM6JV8ohLC4S2EL5sFh,Sachet Tandon;Nikhita Gandhi;Madhubanti Bagchi;Sachin-Jigar,Shiddat,Barbaadiyan,71,230185,False,0.758,0.57,6,-8.645,0,0.0462,0.00374,2.47e-06,0.184,0.567,126.966,4,pop
3rXCZRMiMZp0feGcYXpwYX,The Chicks,Fly,Cowboy Take Me Away,71,287266,False,0.467,0.622,6,-7.255,1,0.031,0.365,0.00527,0.0982,0.455,164.418,4,country
6lyKOW0FNW6aAZdKVgoM8m,Alan Jackson,Good Time,Good Time,71,306773,False,0.652,0.767,9,-10.445,1,0.0372,0.0355,6.92e-06,0.397,0.73,132.017,4,country
28tufPkTcXmdNqTvi9hsoG,BLACKPINK,THE ALBUM,Pretty Savage,71,199122,False,0.699,0.588,9,-6.533,0,0.0402,0.00807,0.000131,0.107,0.35,151.971,4,k-pop
4PkJ7c9y1CwpuVOiJODnCZ,Nickelback,The Long Road,Someday,71,207466,False,0.455,0.858,11,-5.659,0,0.0391,0.000616,0.000247,0.226,0.597,163.118,4,metal
7IkuRNVAjwXpZ2DheQHL4L,EXID,X,FIRE,71,207013,False,0.75,0.941,8,-1.759,1,0.0609,0.0111,2.11e-06,0.228,0.867,129.978,4,k-pop
7AsG1F1eMWd17RYan8M3Wm,AP Dhillon;Shinda Kahlon,Two Hearts Never Break The Same,Dil Nu,71,233666,False,0.811,0.655,1,-7.118,0,0.0353,0.0947,1.63e-06,0.068,0.925,117.979,4,hip-hop
56k2ztFw7hQRzDeoe80pJo,Ghost,Seven Inches Of Satanic Panic,Kiss The Go-Goat,71,195693,False,0.469,0.851,10,-4.147,1,0.0547,0.000213,7.86e-06,0.154,0.549,130.053,4,metal
6Upu6yjkdi0DVI8E3IBZEU,SEVENTEEN,SEVENTEEN 4th Mini Album ‘Al1’,Don't Wanna Cry,71,203426,False,0.781,0.683,0,-4.258,1,0.0325,0.164,1.53e-06,0.16,0.722,100.005,4,k-pop
1ndGB6rvxKYN9seCYO1dTF,Red Hot Chili Peppers,By the Way (Deluxe Edition),The Zephyr Song,71,231933,False,0.725,0.803,2,-4.083,1,0.0337,0.013,3.66e-05,0.0891,0.403,117.391,4,metal
4hyVrAsoKKjxAvQjPRt0ai,JONY,Список твоих мыслей,Love Your Voice,71,150329,False,0.608,0.83,9,-5.396,0,0.0956,0.597,3.4e-06,0.118,0.211,91.088,4,pop
1wsRitfRRtWyEapl0q22o8,Rage Against The Machine,The Battle Of Los Angeles,Guerrilla Radio,71,206200,True,0.599,0.957,11,-5.764,1,0.188,0.0129,7.06e-05,0.155,0.489,103.68,4,metal
2JuasWPUodaUxf5nwNpciQ,Alice In Chains,Jar Of Flies,Nutshell,71,259200,False,0.384,0.561,3,-10.059,0,0.0296,0.373,0.253,0.0775,0.159,136.136,3,metal
70wFZWY6cKFxp3Qcq8uxH4,King,Ektarfa,Ektarfa,71,230903,False,0.748,0.472,0,-9.266,0,0.125,0.596,1.1e-05,0.102,0.364,149.97,4,hip-hop
02shCNmb6IvgB5jLqKjtkK,Vicetone;Cozi Zuehlsdorff,Nevada,Nevada,71,208561,False,0.605,0.783,3,-4.271,1,0.0324,0.299,0.000175,0.133,0.105,124.015,4,edm
2DQ1ITjI0YoLFzuADN1ZBW,G-Eazy;A$AP Rocky;Cardi B,The Beautiful & Damned,No Limit,71,245386,True,0.838,0.771,1,-3.791,1,0.244,0.0117,0.0,0.0853,0.405,175.957,4,indie
6qc34bnVOyqGDPni8H5W0U,Lonestar,Lonely Grill,Amazed,71,240866,False,0.561,0.543,1,-8.498,1,0.0324,0.26,0.0,0.124,0.243,139.803,4,country
4ut5G4rgB1ClpMTMfjoIuy,Martin Garrix;Bonn,High On Life (feat. Bonn),High On Life (feat. Bonn),71,230761,False,0.414,0.486,6,-6.431,0,0.0311,0.0129,0.0,0.111,0.368,128.038,4,edm
6kPJZM97LwdG9QIsT7khp6,Clean Bandit;Demi Lovato,Solo (feat. Demi Lovato),Solo (feat. Demi Lovato),71,222653,False,0.737,0.636,11,-4.546,0,0.0437,0.0441,6.66e-05,0.35,0.565,105.005,4,edm
60knpe02nSLudHQYX2FZBI,Slipknot,"The End, So Far",Hive Mind,71,315906,True,0.41,0.993,7,-3.376,1,0.205,0.000728,0.00132,0.276,0.0536,101.279,4,metal
6fScgF2Y63ScU73nYju0ny,Atif Aslam;Arko,"O Saathi (From ""Baaghi 2"")",O Saathi,71,251818,False,0.481,0.496,8,-7.421,1,0.0262,0.588,0.0,0.132,0.453,89.839,4,pop
6mTvwBzWTGDOVeCNQEqtOE,Amaal Mallik;Arijit Singh;Tulsi Kumar,Airlift,Soch Na Sake,71,281322,False,0.505,0.667,9,-5.797,1,0.0323,0.597,0.0,0.213,0.516,151.728,4,pop
4bVuIlGQBMWS7vIhcx8Ae4,Rascal Flatts,Me And My Gang,What Hurts The Most,71,214106,False,0.537,0.674,5,-5.134,0,0.0277,0.0088,0.0,0.265,0.33,136.002,4,country
2VrSkfinwUSNc7uAXiL0FA,ShaSings;Xtreeemit,Let Me Down Slowly / Mai Dhoondhne Ko Zamaney / Kabhi Jo Badal Barsey (Medley),Let Me Down Slowly / Mai Dhoondhne Ko Zamaney / Kabhi Jo Badal Barsey (Medley),71,147579,False,0.605,0.371,1,-10.487,0,0.0431,0.396,0.0,0.147,0.496,149.566,4,pop
0iTpQYzJnYgh7kIxyq8A2O,Grizzly Bear,Veckatimest,Two Weeks,71,243160,False,0.537,0.712,5,-5.597,1,0.0286,0.289,0.00568,0.08,0.704,159.871,4,r-n-b
0zuqABAUKs8WLVq8vCmfst,Priya Saraiya;Divya Kumar,ABCD 2,Sun Saathiya,71,218724,False,0.456,0.668,9,-7.795,0,0.0373,0.604,0.000145,0.141,0.263,144.062,4,pop
0xkGTPTijMU84dtHr3KQQi,Arijit Singh;Nikhita Gandhi,Kedarnath,Qaafirana,71,341823,False,0.417,0.433,4,-8.958,1,0.0415,0.0726,0.0,0.123,0.207,169.92,4,pop
5ZSl6gDoV6bPPxzmLeneV9,Jonas Blue;Jack & Jack,Blue,Rise,71,194407,False,0.687,0.785,1,-4.65,1,0.0333,0.327,0.0,0.203,0.655,106.046,4,edm
35IcAVSMsU9qzHfpPbvC8A,Gracie Abrams,This Is What It Feels Like,Feels Like,71,152317,False,0.617,0.483,11,-7.359,1,0.0458,0.702,0.000216,0.121,0.176,144.99,4,indie
7Ki0hse0IfXEcXUlpyECbJ,BTS,BE,Blue & Grey,71,254950,False,0.547,0.605,8,-6.755,1,0.0415,0.42,0.0,0.125,0.364,121.953,4,k-pop
3NxuezMdSLgt4OwHzBoUhL,SHAUN,Take,Way Back Home,71,214136,False,0.745,0.739,10,-4.591,1,0.0327,0.405,0.000183,0.127,0.556,99.913,4,k-pop
7H3mfOvtPNA8YDF3EdKy0L,Neeraj Shridhar;Kavita Seth,Cocktail (Original Motion Picture Soundtrack),Tum Hi Ho Bandhu,71,283693,False,0.715,0.89,11,-5.438,0,0.051,0.00111,0.000837,0.0297,0.891,134.994,4,hip-hop
0vB4Vd6PtkJSEnWsmqATnZ,George Benson,20/20,Nothing's Gonna Change My Love for You,71,242678,False,0.553,0.614,1,-5.098,1,0.0306,0.764,0.0,0.0811,0.345,136.628,4,jazz
3wyrhwPpV8uhMMEms4vG3X,BTS,You Never Walk Alone,Not Today,71,231859,False,0.593,0.945,8,-3.408,1,0.126,0.00174,0.0,0.923,0.674,110.023,4,k-pop
4Aw8n6r2vuU0KUo1a2nftp,BTS,MAP OF THE SOUL : 7,Louder than bombs,71,217404,False,0.643,0.667,0,-6.947,0,0.151,0.0432,0.0,0.0904,0.478,145.999,4,k-pop
7IK26RNUdgoZWJdlarrcty,AP Dhillon;Shinda Kahlon,Two Hearts Never Break The Same,All Night (Live),71,229510,False,0.723,0.456,4,-7.679,0,0.0359,0.137,2.95e-05,0.081,0.0383,101.139,4,hip-hop
1dt220OBbkTsYz1NLVKIaw,Gabry Ponte;R3HAB;Timmy Trumpet,Call Me (with R3HAB & Timmy Trumpet),Call Me (with R3HAB & Timmy Trumpet),71,178309,False,0.398,0.956,2,-4.429,1,0.329,0.00935,0.0038,0.142,0.269,106.581,4,edm
7Fq9RwQxSn3kW85PrDUf0M,Brooks & Dunn,#1s ... and then some,Boot Scootin' Boogie,71,198226,False,0.656,0.817,11,-4.296,0,0.0435,0.22,0.0,0.304,0.862,130.448,4,country
4R8BdwRidxAWaYyFNU00P1,Ruelle,Up In Flames,War Of Hearts,71,226216,False,0.479,0.781,9,-6.344,0,0.124,0.221,0.55,0.0964,0.258,147.961,3,indie
6O734u9qnz6B4gWMyszWhi,BTS,The Most Beautiful Moment in Life Pt.2,Silver Spoon,71,233160,False,0.65,0.879,9,-2.886,1,0.073,0.00104,0.0,0.0483,0.536,166.895,4,k-pop
2L1OXzqVPpVxotHfLglUcB,Diljit Dosanjh;Tory Lanez;Ikky,Chauffeur,Chauffeur,71,205040,True,0.639,0.767,6,-4.997,1,0.0928,0.13,0.0,0.205,0.54,154.032,4,pop
6bdpj89aYEBjhpsenXAsmO,A.R. Rahman;Arijit Singh,OK Jaanu (Original Motion Picture Soundtrack),Enna Sona,71,213632,False,0.717,0.416,7,-9.875,0,0.0303,0.635,1.43e-06,0.0976,0.381,100.026,4,pop
0WdbnNKO0Jt4BZACSDQh44,Vishal-Shekhar;Arijit Singh;Shilpa Rao;Kumaar,"Ghungroo (From ""War"")","Ghungroo (From ""War"")",71,302935,False,0.695,0.727,6,-6.274,0,0.0323,0.0744,0.000175,0.533,0.864,118.034,4,pop
1lhm29o3syw122xynSKaAK,Sam Kim,"Nevertheless, (Original Television Soundtrack, Pt. 6)",Love Me Like That,71,211363,False,0.59,0.294,9,-8.125,1,0.0654,0.854,0.0,0.0873,0.461,87.895,4,k-pop
4ROdFnoZNn2RTmwct0cVpx,BTS,Love Yourself 轉 'Tear',Love Maze,71,221529,False,0.637,0.876,9,-4.652,1,0.0618,0.0483,0.0,0.0728,0.759,149.93,4,k-pop
3tP6QKbXvtrxiDI7QwKyUf,BLACKPINK,SQUARE TWO,STAY,71,230322,False,0.63,0.432,1,-6.721,1,0.0357,0.551,5.84e-06,0.0962,0.343,87.959,4,k-pop
26aOnndLckt8uAsk6odL5n,Shreya Ghoshal;Palakad Sreeram;Mahesh Vinayakram,Ponniyin Selvan Part-1 (Original Motion Picture Soundtrack),Ratchasa Maamaney,71,289942,False,0.546,0.786,4,-9.486,1,0.212,0.349,1.35e-06,0.109,0.434,99.798,3,pop
5QvW5lK6mkfTegpAK9JOO7,Fivio Foreign;The Kid LAROI,Paris to Tokyo,Paris to Tokyo,71,130897,True,0.642,0.787,5,-6.389,0,0.17,0.0185,0.0,0.288,0.406,146.733,4,r-n-b
7JDWhC422Gtk1Bq0mL3OTC,Bea Miller,feel something,feel something,71,180161,True,0.74,0.415,0,-8.914,1,0.0707,0.242,0.000156,0.319,0.156,136.029,4,indie
2ib8fuTavdc48X6MjhE4Ft,Falling In Reverse,ZOMBIFIED,ZOMBIFIED,71,218520,True,0.544,0.911,10,-3.681,0,0.0422,0.000141,8.89e-06,0.333,0.558,91.033,4,metal
1Q2fYlSdwuutWj3QplhY9q,Three Days Grace,One-X,Riot,71,207586,True,0.185,0.948,8,-3.892,1,0.147,0.0104,0.0,0.105,0.316,196.578,3,metal
0wJoRiX5K5BxlqZTolB2LD,Jimi Hendrix,Are You Experienced,Purple Haze,71,170813,False,0.533,0.905,2,-5.27,1,0.0754,0.00876,0.578,0.0698,0.486,108.9,4,metal
2bZIDMpzVooosmPHn0tHnd,STAYC,STEREOTYPE,STEREOTYPE,71,191695,False,0.605,0.805,6,-3.212,1,0.0641,0.313,0.0,0.659,0.738,148.298,4,k-pop
24nK8tW7Pt3Inh2utttuoG,MAMAMOO,reality in BLACK,HIP,71,195306,False,0.782,0.731,3,-4.581,0,0.143,0.0376,3.15e-05,0.0956,0.824,138.032,4,k-pop
0W64NfLrIsRTAFObko6uJx,Lil Tjay,True 2 Myself,Leaked,71,220240,True,0.51,0.619,7,-7.918,1,0.281,0.801,0.0,0.0811,0.321,97.018,4,r-n-b
6G699QfN1BWYWXfiblH51F,Tanishk Bagchi;Zahrah S Khan;Dev Negi,"Kusu Kusu (From ""Satyameva Jayate 2"")","Kusu Kusu (From ""Satyameva Jayate 2"")",71,195616,False,0.742,0.911,8,-2.812,1,0.0572,0.0137,0.00081,0.0593,0.78,101.0,4,pop
0EH7sgeiFqDa3eS7ieW2zs,Akon;Hamsika Iyer,Ra-One,Chammak Challo,71,227091,False,0.742,0.879,0,-4.274,0,0.0328,0.0696,7.17e-06,0.0981,0.936,133.946,4,pop
6gwnKOvdBKkTU4CQ7KpIAu,Shaarib Toshi;Arijit Singh,"Bandeya (feat. Arijit Singh) [From ""Dil Juunglee""]","Bandeya (feat. Arijit Singh) - From ""Dil Juunglee""",71,184666,False,0.465,0.551,7,-6.58,1,0.0362,0.619,6.03e-06,0.109,0.415,89.459,4,pop
4fgJe7zBjVXvs8HxtE21Y9,Arijit Singh;Harshdeep Kaur,Raees,Zaalima,71,299333,False,0.486,0.898,9,-3.791,1,0.171,0.309,0.0,0.0886,0.648,88.335,4,pop
5GWrhVfgP4szBtCOXbSki8,Red Hot Chili Peppers,Eddie,Eddie,71,341986,False,0.515,0.809,9,-5.817,0,0.0512,0.00455,0.0723,0.0905,0.525,142.011,4,metal
6rsoBvxrlxdmqJyGPPciyq,Slipknot,"The End, So Far",The Dying Song (Time To Sing),71,203586,False,0.516,0.991,11,-2.587,0,0.126,0.000467,4.66e-05,0.327,0.402,95.017,4,metal
4J0DbyODwZJcmIAiTSJfMF,John Denver,Back Home Again,Annie's Song,71,180693,False,0.304,0.305,2,-10.879,1,0.0298,0.871,0.00368,0.367,0.464,146.066,3,country
5AkV53fo1u01mi8r22JNeF,Ardhito Pramono;Aurélie,I Just Couldn't Save You Tonight (feat. Aurélie) [Story of Kale - Original Motion Picture Soundtrack],I Just Couldn't Save You Tonight (feat. Aurélie) - Story of Kale - Original Motion Picture Soundtrack,71,219600,False,0.372,0.322,7,-9.831,1,0.0398,0.851,1.02e-06,0.108,0.152,85.064,4,jazz
3Y7fpFZbHLpAvWJJYGehz0,Xavier Rudd,Spirit Bird,Follow The Sun,71,256266,False,0.611,0.394,0,-10.757,1,0.0416,0.534,4.68e-05,0.108,0.202,123.941,4,reggae
0UrWr7Jnu1heq1o99ZwUd0,P.O.D.,Satellite (U.S. Version),Youth of the Nation,71,256240,False,0.563,0.86,8,-7.533,1,0.0621,0.00834,0.0106,0.39,0.517,97.867,4,metal
2Q4MRMnSAMckugCtR5jgXT,Alvaro Diaz;Rauw Alejandro,Problemón,Problemón,71,193013,False,0.729,0.737,2,-3.727,0,0.064,0.275,7.58e-06,0.137,0.369,91.99,4,reggae
1We89SAonMk70QBbfXERxa,Arko,Bareilly Ki Barfi,Nazm Nazm,71,226941,False,0.62,0.627,7,-6.187,1,0.0307,0.497,0.0,0.133,0.557,82.008,4,pop
7lGhrfren1Zpwh0ds0zuUg,Arijit Singh;Parampara Tandon,"Pal Pal Dil Ke Paas- Title Track (From ""Pal Pal Dil Ke Paas"")",Pal Pal Dil Ke Paas- Title Track,71,254516,False,0.56,0.512,1,-7.185,0,0.0333,0.592,0.0,0.056,0.39,123.991,4,pop
5RjUtRlDonw3TBgGGMLC5b,BTS,MAP OF THE SOUL : 7,Friends,71,199338,False,0.55,0.747,1,-5.211,1,0.0407,0.0668,0.0,0.0536,0.649,79.979,4,k-pop
3dxiWIBVJRlqh9xk144rf4,Linkin Park,Meteora (Bonus Edition),Breaking the Habit,71,196906,False,0.579,0.849,4,-5.218,0,0.0303,0.108,0.0,0.0909,0.581,100.021,4,metal
2LcXJP95e4HKydTZ2mYfrx,Roop Kumar Rathod,Rab Ne Bana Di Jodi (Original),Tujh Mein Rab Dikhta Hai,71,281573,False,0.56,0.604,8,-8.732,1,0.0866,0.315,1.12e-06,0.176,0.75,84.784,4,pop
5NeIONQWJ25uPylJBJiO4c,Stone Sour,Come What(ever) May [10th Anniversary Edition],Through Glass,71,282946,False,0.545,0.753,3,-4.618,0,0.036,0.0417,0.0,0.389,0.434,105.754,4,metal
5GK7eDDTVz7CTge1wJrDQW,BLACKPINK,Kill This Love,Kill This Love,71,189052,False,0.738,0.861,2,-4.141,1,0.237,0.318,0.00182,0.325,0.58,131.98,4,k-pop
7eVu7FI02cTicLEgVtUvwF,TAEYONG;JENO;HENDERY;YANGYANG;GISELLE,2021 Winter SMTOWN : SMCU EXPRESS,ZOO,71,177413,False,0.823,0.923,9,-2.875,1,0.158,0.127,0.0,0.0571,0.629,122.922,4,k-pop
5vOT8VO87TAnUjh0oADwb1,BTS,Love Yourself 承 'Her',Go Go,71,235779,False,0.856,0.617,10,-5.308,0,0.084,0.171,0.0,0.0857,0.759,136.081,4,k-pop
5dntGTbUtmUO239wQ0k3yM,KAI,KAI - The 1st Mini Album,Mmmh,71,192346,False,0.659,0.718,7,-5.607,0,0.0507,0.202,1.01e-06,0.2,0.297,136.96,4,k-pop
5b1je14Oz92lpIlIMLieWw,Farruko,Viaje,Viaje,71,303626,True,0.705,0.799,0,-4.776,0,0.0347,0.0357,0.417,0.0643,0.658,122.018,4,reggae
70YTBH8vOGJNMhy6186yFm,Cigarettes After Sex,Cry,Heavenly,71,286773,False,0.535,0.437,8,-9.187,1,0.0248,0.669,0.688,0.11,0.127,105.22,4,indie
1Eolhana7nKHYpcYpdVcT5,Jimi Hendrix,Axis: Bold As Love,Little Wing,71,145746,False,0.515,0.534,6,-8.045,1,0.0768,0.181,0.00278,0.0547,0.426,70.776,4,metal
67awxiNHNyjMXhVgsHuIrs,DJ Snake;Lil Jon,Turn Down for What,Turn Down for What,71,213733,False,0.818,0.799,1,-4.1,0,0.156,0.00107,0.128,0.057,0.0815,100.014,4,edm
1Hdz67JES35Z4h3Yd4PXvV,Anirudh Ravichander;Ramya Behra;Sahithi Chaganti,Prince (Tamil),Bimbilikki Pilapi,71,247000,False,0.645,0.947,11,-7.239,0,0.238,0.426,2.26e-06,0.463,0.823,156.828,4,hip-hop
04F42oEuKrRComYJfJuyVR,Claire Rosinkranz,Backyard Boy (Stripped),Backyard Boy,71,129240,False,0.817,0.635,5,-7.246,1,0.163,0.323,0.0,0.0738,0.454,138.015,4,indie
6AOrC7t2WS5ykYcnoHpiS2,TOMORROW X TOGETHER,minisode 2: Thursday's Child,Lonely Boy (The tattoo on my ring finger),71,168751,False,0.666,0.639,2,-5.245,0,0.131,0.24,0.0,0.0928,0.505,144.881,4,k-pop
6eYsOcDdB5b6rTO5ubMxeV,Anirudh Ravichander;Jonita Gandhi,"Private Party (From ""Don"")","Private Party (From ""Don"")",71,216774,False,0.862,0.886,10,-5.423,0,0.123,0.184,1.33e-06,0.0565,0.896,124.031,4,hip-hop
4HdzYTQiouB9BVYX7JOrhh,Anirudh Ravichander;Rokesh,"Jalabulajangu (From ""Don"")","Jalabulajangu (From ""Don"")",71,202607,False,0.635,0.823,7,-5.437,0,0.153,0.0261,0.0,0.0481,0.457,151.047,4,hip-hop
69WpV0U7OMNFGyq8I63dcC,ENHYPEN,BORDER : DAY ONE,Given-Taken,71,183090,False,0.631,0.649,8,-4.939,0,0.0377,0.17,0.0,0.321,0.459,108.07,4,k-pop
3IQF4xCQUPicbA4hWfTxPo,OneRepublic,Native,I Lived,71,234546,False,0.593,0.851,9,-5.456,1,0.0446,0.0683,0.0,0.271,0.344,119.987,4,rock
1exxGxUMlJWD1h9YcE9YZH,TOMORROW X TOGETHER,minisode 2: Thursday's Child,Opening Sequence,71,177976,False,0.609,0.64,3,-5.61,0,0.0539,0.167,0.0,0.0959,0.442,145.199,4,k-pop
6HTVZeVQ9J6Uiq6tHESxU9,Radical Face,Ghost,"Welcome Home, Son",71,287634,False,0.587,0.497,6,-10.757,1,0.0307,0.723,0.782,0.142,0.401,144.972,3,indie
4b3rGL8LDSkbARUUA20136,Stray Kids,ODDINARY,VENOM,71,194840,False,0.812,0.807,9,-3.354,1,0.339,0.11,0.0,0.211,0.4,136.979,4,k-pop
76A1RRDEyHKtmV3Vh6PeVN,Tiësto;Deorro,Savage,Savage,71,167500,False,0.694,0.7,0,-5.53,0,0.0488,0.191,0.0,0.0719,0.261,127.965,4,edm
1kPBT8S2wJFNAyBMnGVZgL,Etta James,Tell Mama,I'd Rather Go Blind,71,156653,False,0.477,0.433,11,-6.473,0,0.0247,0.689,0.000195,0.151,0.611,82.52,3,jazz
4QxDOjgpYtQDxxbWPuEJOy,Nat King Cole,L-O-V-E,L-O-V-E,71,155306,False,0.425,0.373,4,-7.543,1,0.0801,0.686,0.0,0.077,0.663,78.231,4,jazz
2agBDIr9MYDUducQPC1sFU,Yiruma,Yiruma 2nd Album 'First Love' (The Original & the Very First Recording),River Flows In You,71,188786,False,0.315,0.22,9,-21.343,1,0.0514,0.987,0.943,0.0802,0.116,145.195,4,classical
0mjAU3yKR1QnXnHtjGJqTM,OneRepublic,Rescue Me,Rescue Me,71,158899,False,0.759,0.605,7,-7.737,1,0.0433,0.156,0.0,0.694,0.64,121.049,4,rock
4T6HLdP6OcAtqC6tGnQelG,Michael Bublé,Call Me Irresponsible,Everything,71,212373,False,0.686,0.688,6,-4.981,0,0.0254,0.39,1.03e-06,0.0924,0.493,123.125,4,jazz
1IqF5PUDUnaykHLs0RWbDO,BADBADNOTGOOD;Samuel T. Herring,IV,Time Moves Slow,71,273864,False,0.591,0.376,11,-10.832,0,0.0543,0.478,0.0282,0.101,0.308,140.026,4,jazz
0BJMgVrnWIvgYsjq8KaPeh,TWICE,Formula of Love: O+T=<3,SCIENTIST,71,194600,False,0.786,0.858,11,-3.74,1,0.0675,0.0487,0.0,0.126,0.649,112.999,4,k-pop
3l3xTXsUXeWlkPqzMs7mPD,Boyz II Men,Cooleyhighharmony (Bonus Tracks Version),End Of The Road,71,351466,False,0.64,0.427,5,-9.29,0,0.0241,0.0664,0.0,0.0579,0.529,149.703,3,r-n-b
5fdNHVZHbWB1AaXk4RBGVD,"Grover Washington, Jr.",Winelight,Just the Two of Us,71,443773,False,0.743,0.429,10,-14.576,0,0.0902,0.447,0.362,0.0455,0.597,95.406,4,jazz
4TTV7EcfroSLWzXRY6gLv6,Leslie Odom Jr.;Daveed Diggs;Okieriete Onaodowan;Lin-Manuel Miranda;Phillipa Soo;Christopher Jackson;Original Broadway Cast of Hamilton;Anthony Ramos,Hamilton (Original Broadway Cast Recording),Alexander Hamilton,70,236737,False,0.609,0.435,11,-7.861,0,0.285,0.522,0.0,0.118,0.552,131.995,4,jazz
5YPMEOJ58kfl56VHxTgwx3,David Guetta,Nothing but the Beat (Ultimate Edition),Play Hard (feat. Ne-Yo & Akon),70,201000,False,0.691,0.921,8,-1.702,0,0.0533,0.173,0.0,0.331,0.8,130.072,4,edm
5dUMh0ugelpKfoFp3qChuK,Ray Charles,True Genius,Hit the Road Jack,70,119880,False,0.598,0.571,8,-12.616,0,0.139,0.704,0.0,0.513,0.962,173.141,4,jazz
2j1Es5qEl4pD8GEe2WsYgP,SEVENTEEN,SEVENTEEN 4th Album 'Face the Sun',Darl+ing,70,176560,False,0.519,0.695,0,-4.861,1,0.0812,0.299,0.0,0.43,0.515,95.384,4,k-pop
1rDjwexewf4hrdZT7SRNsH,Faridkot;Amar Jalal,Nasha (Equals Sessions) - Single,Nasha (Equals Sessions),70,287573,False,0.78,0.46,6,-7.516,1,0.0851,0.455,0.000141,0.061,0.788,124.007,4,indie
1t2qYCAjUAoGfeFeoBlK51,aespa,Black Mamba,Black Mamba,70,174933,False,0.52,0.915,2,-2.862,1,0.103,0.0618,0.000946,0.0856,0.5,90.069,4,k-pop
0qgrrDnUUhyxpxbBznUnzg,Skid Row,Skid Row,18 and Life,70,229960,False,0.466,0.648,1,-11.101,0,0.028,0.0023,1.49e-05,0.112,0.305,90.435,4,metal
0cJTjTH3XVTTJh8F4Uq1db,Dream Note,Waqt Ki Baatein,Waqt Ki Baatein,70,243310,False,0.556,0.202,4,-16.397,1,0.0324,0.915,0.0381,0.112,0.2,145.017,3,indie
2302lUwfZ4S4dVyPOCDFnQ,Marilyn Manson,Smells Like Children,Sweet Dreams (Are Made Of This),70,293293,False,0.392,0.642,8,-5.267,1,0.0326,0.0048,0.486,0.296,0.129,92.698,4,metal
2DmRXiyn03tOqKgEJXlaiJ,(G)I-DLE,I trust,Oh my god,70,195866,False,0.794,0.762,4,-3.525,0,0.0392,0.0358,1.41e-06,0.191,0.482,109.97,4,k-pop
7aonAWn0J0AJ47ZU9WHCXC,Sub Urban;Bella Poarch,INFERNO,INFERNO,70,133133,False,0.82,0.611,9,-5.02,0,0.122,0.0766,2.5e-05,0.0684,0.637,127.883,4,indie
55mJleti2WfWEFNFcBduhc,TOOL,Lateralus,Schism,70,403533,False,0.567,0.714,9,-8.512,0,0.0302,0.0012,0.417,0.186,0.191,107.441,3,metal
4jp4Z02kzzg8gK0NmDGgml,K-391;Alan Walker;Tungevaag;Mangoo,Play,Play,70,167976,False,0.52,0.798,6,-5.498,0,0.0391,0.101,0.0,0.0932,0.168,101.944,4,edm
0xrkyEMkG4dVa5OMLQZOX8,Rammstein,Sehnsucht,Engel,70,264266,False,0.637,0.658,2,-5.775,1,0.0291,0.00918,0.00229,0.295,0.328,96.072,4,metal
76Je5Wklky23mVoxiRszcN,Foo Fighters,Wasting Light,Walk,70,255960,False,0.234,0.865,9,-5.131,1,0.0516,3.62e-05,0.000532,0.289,0.194,137.107,4,metal
72hcFp4tYkd3dbNA9dZ3Pv,Bon Jovi,New Jersey (Deluxe Edition),Bad Medicine,70,316706,False,0.555,0.973,9,-3.804,1,0.035,0.048,0.0,0.0853,0.805,118.642,4,metal
4OgwXdylh75fHfwUzJTUqg,Ilkay Sencan;Dynoro,Rockstar,Rockstar,70,212280,False,0.771,0.826,11,-3.978,1,0.0604,0.142,0.03,0.145,0.185,100.012,4,edm
3WbphvawbMZ8FyqDxYGdSQ,3 Doors Down,Away From The Sun,When I'm Gone,70,260333,False,0.53,0.768,7,-5.611,1,0.0284,0.00385,0.0,0.103,0.374,148.095,4,metal
29wJiSQcze8HEmxkUQykyp,Europe,The Final Countdown (Expanded Edition),Carrie,70,272133,False,0.455,0.487,7,-7.112,1,0.0264,0.114,2.43e-06,0.358,0.139,136.482,4,metal
6i4Qi1mJxXjqNIL9HfJhRs,Guns N' Roses,Use Your Illusion II,Civil War,70,462093,False,0.336,0.787,10,-8.803,0,0.0732,0.0793,0.0648,0.32,0.383,140.003,4,metal
0kHyKhJMukHEPfeh8s7rdM,Kygo;Imagine Dragons,Born To Be Yours,Born To Be Yours,70,193320,False,0.688,0.688,3,-5.84,1,0.0357,0.3,0.0,0.0982,0.451,114.011,4,edm
4crczEC1PpoD8TsDsmoWNI,Imanbek;Goodboys,Goodbye,Goodbye,70,144000,False,0.741,0.931,10,-3.447,0,0.0563,0.0225,0.000102,0.191,0.517,125.011,4,edm
5IVA7WzOlWrmZh8EqZqMaw,Hatebreed,The Concrete Confessional,Looking Down the Barrel of Today,70,161626,True,0.486,0.986,1,-4.71,1,0.0818,0.000662,0.048,0.29,0.501,180.085,4,metal
4jYt1pQqg2mIZmY4FWCZEM,Daisy the Great;AJR,Record Player (with AJR),Record Player (with AJR),70,149538,False,0.665,0.684,11,-7.049,0,0.106,0.247,0.0,0.0636,0.927,73.986,4,indie
5NGtFXVpXSvwunEIGeviY3,Erik Satie;Philippe Entremont,Erik Satie & Friends,Gymnopédie No. 1,70,205866,False,0.468,0.0127,7,-36.856,1,0.123,0.994,0.937,0.094,0.356,72.776,3,classical
4ipnJyDU3Lq15qBAYNqlqK,J Balvin;Willy William,Mi Gente,Mi Gente,70,189440,False,0.774,0.687,11,-4.818,0,0.0584,0.0179,1.17e-05,0.128,0.308,104.959,4,reggae
1q0PYXTbDsirp2l74ng6pn,J Balvin;Skrillex,JOSE,In Da Getto,70,130666,False,0.924,0.723,8,-3.142,1,0.0466,0.0177,2.61e-05,0.113,0.643,126.998,4,reggae
507bYMYfbm6sUS9iEAaeSd,Seether;Amy Lee,Disclaimer II,Broken,70,258333,False,0.448,0.61,3,-2.695,0,0.0342,0.0102,0.000491,0.135,0.214,123.762,4,metal
6OMO6WdRhSfjMPAiPT94wH,Three Days Grace,Human,Painkiller,70,179160,False,0.376,0.95,9,-4.067,1,0.0641,0.00021,0.0,0.0377,0.438,178.018,4,metal
0gchQwxmBWj5no8NJ8b2yH,Bring Me The Horizon,Sempiternal (Expanded Edition),Sleepwalking,70,230093,False,0.4,0.959,2,-3.258,0,0.103,0.000187,4.21e-06,0.231,0.339,149.062,4,metal
4Y7eqYTpV7fQxpYj1isN2F,We Came As Romans;Caleb Shomo,Black Hole,Black Hole,70,179181,False,0.48,0.958,5,-4.241,0,0.0664,2.45e-05,0.0,0.52,0.385,110.05,4,metal
1zoyteFQmeUUqyOl2Xznpy,ENHYPEN,DIMENSION : DILEMMA,Tamed-Dashed,70,196170,False,0.568,0.809,11,-3.869,0,0.0517,0.000253,3.33e-05,0.151,0.709,155.029,4,k-pop
7ojJ4XvqBhBcteM0zjMebT,UB40,Promises And Lies,(I Can't Help) Falling In Love With You,70,207440,False,0.642,0.722,2,-13.031,1,0.0375,0.0444,0.00388,0.122,0.836,172.406,4,reggae
6Fnvi5QnVkTskSzeRvvQds,BTS,BE,Telepathy,70,202313,False,0.787,0.669,5,-4.333,0,0.0428,0.00782,0.0,0.123,0.57,104.994,4,k-pop
2y6Ty2NPAsP84XJAtzLxuk,j-hope;Becky G,Chicken Noodle Soup (feat. Becky G),Chicken Noodle Soup (feat. Becky G),70,235497,False,0.827,0.817,2,-4.081,1,0.0953,0.00496,1.19e-05,0.294,0.167,97.008,4,k-pop
1hQia6rxgfM1ly2hE3StWp,Vishal-Shekhar;Salim Merchant;Neeti Mohan;Shekhar Ravjiani,Student of the Year (Original Motion Picture Soundtrack),Ishq Wala Love,70,257972,False,0.711,0.295,0,-12.377,0,0.0334,0.534,4.51e-05,0.0782,0.694,135.041,4,pop
4eaynYNbGdL9F90LGLcUsU,Labrinth,Kill For Your Love,Kill For Your Love,70,192170,False,0.81,0.704,7,-8.739,1,0.205,0.211,2.44e-06,0.371,0.42,119.991,4,indie
5ih5d9WJSI7Hxz0KIPJPY2,Slipknot,"The End, So Far",Yen,70,283786,False,0.562,0.934,2,-4.264,1,0.111,0.000833,0.0159,0.298,0.302,137.005,4,metal
249Z7XT6mf8B2zuI0RaeS0,System Of A Down,Mezmerize,Violent Pornography,70,211333,True,0.459,0.958,6,-2.333,1,0.0877,0.0283,0.0,0.108,0.586,142.707,4,metal
5wBLDkxVvclanSitx5jq8e,Hollywood Undead,Swan Songs,Undead,70,265053,True,0.512,0.943,2,-5.185,0,0.106,0.0138,0.0,0.261,0.485,163.128,4,metal
5BXr7hYZQOeRttkeWYTq5S,STAYC,STAYDOM,ASAP,70,194080,False,0.764,0.802,0,-4.217,1,0.0351,0.102,0.0,0.189,0.323,132.02,4,k-pop
0jOnZhF75V68VsBObWx2XO,Camille Saint-Saëns;Yo-Yo Ma;Kathryn Stott,Songs from the Arc of Life,"The Carnival of the Animals, R. 125: XIII. The Swan (Arr. for Cello and Piano)",70,174266,False,0.169,0.0161,9,-31.034,0,0.0442,0.986,0.86,0.0805,0.0573,128.143,3,classical
0NWPxcsf5vdjdiFUI8NgkP,Jimi Hendrix,Are You Experienced,Hey Joe,70,210160,False,0.346,0.768,9,-5.695,1,0.0377,0.00603,0.38,0.0244,0.532,169.492,4,metal
3UHPGOkUcE4hE7sqBF4Snt,BTS,Film out,Film out,70,214620,False,0.499,0.709,10,-6.404,1,0.134,0.296,0.0,0.331,0.314,164.032,4,k-pop
3LSjYk6sFQaLi0MjtWcm8P,BTS,MAP OF THE SOUL : PERSONA,Make It Right,70,226321,False,0.639,0.706,7,-7.874,1,0.448,0.0104,0.0,0.132,0.259,105.782,4,k-pop
4fxF8ljwryMZX5c9EKrLFE,Shaggy,Boombastic,Boombastic,70,249933,False,0.867,0.538,2,-16.183,1,0.361,0.242,1.75e-05,0.316,0.781,158.328,4,reggae
30CDYWqqitNHUa0DGaUeIE,Mithoon;Vishal Mishra;Asees Kaur,"Jaan Ban Gaye (From ""Khuda Haafiz"")",Jaan Ban Gaye,70,211673,False,0.537,0.419,11,-11.585,1,0.0414,0.76,1.07e-05,0.107,0.292,132.261,4,pop
3H3x4NhR3wJh6IvRHmPvkd,Thaman S;Srivardhini;Aditi Bhavaraju;Satya Yamini;Roshini JKV;Tejaswini,"Tum Tum (From ""Enemy - Tamil"")","Tum Tum (From ""Enemy - Tamil"")",70,228567,False,0.741,0.761,8,-5.414,1,0.143,0.759,0.000607,0.126,0.912,147.047,3,pop
455lcFHS2MOMKcGquhAf22,Ankit Tiwari;Tara Sutaria,"Shaamat (From ""Ek Villain Returns"")","Shaamat (From ""Ek Villain Returns"")",70,334173,False,0.537,0.628,10,-5.342,0,0.029,0.148,0.0,0.0355,0.514,97.87,4,pop
3RptaQ5Xb8WvtpItZ2f9Hi,Slipknot,All Hope Is Gone,Snuff,70,276146,False,0.544,0.69,6,-5.723,0,0.0425,0.012,0.0095,0.0615,0.219,123.962,4,metal
0l1i3nJ4aDMk0inxnvzYTz,Imran Khan,Amplifier,Amplifier,70,232906,False,0.727,0.714,2,-4.494,1,0.0872,0.0209,0.0,0.153,0.618,164.003,4,hip-hop
6E9UwSfT80age2xknoMS7Y,Payal Dev;Jubin Nautiyal,"Tum Hi Aana (From ""Marjaavaan"")","Tum Hi Aana (From ""Marjaavaan"")",70,249126,False,0.473,0.401,4,-7.018,0,0.0241,0.629,1.17e-05,0.154,0.345,90.076,4,pop
4roFMBSQp7W4fYVxKMmhA5,Mitraz,Junoon,Junoon,70,191111,False,0.607,0.593,4,-7.982,0,0.0378,0.2,0.0,0.0833,0.211,107.988,4,pop
1O5mTSQa0sCce9ghhDqIZl,A.R. Rahman;Javed Ali,Jodhaa Akbar (Original Motion Picture Soundtrack),Jashn-E-Bahaaraa,70,315173,False,0.7,0.343,2,-10.474,1,0.0308,0.767,0.0,0.0789,0.488,137.864,4,pop
35P2Xal9x3GAdOHytyEUFe,Mithoon;Arijit Singh;Shashaa Tirupati,Half Girlfriend,Phir Bhi Tumko Chaahunga,70,351587,False,0.527,0.525,1,-8.106,1,0.0337,0.876,1.41e-05,0.172,0.257,99.638,4,pop
0tjnLIbuF8mwLUKq3CNIdH,Sachet Tandon;Parampara Tandon;Sachin-Jigar,Shiddat,Jug Jug Jeeve,70,199174,False,0.559,0.632,5,-7.58,0,0.0608,0.413,0.0,0.118,0.699,90.097,4,pop
2mgzUVvDpb1zMSB4glLQ6T,aespa,Life's Too Short,Life's Too Short (English Version),70,178133,False,0.472,0.8,0,-3.681,1,0.265,0.289,0.0,0.149,0.548,72.203,4,k-pop
6Ib6RkvLBMD85bov85apSL,Stray Kids,NOEASY,DOMINO,70,198720,False,0.687,0.866,7,-2.01,1,0.0466,0.0301,0.0,0.0755,0.696,160.066,4,k-pop
4BxzNZpcm1j3JczZzGNe2k,Don Omar;Tego Calderón,The Fast And The Furious: Tokyo Drift (Original Motion Picture Soundtrack),Bandoleros,70,305280,False,0.662,0.896,5,-5.311,0,0.251,0.318,0.0,0.186,0.79,90.622,4,reggae
1stiSonuKkZqhI1o9nZ9MT,Tanishk Bagchi;Jubin Nautiyal;Asees Kaur,Shershaah (Original Motion Picture Soundtrack),Raataan Lambiyan,70,230292,False,0.721,0.628,10,-5.546,1,0.0409,0.61,0.0,0.108,0.514,81.008,4,pop
4381FmKZc1uT2zzhBiknH7,A.R. Rahman;Vagu Mazan;Thoughtsfornow,"Adheeraa (From ""Cobra"")","Adheeraa (From ""Cobra"")",70,259139,False,0.722,0.859,6,-8.143,0,0.039,0.11,7.39e-05,0.0929,0.562,110.969,4,pop
5zfRl79umXWvKoA7p4KEPa,Tanishk Bagchi;Udit Narayan;Alka Yagnik,"Tip Tip (From ""Sooryavanshi"")","Tip Tip (From ""Sooryavanshi"")",70,250287,False,0.709,0.929,5,-1.583,0,0.061,0.0431,0.00648,0.125,0.477,103.01,4,pop
6nZiYSBwPQ7fYnVWkkkj4g,Jasleen Royal;Prateek Kuhad,Baar Baar Dekho (Original Motion Picture Soundtrack),Kho Gaye Hum Kahan,70,213055,False,0.778,0.227,1,-16.191,1,0.0379,0.983,0.14,0.113,0.38,116.033,4,pop
2vR23BjIzpLMtzsyKrM6Mb,Kailash Kher;Paresh Kamath;Naresh Kamath,Kailasa Jhoomo Re,Saiyyan,70,343906,False,0.473,0.562,0,-8.624,1,0.0451,0.65,0.000117,0.12,0.316,74.653,3,hip-hop
74kCarkFBzXYXNkkYJIsG0,Anuv Jain,Alag Aasmaan,Alag Aasmaan,70,212773,False,0.699,0.299,6,-12.599,1,0.0403,0.869,0.0,0.0724,0.459,118.969,4,indie
3UN6cIn3VIyg0z1LCuFSum,David Guetta;Usher,Nothing but the Beat (Ultimate Edition),Without You (feat. Usher),70,208133,False,0.608,0.614,2,-3.727,1,0.0285,0.227,4.06e-06,0.157,0.402,127.884,4,edm
1bKQ48M9onID2kbSpRy8kK,Scorpions,Crazy World,Send Me An Angel,70,273333,False,0.153,0.417,1,-11.587,1,0.0318,0.434,0.000622,0.211,0.166,80.87,3,metal
4j5ffIFh7bFT7GZciP1TCy,Dan + Shay;Justin Bieber,Good Things,"10,000 Hours (with Justin Bieber)",70,167693,False,0.654,0.63,10,-4.644,1,0.0259,0.149,0.0,0.111,0.43,89.991,4,country
3G1aAxWS2Nd17FQs4PWV6X,BTS,The Most Beautiful Moment in Life Pt.2,Run,70,236748,False,0.554,0.878,11,-3.02,0,0.0513,0.00146,0.0,0.0998,0.55,132.896,4,k-pop
25MHcbjvSdcfTiFgbKJiZF,BTS,MAP OF THE SOUL : 7,Inner Child,70,233265,False,0.589,0.696,11,-7.981,1,0.0725,0.017,0.0,0.0808,0.33,134.953,4,k-pop
3bjg5cbmuwDoS7e2dAWyRG,BTS,The Most Beautiful Moment in Life Pt.2,Butterfly,70,238861,False,0.461,0.776,6,-4.498,1,0.0565,0.0149,0.0,0.12,0.291,149.985,4,k-pop
6IaHIJYxIG8xbosaRr25AC,Harnoor,Parshawan,Parshawan,70,168000,False,0.799,0.44,1,-7.422,0,0.061,0.559,0.0,0.105,0.43,90.006,4,pop
1xGmP8HasLB2Vcp0iBHeXP,David Guetta;Bebe Rexha,I'm Good (Blue),I'm Good (Blue) - Extended,70,219047,True,0.703,0.637,7,-4.435,0,0.0412,0.00108,0.01,0.0713,0.485,128.008,4,edm
2FymmKBuog0loCuNXMwQID,SEVENTEEN,SEVENTEEN 8th Mini Album 'Your Choice',Ready to love,70,186760,False,0.668,0.705,9,-5.731,0,0.0356,0.0274,0.0,0.215,0.549,129.984,4,k-pop
3IjrDeaVRFEi3GgHI5xyjX,KISS,"Smashes, Thrashes And Hits",Detroit Rock City,70,227466,False,0.454,0.847,0,-10.981,0,0.115,0.00953,0.000285,0.15,0.317,90.291,4,metal
4RGWHfQeJftd5XrP8JUgFj,Vansire,Metamodernity,Metamodernity,70,162663,False,0.823,0.544,5,-10.077,1,0.0358,0.389,0.165,0.108,0.826,121.968,4,indie
3HE50TVRquwXe9yv2HFoNL,Three Days Grace,One-X,Never Too Late,70,209333,False,0.433,0.778,2,-4.68,0,0.0371,0.00838,0.0,0.163,0.217,149.864,4,metal
3T0oPETOdddxJ2xTt2qJe4,Arjun Kanungo;Momina Mustehsan,Aaya Na Tu,Aaya Na Tu,70,210000,False,0.665,0.539,11,-7.213,0,0.0474,0.825,5.85e-06,0.121,0.368,110.101,4,hip-hop
1skGwRjc7wYY70PJCAkKMr,Sidhu Moose Wala;AR Paisley,No Name,Love Sick (feat. AR Paisley),70,232258,False,0.824,0.543,4,-8.667,0,0.209,0.101,0.0,0.178,0.548,124.018,4,hip-hop
4TnUKixNWMfajncgdSwFoi,George Strait,Strait From The Heart,Amarillo By Morning,70,173466,False,0.606,0.361,9,-16.031,1,0.0346,0.264,3.39e-05,0.38,0.621,121.059,4,country
0Dkibk70FDp6t7eOZNemNQ,Ludovico Einaudi,Una Mattina,Una Mattina,70,203800,False,0.231,0.0297,2,-31.544,1,0.0579,0.991,0.878,0.0742,0.07,131.413,4,classical
1LNlfvPQmB0cqYJQQskZ8x,Jay Park;Ugly Duck,Worldwide,MOMMAE,70,204991,True,0.694,0.691,0,-4.791,1,0.287,0.226,0.0,0.104,0.678,93.91,4,k-pop
4vLBnQtece15fFhqWxZvJP,Wilbur Soot,Your New Boyfriend,Your New Boyfriend,70,239667,False,0.546,0.453,7,-13.04,1,0.121,0.382,3.9e-05,0.106,0.74,104.532,4,indie
1hYaQRlsuEW4kMjjmjyow3,Vishal Chandrashekhar;S.P. Charan;Ramya Behra,"Oh Sita Hey Rama [From ""Sita Ramam (Telugu)""]","Oh Sita Hey Rama (From ""Sita Ramam (Telugu)"")",70,246412,False,0.636,0.425,6,-11.722,0,0.0453,0.591,0.0,0.0908,0.548,170.013,4,pop
67lbzVADsqJJ6tyVk0XCgn,Topic;Bebe Rexha,Chain My Heart,Chain My Heart,70,146880,False,0.663,0.849,11,-4.462,0,0.0334,0.0791,1.2e-06,0.192,0.722,123.992,4,edm
34OSqW5ULWxmCEMjJ1ZgVW,BTS,Love Yourself 轉 'Tear',Anpanman,70,232966,False,0.813,0.876,1,-2.92,0,0.0922,0.024,0.0,0.287,0.757,98.989,4,k-pop
6jmTHeoWvBaSrwWttr8Xvu,G-Eazy;Remo,These Things Happen,I Mean It (feat. Remo),70,236480,True,0.712,0.562,10,-6.008,1,0.129,0.125,0.0,0.136,0.142,140.0,4,indie
6FT83pFXKhDlXDsNJFAHWz,Chuck Berry,St. Louis To Liverpool,You Never Can Tell,70,161906,False,0.525,0.852,7,-9.519,1,0.222,0.731,5.11e-05,0.218,0.884,157.404,4,r-n-b
6KhAXXgDtEEahVzATvFNcn,BTS,MAP OF THE SOUL : 7,Moon,70,208589,False,0.704,0.646,6,-6.658,1,0.0596,0.0104,0.0,0.191,0.64,141.87,4,k-pop
32765xcLM1fd6wQIpkN9A0,Ami Mishra,Hamari Adhuri Kahani (Original Motion Picture Soundtrack),Hasi - Male Version,70,272668,False,0.296,0.581,6,-5.945,0,0.0338,0.433,0.0,0.0577,0.231,147.935,4,pop
1XSSm7oKOzNE8oUapjIRWV,Tanishk Bagchi;Gippy Grewal;Zahrah S Khan;Romy;Abrar Ul Haq,"The Punjaabban Song (From ""Jugjugg Jeeyo"")","The Punjaabban Song (From ""Jugjugg Jeeyo"")",70,199029,False,0.779,0.964,10,-2.888,0,0.0995,0.0858,1.46e-05,0.676,0.613,139.241,4,pop
2n9ylYiF7urpXo36qBwr3g,Stebin Ben,Mera Dil Bhi Kitna Pagal Hai (Recreated Version),Mera Dil Bhi Kitna Pagal Hai - Recreated Version,70,200827,False,0.601,0.733,6,-5.987,0,0.0362,0.333,1.73e-06,0.406,0.375,94.017,4,pop
0bmp0lE3ArELHqda9PBMVG,Amit Trivedi;Kavita Seth;Amitabh Bhattacharya,I Love You...Forever,"Iktara (From ""Wake Up Sid"")",70,253773,False,0.616,0.525,7,-7.065,1,0.0258,0.401,0.000484,0.309,0.427,79.976,4,pop
3HiobOOpSpMsi95WBKPBYk,Jeet Gannguli;Arijit Singh,Hamari Adhuri Kahani (Original Motion Picture Soundtrack),Hamari Adhuri Kahani (Title Track),70,398799,False,0.223,0.359,0,-7.569,1,0.0312,0.845,0.0,0.133,0.193,73.059,4,pop
1bFgMkoazsyZGSflpCzYm6,Farruko;Tiësto,Pepas (Tiësto Remix),Pepas - Tiësto Remix,70,223384,True,0.769,0.688,7,-4.378,1,0.0501,0.00215,0.107,0.088,0.387,130.026,4,reggae
1cdbkpZ3q1KYZDNSrOpdkb,BLACKPINK;Selena Gomez,THE ALBUM,Ice Cream (with Selena Gomez),70,175813,False,0.791,0.733,9,-3.852,1,0.35,0.0305,0.000169,0.0423,0.913,159.974,4,k-pop
0OCDOcvQvozjsivREMojzx,Stray Kids,Mixtape : Time Out,Mixtape : Time Out,70,175293,False,0.555,0.945,2,-1.934,1,0.127,0.0453,0.0,0.244,0.389,160.006,4,k-pop
5fdhThPDe6jQQDqCyWrdAn,Dolly Parton,Jolene (Expanded Edition),Jolene,70,161533,False,0.674,0.537,1,-10.971,0,0.0363,0.566,0.0,0.131,0.809,110.578,4,country
6E37j4b44JGpdk297urpKM,Bea Miller,aurora,like that,70,185546,False,0.573,0.441,6,-5.799,0,0.0758,0.186,0.0,0.61,0.389,61.657,4,indie
1ehags7lQMM1qX94VJkoaf,ITZY,Not Shy,Not Shy,70,177728,False,0.776,0.911,2,-3.08,0,0.131,0.155,2.59e-06,0.268,0.56,101.027,4,k-pop
7FcQRdlqMvAKmQH1SXCk1s,Mika Singh;Ali Quli Mirza,Ishqam,Ishqam,70,194418,False,0.735,0.839,10,-4.263,0,0.0381,0.129,0.0,0.41,0.609,100.017,4,hip-hop
6sPW145Y3LSXd4p1LjBOcS,Anirudh Ravichander,David,Kanave Kanave,70,284784,False,0.47,0.513,9,-10.076,0,0.0294,0.373,6.5e-06,0.123,0.477,95.015,1,hip-hop
2p5THyuNwpJ9c7ex3TN383,Jacob David,Nowesind,Nowesind,70,119120,False,0.304,0.0902,10,-32.824,1,0.0489,0.903,0.907,0.111,0.318,114.487,4,classical
6KtLECDztnah63TNmV4Plw,Incubus,Morning View,Wish You Were Here,70,212733,False,0.246,0.768,9,-7.48,1,0.0387,0.000631,0.301,0.102,0.35,169.873,4,metal
5rAxhWcgFng3s570sGO2F8,Linkin Park,Hybrid Theory (Bonus Edition),A Place for My Head,70,184640,False,0.603,0.908,11,-5.254,1,0.184,0.0144,0.0,0.671,0.457,133.063,4,metal
6vo0dV9t7PCQZKsLFwVwZ5,SEVENTEEN,Darl+ing,Darl+ing,70,176546,False,0.71,0.686,0,-4.926,1,0.0713,0.296,0.0,0.492,0.483,96.06,4,k-pop
4ZWyj5whGZ3nNLwOtOLrMt,Marc Benjamin,I Want More,I Want More,70,129600,False,0.746,0.888,1,-6.15,1,0.0726,0.0401,0.00191,0.0835,0.296,124.954,4,edm
6HZ9VeI5IRFCNQLXhpF4bq,Icona Pop;Charli XCX,THIS IS... ICONA POP,I Love It (feat. Charli XCX),70,157152,True,0.711,0.906,8,-2.671,1,0.0284,0.00952,1.64e-05,0.153,0.824,125.916,4,edm
4WZ3liyYz5ZzDcL4ibAuOi,Kane Brown,Grand,Grand,70,178973,False,0.583,0.856,6,-5.446,0,0.0445,0.00484,0.0,0.224,0.48,168.053,4,country
1GL7vwDnPqCnJ2xGNxNLwG,Loud Luxury;KIDDO,These Nights,These Nights,70,132417,False,0.643,0.714,2,-5.504,0,0.0486,0.00444,2.85e-06,0.146,0.205,120.027,4,edm
3D0pmiK3zyF9PudyJ8mkor,AP Dhillon;Amari,Ma Belle,Ma Belle,70,160824,False,0.908,0.314,0,-9.614,1,0.116,0.0424,4.15e-05,0.0727,0.244,97.011,4,hip-hop
1MX0g22bQkr9HDVe37fLnN,BTS,Love Yourself 轉 'Tear',134340,70,230063,False,0.665,0.687,11,-6.466,0,0.0547,0.155,9.28e-05,0.173,0.651,106.023,4,k-pop
7lrqvdivAYRGEiO8JFP31G,BTS;Halsey,MAP OF THE SOUL : 7,Boy With Luv (Feat. Halsey),70,229773,False,0.645,0.862,11,-4.761,0,0.0845,0.0933,0.0,0.193,0.803,119.947,4,k-pop
1Mys1gf9SkMBAVGGxpkJ7d,Lost Frequencies;Janieck,Less Is More,Reality,70,159480,False,0.714,0.697,1,-7.887,0,0.032,0.0197,2e-06,0.0697,0.602,122.145,4,edm
4Tkb7zsDmsawB7S5TpKQV1,Atif Aslam;Shiraz Uppal,Pehli Dafa,Pehli Dafa,70,298771,False,0.679,0.537,4,-7.843,1,0.0322,0.844,3.34e-06,0.108,0.481,111.979,4,pop
7vF3xkCMvZjAe2nTWY0uQZ,Jake Owen,Greetings From...Jake,Made For You,70,238400,False,0.581,0.441,1,-6.829,1,0.0268,0.77,2.75e-05,0.111,0.337,82.125,4,country
6PO6EnP2QoP4vN27KmKvrj,Prem Dhillon,No Lookin' Back,Nah They Can’t,70,204255,True,0.615,0.623,4,-6.724,0,0.0867,0.0893,0.0,0.205,0.266,92.937,4,pop
4huBDGP4I3S0pYI0EaRN1c,Fivio Foreign;Kanye West;Alicia Keys,City of Gods,City of Gods,70,256000,True,0.474,0.801,8,-5.978,0,0.375,0.102,0.0,0.322,0.497,147.356,4,r-n-b
70MVLulHguwdhGo7100hsU,Azaan Sami Khan,Ik Lamha,Ik Lamha,70,258857,False,0.581,0.557,5,-7.557,0,0.0466,0.671,0.0,0.107,0.333,140.047,4,pop
09vHbIezp9NP31CZWysk3v,Tanishk Bagchi;Pav Dharia;Nikhita Gandhi,"Najaa (From ""Sooryavanshi"")","Najaa (From ""Sooryavanshi"")",70,191239,False,0.786,0.727,9,-5.028,0,0.051,0.0818,0.0,0.0824,0.697,93.97,4,pop
7JVpb6CY3I1JwQCIEgw9XT,Gulab Sidhu;Sukh Lotey,Ainak,Ainak,70,178666,False,0.817,0.682,4,-5.376,0,0.214,0.245,1.84e-06,0.0631,0.605,90.039,4,pop
79qxwHypONUt3AFq0WPpT9,Kacey Musgraves,Golden Hour,Rainbow,70,214293,False,0.581,0.197,3,-7.697,1,0.0329,0.88,0.0,0.107,0.349,130.367,4,country
2zQE8TE5BQDJA11ggnope9,Sidhu Moose Wala;Bohemia,Moosetape,These Days (feat. Bohemia),70,209230,False,0.73,0.748,6,-4.371,0,0.152,0.0936,0.0,0.282,0.694,155.861,4,hip-hop
1fr92Vupmcs2vgLMFVQ7rd,The Rasmus,Dead Letters,In the Shadows,70,257920,False,0.6,0.796,2,-4.481,1,0.0275,0.000109,5.2e-05,0.484,0.75,105.991,4,metal
4Gd9PUEuOTOJtbgd4YxLXM,Nickelback,All the Right Reasons,Savin' Me,70,219320,False,0.441,0.815,3,-4.088,1,0.0276,0.000731,0.0,0.414,0.522,164.007,4,metal
472vIK1ldetTxRxG3ovaiY,Dan + Shay,Glad You Exist,Glad You Exist,70,144533,False,0.748,0.551,11,-6.12,1,0.0349,0.235,0.0,0.119,0.66,103.953,4,country
2S8UMuLJ0z8agFgFGJ6Ztt,Niko Moon,GOOD TIME,GOOD TIME,70,214720,False,0.802,0.59,5,-7.189,1,0.0493,0.0874,0.0,0.275,0.687,138.084,4,country
3AhXZa8sUQht0UEdBJgpGc,Bob Dylan,Highway 61 Revisited,Like a Rolling Stone,70,369600,False,0.482,0.721,0,-6.839,1,0.0321,0.731,0.0,0.189,0.557,95.263,4,country
064SVQsmWl5EF0zahmzkQk,The Bellamy Brothers,Bellamy Brothers,Let Your Love Flow,70,198760,False,0.679,0.553,3,-14.687,1,0.0316,0.0611,7.16e-06,0.139,0.946,109.071,4,country
474VqnPDr0251lsQBB8sQB,BTS;Megan Thee Stallion,Butter (Megan Thee Stallion Remix),Butter - Megan Thee Stallion Remix,70,164457,False,0.739,0.588,8,-4.971,1,0.136,0.00308,0.0,0.109,0.774,109.958,4,k-pop
0OWZFobGSIW9GrSlQ9C5pc,Thomas Rhett,Life Changes,Marry Me,70,205453,False,0.333,0.412,3,-8.633,1,0.029,0.0977,0.0,0.113,0.474,85.028,4,country
0lNr0bkRupchqckGeSMSpZ,Yuvan Shankar Raja,"Veera Soora (From ""Naane Varuvean"")",Veera Soora,70,205145,False,0.518,0.723,2,-8.075,1,0.137,0.157,1.2e-05,0.107,0.363,100.118,4,k-pop
0zGLlXbHlrAyBN1x6sY0rb,Etta James,At Last!,A Sunday Kind Of Love,70,196133,False,0.421,0.285,2,-9.43,0,0.0293,0.829,1.55e-06,0.233,0.402,85.861,4,jazz
1QTQ3VNzabl4yF5GJE6hhK,Three Days Grace,EXPLOSIONS,So Called Life,70,206640,True,0.505,0.909,2,-4.316,1,0.0622,0.000179,0.0,0.0922,0.457,160.051,4,metal
5jkbw3FDS3bSSb4oLKYbjf,Sub Urban;REI AMI,Thrill Seeker,Freak (feat. REI AMI),70,194000,False,0.619,0.45,7,-11.965,0,0.515,0.433,0.0,0.513,0.41,179.755,4,indie
08kTa3SL9sV6Iy8KLKtGql,Prateek Kuhad,Kasoor,Kasoor,70,197549,False,0.558,0.497,8,-7.175,1,0.0256,0.0285,5.36e-06,0.0799,0.444,107.047,4,indie
5jjZikDrEd0by1o7V3fO4y,Royal & the Serpent,Overwhelmed,overwhelmed,70,159293,False,0.804,0.323,0,-11.127,0,0.305,0.308,0.0,0.15,0.456,87.019,4,indie
1fQaoh3imrMunWVZh5kf90,Avenged Sevenfold,Hail to the King,Shepherd of Fire,70,323800,False,0.576,0.906,2,-7.677,1,0.0571,0.000332,0.0614,0.0908,0.211,127.935,4,metal
6Wx88Mv6b9ofjKMKkdwOJd,Linkin Park,Transformers: Revenge Of The Fallen The Album,New Divide,70,268613,False,0.493,0.808,5,-3.365,0,0.0362,0.000235,0.0,0.0983,0.38,117.971,4,metal
26PwuMotZqcczKLHi4Htz3,Bob Marley & The Wailers,Uprising,Redemption Song,70,233560,False,0.671,0.256,7,-10.743,1,0.0387,0.608,0.0,0.0737,0.694,115.871,4,reggae
2rizacJSyD9S1IQUxUxnsK,The Chainsmokers;Phoebe Ryan,All We Know,All We Know,70,194080,False,0.662,0.586,0,-8.821,1,0.0307,0.097,0.00272,0.115,0.296,90.0,4,edm
3h4T9Bg8OVSUYa6danHeH5,Maroon 5,V (Asia Tour Edition),Animals,70,231013,False,0.279,0.742,4,-6.46,0,0.0898,0.000185,0.0,0.593,0.328,189.868,4,pop
2ISSQPb9LHHiV6ng2NXosL,Zedd;Jon Bellion,True Colors,Beautiful Now,70,218293,False,0.628,0.833,11,-4.126,0,0.0282,0.0079,1.48e-05,0.074,0.56,128.003,4,edm
5zviMoAeuerK1Rd58qXASv,ILLENIUM;Teddy Swims,All That Really Matters,All That Really Matters,70,244235,False,0.352,0.666,1,-4.909,1,0.0512,0.117,1.81e-06,0.0934,0.227,169.965,4,edm
3RlsVPIIs5KFhLFhxZ4iDF,Nickelback,All the Right Reasons (Walmart Exclusive Edition),Rockstar,70,252040,False,0.616,0.91,0,-3.004,1,0.0386,0.0459,0.0,0.343,0.693,144.072,4,metal
2C2TGgFzrTRIOdQS1vUN5h,J Balvin,Energía,Ginza,70,171093,False,0.73,0.809,5,-6.406,0,0.0876,0.208,0.0013,0.0804,0.825,101.965,4,reggae
0xttqqTj7ZAGyVkfOYxQ4F,Anirudh Ravichander;Vijay Yesudas;Shweta Mohan,3 (Original Motion Picture Soundtrack),Nee Paartha Vizhigal - The Touch of Love,70,264506,False,0.665,0.596,9,-6.969,0,0.0278,0.293,3.67e-05,0.247,0.644,110.055,4,hip-hop
0KkIkfsLEJbrcIhYsCL7L5,Anuel AA;Daddy Yankee;KAROL G;Ozuna;J Balvin,Emmanuel,China,70,301714,False,0.786,0.808,7,-3.702,1,0.0881,0.0846,0.000289,0.0822,0.608,105.029,4,reggae
11qh54D0PKkBwelpDxxiEU,Little Big Town,Pain Killer,Girl Crush,70,193320,False,0.5,0.225,0,-10.22,1,0.0302,0.842,0.0,0.112,0.355,173.788,3,country
5QGooKayQPVZMUDc8Qt3Dm,SEVENTEEN,Heng:garæ,Left & Right,70,201773,False,0.726,0.829,6,-3.876,0,0.111,0.146,0.0,0.0916,0.95,149.994,4,k-pop
6HGoVbCUr63SgU3TjxEVj6,Imran Khan,Satisfya,Satisfya,70,180056,False,0.726,0.652,1,-7.764,0,0.11,0.00451,3.32e-05,0.226,0.803,163.879,4,hip-hop
7zAt4tdL44D3VuzsvM0N8n,Avenged Sevenfold,Avenged Sevenfold,Afterlife,70,352426,False,0.487,0.949,2,-4.217,0,0.0798,0.000429,2.91e-05,0.231,0.406,110.02,4,metal
3JeLa5o0NxQjQHhVYaTLV0,Stray Kids,MAXIDENT,CIRCUS (Korean Ver.),70,194400,False,0.788,0.795,5,-3.676,0,0.0948,0.031,0.0,0.0302,0.703,98.004,4,k-pop
1nWB8isqs2tviWk20G5pow,BTS,Wings,Lie,70,215752,False,0.541,0.779,6,-5.581,0,0.033,0.00338,0.0,0.177,0.501,94.069,3,k-pop
2HoqbEOXgbDSLZ5XCePEXt,Ray Charles,Soul,Hit the Road Jack,69,119880,False,0.598,0.571,8,-12.616,0,0.139,0.704,0.0,0.513,0.962,173.141,4,jazz
6qCNaRRr5xJALfNJvh0NAw,Zack Knight;Jasmin Walia,"Bom Diggy Diggy (From ""Sonu Ke Titu Ki Sweety"")",Bom Diggy Diggy,69,238530,False,0.782,0.827,11,-4.219,0,0.0627,0.159,0.0,0.226,0.498,104.032,4,hip-hop
2QZe2H1f03t5PJWEMg2Mbe,BTS,MAP OF THE SOUL : 7,UGH!,69,225012,False,0.72,0.824,10,-5.086,0,0.128,0.0394,0.0,0.0509,0.333,165.996,4,k-pop
14sOS5L36385FJ3OL8hew4,Kygo;Sandro Cavazza,Happy Now,Happy Now,69,211362,False,0.693,0.575,9,-6.998,1,0.0801,0.374,0.0,0.252,0.492,117.999,4,edm
07qrA1FxZpXy383wX3IDEb,BTS;Halsey,Proof,Boy With Luv (Feat. Halsey),69,229773,False,0.645,0.862,11,-4.761,0,0.0845,0.0933,0.0,0.193,0.803,119.947,4,k-pop
6MTd61g9zq6CB1FnJydjEb,The Archies,Everything's Archie,Sugar Sugar,69,167213,False,0.757,0.725,2,-7.259,1,0.0275,0.399,0.0,0.108,0.965,122.439,4,r-n-b
6e2YNCn1sP5eqnUe17vtxv,Sub Urban;Bella Poarch,HIVE,INFERNO,69,133133,False,0.82,0.611,9,-5.02,0,0.122,0.0766,2.5e-05,0.0684,0.637,127.883,4,indie
3zmrdOtnOogqLllz26WLZ3,ATEEZ,ZERO : FEVER Part.3,Deja Vu,69,196670,False,0.692,0.835,6,-4.978,0,0.0628,0.0517,0.0,0.134,0.566,80.017,4,k-pop
1rqb2FCXVn2HNL1afJEnTr,TOMORROW X TOGETHER,The Dream Chapter: MAGIC,9 and Three Quarters (Run Away),69,211866,False,0.639,0.756,1,-4.42,1,0.0606,0.0055,0.0,0.13,0.531,128.931,4,k-pop
25gacl0dFF9HTclx7Ug7xC,Valley,Last Birthday,Like 1999,69,144742,True,0.733,0.382,7,-7.955,1,0.0459,0.132,0.0,0.162,0.517,98.027,4,indie
7caj6X6NMX3tlhWnu1du6V,Ritchie Valens,Ritchie Valens,We Belong Together,69,116626,False,0.684,0.247,5,-13.71,1,0.0281,0.872,0.000166,0.113,0.768,106.522,3,r-n-b
1lATXTBJDHwawvT1UfxWu3,TOOL,"10,000 Days",The Pot,69,381946,True,0.469,0.79,7,-6.889,1,0.0391,0.000148,0.372,0.282,0.466,107.45,4,metal
61YzdCCBPM5Pc7lIiD5i8C,K'NAAN;Adam Levine,Troubadour,Bang Bang,69,186533,True,0.623,0.901,10,-4.402,0,0.182,0.0785,0.0,0.0251,0.896,179.985,4,reggae
4XcxgZSriCYamtIA7BgT7V,B.I;Soulja Boy;DeVita,BTBT,BTBT,69,219549,False,0.766,0.664,9,-6.932,0,0.177,0.334,0.0,0.115,0.509,109.946,4,k-pop
6CdUgvL597jWmW4w8P5kHs,TAEYEON,My Voice - The 1st Album,Fine,69,209157,False,0.36,0.565,7,-4.898,1,0.0608,0.358,0.0,0.0448,0.311,173.281,4,k-pop
4sCSUQnWQ6HJsOMjfPicdn,Don Omar;Lucenzo,Fast Five (Original Motion Picture Soundtrack),Danza Kuduro,69,198386,False,0.701,0.896,0,-6.459,1,0.0814,0.0866,0.0,0.0572,0.896,130.067,4,reggae
104buTcnP2AsxqB7U1FIZ4,Linkin Park;Kiiara,One More Light,Heavy (feat. Kiiara),69,169800,True,0.59,0.671,9,-6.098,1,0.0706,0.0484,0.0,0.0604,0.438,149.982,4,metal
6NwEpX2JUWHVKWfDDfcqC4,Anirudh Ravichander;Ajesh,3 (Original Motion Picture Soundtrack),Idhazhin Oram - The Innocence of Love,69,204866,False,0.65,0.783,7,-6.197,0,0.0377,0.22,3.71e-06,0.182,0.302,109.959,4,hip-hop
4NexTaCZZ7Ehnf03A6SVjt,Galantis;JVKE,Dandelion,Dandelion,69,140011,False,0.8,0.66,0,-4.903,1,0.158,0.158,0.02,0.14,0.634,117.923,4,edm
1BLfQ6dPXmuDrFmbdfW7Jl,Avenged Sevenfold,Avenged Sevenfold,A Little Piece of Heaven,69,480706,True,0.486,0.881,2,-5.623,0,0.0474,0.0244,0.0,0.429,0.667,144.997,4,metal
799XxzSlWNYkuWJxUbuGnF,Metallica,"Stranger Things: Soundtrack from the Netflix Series, Season 4",Master of Puppets,69,514479,False,0.538,0.868,4,-7.357,0,0.0377,0.000599,0.482,0.199,0.556,105.164,4,metal
17i5jLpzndlQhbS4SrTd0B,Johann Sebastian Bach;Yo-Yo Ma,"Bach: Cello Suites Nos. 1, 5 & 6","Cello Suite No. 1 in G Major, BWV 1007: I. Prélude",69,152280,False,0.275,0.157,7,-18.752,1,0.0636,0.89,0.842,0.186,0.304,73.289,4,classical
5xYpEeGFXmkGMBQ22NfKfO,Novo Amor,"Cannot Be, Whatsoever",Keep Me,69,194560,False,0.567,0.131,1,-14.124,1,0.029,0.888,0.0553,0.158,0.0657,104.784,4,indie
72wqLtMtkrB0qUw6jSqM0Z,BTS,Dynamite (NightTime Version),Dynamite,69,199053,False,0.746,0.765,6,-4.41,0,0.0993,0.0112,0.0,0.0936,0.737,114.044,4,k-pop
10AsRVRdU07cMAFHeGYO3c,Martin Jensen,Solo Dance,Solo Dance,69,174933,False,0.746,0.846,9,-2.432,1,0.048,0.0485,0.0,0.195,0.403,114.955,4,edm
5LyRtsQLhcXmy50VXhQXXS,Megadeth,Rust In Peace (Expanded Edition),Holy Wars...The Punishment Due - Remastered,69,392600,False,0.325,0.985,11,-3.941,1,0.151,0.00177,0.107,0.351,0.221,125.307,4,metal
4RVtBlHFKj51Ipvpfv5ER4,Martin Garrix;Clinton Kane,Drown (feat. Clinton Kane),Drown (feat. Clinton Kane),69,174062,False,0.573,0.739,9,-5.455,1,0.0581,0.212,0.0,0.175,0.363,120.077,4,edm
2WH4oy1SYppZrcdgKwSA0j,BTS;Lauv,Make It Right (feat. Lauv),Make It Right (feat. Lauv),69,226321,False,0.583,0.68,7,-7.809,1,0.422,0.0304,0.0,0.189,0.343,97.568,4,k-pop
5CSEaABQkS1hoLza0IpK2r,Amar Arshi;Badshah;Neha Kakkar;Indeep Bakshi;Prem & Hardeep,Baar Baar Dekho (Original Motion Picture Soundtrack),Kala Chashma,69,187006,False,0.801,0.856,0,-4.233,1,0.065,0.0984,6.62e-05,0.228,0.919,106.026,4,pop
6oO7WMjD6kEvCITLbVj0mu,System Of A Down,Hypnotize,Hypnotize,69,189440,False,0.274,0.92,6,-4.096,1,0.0489,0.0303,0.000412,0.115,0.0397,154.016,4,metal
28WmNsclKsrVmdv3tDmoYU,Metallica,Kill 'Em All (Remastered),Seek & Destroy - Remastered,69,414720,False,0.445,0.964,9,-5.493,1,0.282,0.037,0.0132,0.0773,0.448,140.817,4,metal
55sgQENF3LY1sUcJUwasLl,Skrillex;Justin Bieber;Don Toliver,Don’t Go (with Justin Bieber & Don Toliver),Don’t Go (with Justin Bieber & Don Toliver),69,168253,False,0.689,0.695,11,-5.22,1,0.0429,0.019,0.0,0.123,0.359,75.05,4,edm
3hb2ScEVkGchcAQqrPLP0R,Nickelback,All the Right Reasons,Photograph,69,258920,False,0.515,0.876,8,-3.756,1,0.0292,0.000932,0.000166,0.136,0.385,145.916,4,metal
2ufmtcIFdFpuUYBPXK5f67,Halsey,Manic,Graveyard,69,181805,False,0.667,0.583,11,-5.127,0,0.0747,0.231,4.48e-05,0.181,0.187,92.043,4,indie
1qzHqfvKrZWo6dVHM1dXrj,Norah Jones,Come Away With Me (Super Deluxe Edition),Turn Me On,69,154800,False,0.429,0.18,10,-10.694,1,0.0551,0.864,4.4e-06,0.104,0.485,170.645,3,jazz
7BD50ATrF3Vab5FQy7vtK8,LeAnn Rimes,Greatest Hits,How Do I Live,69,266973,False,0.577,0.462,2,-7.989,1,0.0279,0.128,0.0,0.0822,0.258,128.303,4,country
7m4CgL81VVIHaaiSxyH922,Yo Yo Honey Singh,Desi Kalakaar,Desi Kalakaar,69,253352,False,0.751,0.67,0,-4.587,1,0.267,0.0796,0.00018,0.0908,0.766,156.062,4,hip-hop
2hDMBVN3P47GEhH5VtmA6m,Tegi Pannu;Manni Sandhu,Untouchable,Untouchable,69,153210,False,0.658,0.603,2,-6.552,0,0.0676,0.472,0.0,0.124,0.519,146.864,4,hip-hop
1UUgngRGzFWfgpyN0WAN1r,Anirudh Ravichander;Ravi G;Shashaa Tirupati,"Naan Pizhai (From ""Kaathuvaakula Rendu Kaadhal"")","Naan Pizhai (From ""Kaathuvaakula Rendu Kaadhal"")",69,243570,False,0.401,0.488,2,-8.417,1,0.0288,0.6,0.0,0.124,0.455,149.951,3,hip-hop
2PEo8JQ48mfEv8a2HLqDvt,Sachin-Jigar;Rashmeet Kaur;Shamur;IP Singh,"Nadiyon Paar (Let the Music Play Again) [From ""Roohi""]","Nadiyon Paar (Let the Music Play Again) (From ""Roohi"")",69,164045,False,0.875,0.846,7,-5.276,1,0.0716,0.137,1.15e-05,0.123,0.697,114.981,4,hip-hop
5e08a8D8T3z4LDXbUIjxKQ,WILLOW,ARDIPITHECUS,Wait a Minute!,69,196520,False,0.764,0.705,3,-5.279,0,0.0278,0.0371,1.94e-05,0.0943,0.672,101.003,4,pop
2DpJ9T2RVRanZcYFHKOAfA,Paul Anka,Put Your Head On My Shoulder: The Very Best Of Paul Anka,Put Your Head On My Shoulder,69,154733,False,0.547,0.335,4,-9.2,0,0.0307,0.747,0.0,0.101,0.474,115.838,3,r-n-b
73W5aXorr5vxrySFcoZqIN,Big Red Machine;Taylor Swift,How Long Do You Think It's Gonna Last?,Renegade (feat. Taylor Swift),69,254466,False,0.53,0.712,0,-8.135,1,0.0461,0.44,0.0233,0.0931,0.577,167.964,4,indie
6ZoCBDOB308GqUdt2AJrV2,Shafqat Amanat Ali,Ra-One,Dildaara (Stand By Me),69,249660,False,0.622,0.779,9,-5.799,1,0.037,0.102,0.000934,0.145,0.761,100.013,4,pop
4yA2SM7XCLkSgkBUSoZb5S,Travis,The Invisible Band,Sing,69,228800,False,0.33,0.905,4,-5.047,1,0.0497,0.000233,8.14e-06,0.0712,0.259,163.142,4,r-n-b
46WaBBaEHzgbN88Ew0nh50,GFRIEND,回:Walpurgis Night,MAGO,69,199133,False,0.621,0.821,6,-3.662,0,0.0364,0.00548,0.000578,0.142,0.646,120.062,4,k-pop
2FqkTu4FhwDWn9hzEaWWCE,The Chainsmokers,So Far So Good,I Love U,69,185522,False,0.651,0.719,8,-5.804,1,0.0318,0.143,3.62e-05,0.0948,0.81,103.981,4,edm
56fiFTRrSiHHH3gBeaTg2P,Slipknot,We Are Not Your Kind,Nero Forte,69,315177,True,0.336,0.978,7,-2.358,1,0.0846,0.000437,0.000525,0.138,0.496,129.842,4,metal
1QZRCi2Z1DQQaR6bGAzhtN,Yo Yo Honey Singh,Desi Kalakaar,Love Dose,69,224444,False,0.843,0.768,11,-4.554,0,0.117,0.256,0.0,0.614,0.662,139.998,4,hip-hop
4faDlXyZMSxEuxBdd5gDIz,AP Dhillon;Intense,Toxic,Toxic,69,184102,False,0.802,0.737,9,-4.306,1,0.0432,0.309,0.0,0.0815,0.577,116.955,4,hip-hop
26OVhEqFDQH0Ij77QtmGP9,TWICE,YES or YES,YES or YES,69,237680,False,0.702,0.913,11,-2.977,1,0.0374,0.0514,3.72e-06,0.166,0.735,137.981,4,k-pop
2e3cJdJ8xWwydl8JIYlCqB,WayV,Love Talk (English Version),Love Talk - English Version,69,232150,False,0.751,0.719,6,-5.198,0,0.0373,0.142,0.0,0.148,0.437,98.01,4,k-pop
0ADG9OgdVTL7fgREP75BrZ,Zara Larsson,So Good,Ain't My Fault,69,224030,False,0.576,0.782,6,-4.825,0,0.0296,0.00778,0.0,0.285,0.355,141.153,4,edm
6iC7vapdKp0XlKhxOkp8QJ,Tiësto;Sevenn;Gucci Mane,BOOM,BOOM,69,179512,True,0.886,0.84,2,-3.386,1,0.0502,0.0164,0.00622,0.329,0.203,123.035,4,edm
4Dr2hJ3EnVh2Aaot6fRwDO,IU,Love poem,Blueming,69,217053,False,0.819,0.674,0,-3.145,1,0.0587,0.0849,0.0,0.0667,0.682,106.032,4,k-pop
64p6ua7zpf66s62StC2QLv,Raaban;Tungevaag;Luana Kiara,Bad Boy (feat. Luana Kiara),Bad Boy (feat. Luana Kiara),69,190673,False,0.644,0.892,0,-1.1,0,0.0567,0.13,0.000113,0.0893,0.767,180.044,4,edm
3X0K6fII7VIwL1URPrp8Ko,Rammstein,Mutter,Ich will,69,217106,False,0.648,0.896,2,-4.254,1,0.041,0.00138,0.000819,0.0879,0.468,128.115,4,metal
40i81AcCCxiVEFUWElcjZC,Get Scared,Best Kind Of Mess,Sarcasm,69,198080,False,0.387,0.929,7,-4.825,0,0.161,0.00238,7.22e-06,0.314,0.591,180.359,4,metal
5fOjFkFA0k5MTOo1LmnVTO,Janji;Johnning,Heroes Tonight,Heroes Tonight,69,208139,False,0.537,0.786,8,-4.331,1,0.0317,0.075,0.0,0.253,0.178,127.994,3,edm
1PcANFoqnDsexSHXpWrn8Q,Slipknot,"The End, So Far",Adderall,69,340400,False,0.2,0.639,7,-5.857,0,0.0365,0.00623,0.0459,0.125,0.17,166.013,4,metal
6S2gYweMmT6xygVh5q3QLa,BTS,The Most Beautiful Moment in Life: Young Forever,House of Cards - Full Length Edition,69,226212,False,0.367,0.668,2,-4.484,0,0.052,0.336,0.0,0.147,0.384,104.961,4,k-pop
0JBnAsReYppHqCZJbqy5H8,Sidhu Moose Wala,SYL,SYL,69,249662,False,0.628,0.703,10,-4.27,0,0.0812,0.0263,0.0,0.26,0.594,99.783,4,hip-hop
3nc420PXjTdBV5TN0gCFkS,Martin Garrix;Khalid,Ocean (feat. Khalid),Ocean (feat. Khalid),69,216419,False,0.506,0.693,0,-7.265,0,0.0412,0.584,9.58e-05,0.0891,0.221,139.912,4,edm
4Kh6cq3XgOGUK9yXQu7RTq,Royal & the Serpent;Chri$tian Gate$,overwhelmed (the remixes),overwhelmed - Chri$tian Gate$ remix,69,134482,True,0.619,0.502,0,-8.097,0,0.249,0.178,0.0,0.155,0.38,174.196,4,indie
5cepAtqnEQ6yVG6088zMMu,Maluma;Nego do Borel,F.A.M.E.,Corazón (feat. Nego do Borel),69,184720,False,0.722,0.738,9,-6.073,0,0.247,0.328,1.47e-05,0.198,0.748,198.075,4,reggae
1sh6lL6cmlcwhqZKGiKBua,Avicii;Nicky Romero,I Could Be The One [Avicii vs Nicky Romero],I Could Be The One (Avicii Vs. Nicky Romero) - Radio Edit,69,208316,False,0.509,0.79,6,-3.782,0,0.0374,0.332,6.67e-05,0.316,0.638,127.946,4,edm
71qB68guEJjbvtjlkZ8DF5,Kygo;X Ambassadors,Undeniable (feat. X Ambassadors),Undeniable (feat. X Ambassadors),69,180596,False,0.684,0.506,6,-6.743,1,0.0338,0.159,0.0,0.26,0.352,108.036,4,edm
07HqIg8BnB1lJElnw2ZiSR,Bon Jovi,New Jersey (Deluxe Edition),I'll Be There For You,69,346586,False,0.437,0.727,2,-5.432,1,0.0293,0.0532,0.0,0.103,0.233,73.029,4,metal
4XxfOvudrnBRdlgzEaq1sd,Diljit Dosanjh,G.O.A.T.,Born to Shine,69,213333,False,0.745,0.826,6,-4.339,0,0.0866,0.357,0.0,0.302,0.674,90.149,4,pop
3jf5303mzzJ96O8xFTcEn4,B Praak,"Mann Bharryaa 2.0 (From ""Shershaah"")","Mann Bharryaa 2.0 (From ""Shershaah"")",69,266005,False,0.428,0.467,2,-4.904,1,0.0327,0.68,0.0,0.135,0.193,90.831,4,pop
7F8RNvTQlvbeBLeenycvN6,A.R. Rahman;Javed Ali;Mohit Chauhan,Rockstar,Kun Faya Kun,69,470500,False,0.362,0.378,1,-11.008,1,0.0329,0.679,0.0,0.091,0.575,87.549,4,pop
0biCSADTAblvLTLtJz4pXO,Vishal-Shekhar;Arijit Singh;Jaideep Sahni,Befikre,Nashe Si Chadh Gayi,69,237875,False,0.799,0.784,4,-5.207,0,0.0519,0.11,2.84e-06,0.227,0.26,96.953,4,pop
3OK2VUpcjQQZAqGHw95N4G,Prem Dhillon,No Lookin' Back,26 Blvd,69,212413,True,0.649,0.799,2,-4.87,1,0.377,0.0405,0.0,0.452,0.558,173.913,4,pop
6t7WriKgVszATnrdBKSUAf,BTS,Skool Luv Affair,Just One Day,69,239469,False,0.685,0.713,6,-4.705,0,0.266,0.179,0.0,0.377,0.301,95.092,4,k-pop
53S98SFeRSxjd7F7eUnfAJ,Vishal Mishra,"Teri Hogaiyaan (From ""Broken But Beautiful Season 2"")",Teri Hogaiyaan,69,175874,False,0.404,0.43,5,-8.313,1,0.0336,0.779,0.000172,0.0941,0.51,106.322,5,pop
4JQxGJ8jsKW8pOUVoAgOZr,Amit Trivedi,Andhadhun,Naina Da Kya Kasoor,69,210951,False,0.845,0.659,9,-6.348,1,0.0373,0.159,0.0129,0.0782,0.547,125.965,4,pop
0mJTAdmY8olbGQjopDYff3,Dhvani Bhanushali;Nikhil D'Souza;Tanishk Bagchi,Vaaste,Vaaste,69,196043,False,0.444,0.479,5,-5.586,1,0.0436,0.454,0.0,0.095,0.315,89.892,4,pop
429NtPmr12aypzFH3FkN9l,beabadoobee,Coffee,Coffee,69,126824,False,0.532,0.137,9,-18.208,1,0.0717,0.982,0.962,0.112,0.301,118.734,4,indie
1XZPtZVqcOzzxbYIR7MjQw,Novo Amor;Ed Tullett;Lowswimmer,Heiress,Ontario,69,192866,False,0.409,0.223,10,-13.886,1,0.0296,0.947,0.0123,0.0635,0.173,89.877,4,indie
58kZ9spgxmlEznXGu6FPdQ,The Chainsmokers,Sick Boy,Sick Boy,69,193200,False,0.663,0.577,11,-7.518,0,0.0531,0.109,0.0,0.12,0.454,89.996,4,edm
1TEZWG1FdjzDdercCguTwj,Limp Bizkit,Significant Other,Nookie,69,289560,True,0.573,0.929,11,-5.996,1,0.082,0.00218,0.0723,0.718,0.284,97.57,4,metal
1nocRtwyNPVtGcIJqfgdzZ,Camilo;Pedro Capó,Tutu,Tutu,69,178613,False,0.731,0.832,9,-2.592,1,0.0503,0.273,0.0,0.0665,0.94,146.013,4,reggae
3uL1IBFhg52VcQqOwAG01E,Arijit Singh;Chinmayi,2 States,Mast Magan,69,280161,False,0.659,0.774,7,-7.014,1,0.0372,0.606,0.000333,0.185,0.883,82.995,4,pop
57IXQJZFawJUwC2PCKn56Y,A.R. Rahman;Sathyaprakash;VM Mahalingam;Nakul Abhyankar,"Chola Chola (From ""Ponniyin Selvan Part -1"") [Original Motion Picture Soundtrack]","Chola Chola (From ""Ponniyin Selvan Part -1"")",69,219638,False,0.76,0.651,5,-9.997,0,0.173,0.308,0.0,0.177,0.714,99.955,4,pop
16BGhwv8wYXkv2mMJF7ryv,Ash King;Shashaa Tirupati,Half Girlfriend,Baarish,69,276380,False,0.465,0.769,0,-3.209,1,0.0325,0.581,0.0,0.108,0.473,87.961,4,pop
4ZpXHlV2vQVfPXUvbDSZ92,Skid Row,Skid Row,I Remember You,69,313693,False,0.345,0.531,0,-12.708,1,0.0305,0.00642,7.28e-06,0.14,0.49,176.302,4,metal
6mzF8HvHdVrzJNd8M1uFCS,Crush,"Guardian (Original Television Soundtrack), Pt. 4",Beautiful,69,227583,False,0.416,0.41,10,-6.146,1,0.0292,0.843,0.0,0.107,0.219,110.252,4,k-pop
0Id2IzhR3w50aP2PHfMUE3,Guri,Nira Ishq,Nira Ishq,69,181514,False,0.703,0.609,11,-7.3,0,0.0444,0.111,0.0,0.0515,0.696,89.929,4,hip-hop
57DhVYA7E1CyrE4OKuyLb7,Maninder Buttar,Ik Tera,Ik Tera,69,160768,False,0.826,0.712,11,-5.219,0,0.0727,0.095,0.0,0.105,0.49,93.029,4,hip-hop
3pHpV3pa96s4vuBP7sQq0V,Whitesnake,Whitesnake (2018 Remaster),Is This Love - 2018 Remaster,69,284496,False,0.263,0.759,0,-7.288,1,0.0431,0.0555,0.0,0.231,0.429,179.904,4,metal
5yj7D4UllTkAccTmROibCQ,AP Dhillon;Shinda Kahlon;Gminxr,Two Hearts Never Break The Same,Final Thoughts,69,192000,False,0.691,0.614,4,-8.991,0,0.0534,0.027,0.106,0.158,0.061,77.489,4,hip-hop
0S3gpZzlT9Hb7CCSV2owX7,Ozzy Osbourne,No More Tears (Expanded Edition),"Mama, I'm Coming Home",69,251866,False,0.282,0.656,8,-6.557,1,0.0302,0.0105,0.0,0.0892,0.242,139.352,4,metal
0nkzd3yNniB767zSDDdLZ3,Skillet,Awake,Awake and Alive,69,209493,False,0.434,0.939,4,-2.983,0,0.0593,0.0425,0.0,0.491,0.569,159.932,4,metal
4b2tcjrG1qUkSdsqEFP2dB,Axwell /\ Ingrosso;Axwell;Sebastian Ingrosso,More Than You Know,Sun Is Shining,69,254653,False,0.467,0.757,2,-3.01,1,0.0517,0.0866,0.0,0.0742,0.383,131.993,4,edm
5TzpCPx20n4hELdE9Vw6ZQ,Tim Atlas,Courtside,Courtside,69,146483,False,0.71,0.83,0,-7.208,1,0.03,0.0518,0.00523,0.353,0.936,129.02,4,indie
2m2GJpBjQNNphaCgBeoj7R,Stephan Moccio,Fracture,Fracture,69,207640,False,0.324,0.0186,2,-28.248,1,0.0476,0.99,0.934,0.105,0.126,85.297,4,classical
7grzdNt3eQRiBC70GksRp1,Afrojack;R3HAB;Au/Ra,Worlds On Fire (with R3HAB & Au/Ra),Worlds On Fire (with R3HAB & Au/Ra),69,174193,False,0.621,0.756,5,-5.623,1,0.114,0.0752,1.17e-06,0.65,0.265,124.039,4,edm
5O9Dz0h08LuBi0aVvDcylh,Skillet,Unleashed,The Resistance,69,232066,False,0.483,0.941,2,-3.598,0,0.0575,0.000526,3.5e-06,0.31,0.503,156.033,4,metal
6SpPr7K4YQ2wp8jU6uOTmQ,Red Velvet,Queendom - The 6th Mini Album,Queendom,69,181760,False,0.695,0.896,5,-1.24,1,0.0847,0.179,0.0,0.0626,0.508,119.959,4,k-pop
3QqHt507QJZCzluEYsnv4u,Swedish House Mafia;Ty Dolla $ign;070 Shake,Paradise Again,Lifetime (with Ty Dolla $ign & 070 Shake),69,186805,False,0.584,0.718,11,-7.824,0,0.126,0.0205,2.99e-06,0.906,0.155,99.841,4,edm
3F2BSn4ayglzMwquBRHZq6,Kavita Seth;Kanishk Seth,Rangi Saari,Rangi Saari,69,214000,False,0.613,0.685,10,-7.993,1,0.0419,0.212,0.0615,0.0926,0.268,139.985,4,indie
1WKLxJpDqkQ9x1qEDNutoX,NCT 127,2 Baddies - The 4th Album,2 Baddies,69,230293,False,0.596,0.921,2,-2.372,1,0.258,0.153,0.0,0.0922,0.529,171.96,4,k-pop
17opN752ZQpNuoptelsNQ1,Atif Aslam;Pritam,Race (Original Motion Picture Soundtrack),Pehli Nazar Mein,69,312892,False,0.488,0.57,9,-5.602,1,0.0775,0.251,0.0,0.107,0.668,169.702,4,pop
75p6BrziB5urmwPCeXl3y7,Arijit Singh,Heartless,Main Dhoondne Ko Zamaane Mein,69,262986,False,0.329,0.45,2,-6.312,0,0.0405,0.594,0.0,0.13,0.284,80.095,4,pop
1O5AqyUHm8vH8XGr173ugY,A.R. Rahman;Yogi Sekar,Ponniyin Selvan Part-1 (Original Motion Picture Soundtrack),Devaralan Aattam,69,273228,False,0.828,0.707,8,-9.517,1,0.362,0.303,0.0,0.0646,0.441,141.096,3,pop
2rgtCOVK2tpfao2VjURn84,David Guetta;Sam Martin,Listen,Lovers on the Sun (feat. Sam Martin),69,203520,False,0.645,0.891,6,-2.505,0,0.0387,0.0932,3.88e-06,0.379,0.568,124.915,4,edm
0Y2i84QWPFiFHQfEQDgHya,Slipknot,Iowa,People = Shit,69,215600,True,0.462,0.996,11,-2.973,0,0.231,5.8e-05,0.00377,0.139,0.145,122.072,4,metal
5x9RZg7HfXGY3JayXL3seF,Ugly Kid Joe,America's Least Wanted,Cats In The Cradle,69,241893,False,0.511,0.517,8,-9.653,1,0.0328,0.13,0.0,0.074,0.433,75.67,4,metal
5x4vgABKiGp4Vg7ZyFRxhn,DJ Snake;Rick Ross;Rich Brian,Shang-Chi and The Legend of The Ten Rings: The Album,Run It (feat. Rick Ross & Rich Brian),69,163373,False,0.688,0.725,2,-7.806,1,0.044,0.0195,7.63e-06,0.0726,0.225,104.006,4,edm
4edHoZerfvMGeLz3ohZit6,The Chainsmokers,So Far So Good,iPad,69,202406,False,0.665,0.628,2,-6.297,1,0.026,0.00502,2.02e-05,0.0947,0.551,121.979,4,edm
3DNRdudZ2SstnDCVKFdXxG,Ludwig van Beethoven;Paul Lewis,"Beethoven: Piano Sonatas, Vol.3","Sonata No. 14 ""Moonlight"" in C-Sharp Minor"", Op. 27 No. 2: I. Adagio sostenuto",69,315426,False,0.184,0.00527,1,-37.264,0,0.0432,0.995,0.887,0.173,0.151,170.612,3,classical
3IOgP2PSCTdoAID7VmMGEh,Darshan Raval;Rochak Kohli;R. D. Burman,Ek Ladki Ko Dekha Toh Aisa Laga,Ek Ladki Ko Dekha Toh Aisa Laga - Title Track,69,155172,False,0.532,0.603,10,-7.575,1,0.0545,0.756,0.0,0.323,0.431,173.955,4,pop
7doebiokA0utWXWcw7rD82,Darshan Raval,Baarishon Mein,Baarishon Mein,69,224666,False,0.352,0.34,0,-10.002,1,0.0357,0.898,3.3e-06,0.0936,0.314,179.865,4,pop
0mZI1NpihIVcho2f9MmqSW,BTS,Love Yourself 結 'Answer',Trivia 轉 : Seesaw,69,246334,False,0.707,0.791,5,-4.483,0,0.035,0.179,0.0,0.102,0.674,106.985,4,k-pop
2gT72HL4Y84K2Mle3miAMJ,Bring Me The Horizon,DiE4u,DiE4u,69,207141,True,0.355,0.919,7,-3.771,1,0.356,0.00234,0.000313,0.262,0.259,159.922,4,metal
3gAXVQOR0h7Ks71lsr5MFZ,BIBI,Animal Farm,Animal Farm,69,203945,False,0.617,0.57,5,-4.28,0,0.0308,0.0178,5.92e-06,0.55,0.375,107.971,3,k-pop
3X412wnMLKyqctlRfhPa7Q,Tomorrow,ННД,ННД,69,87259,False,0.407,0.938,11,-3.263,1,0.0553,0.0339,0.00141,0.807,0.729,172.661,4,metal
1vNoA9F5ASnlBISFekDmg3,Bad Wolves,Zombie,Zombie,69,254805,False,0.448,0.826,2,-3.244,0,0.0319,0.00756,0.0,0.117,0.19,77.093,4,metal
5gSVKG0R4xc8qtDIoyDNy8,AP Dhillon;Gurinder Gill;Money Musik,Not by Chance,Saada Pyaar,69,213626,False,0.743,0.655,7,-5.228,0,0.0866,0.0391,0.0,0.118,0.164,91.004,4,hip-hop
1LM5zQv5pBKPyO7rm7Uz6U,Maren Morris,HERO (Deluxe Edition),My Church,69,197930,False,0.517,0.743,9,-4.336,1,0.0363,0.243,3.36e-06,0.107,0.664,76.979,4,country
5OMUXgfXsSukZ0zxelpC3b,A.R. Rahman;Jaswinder Singh;Shiraz Uppal,Raanjhanaa (Original Motion Picture Soundtrack),Raanjhanaa,69,254653,False,0.673,0.714,9,-8.042,1,0.039,0.111,0.0,0.0858,0.78,112.941,4,pop
6IWZKBeAkeCzaYNE8SmedK,Rochak Kohli;Jubin Nautiyal;Neeti Mohan,"Meri Zindagi Hai Tu (From ""Satyameva Jayate 2"")","Meri Zindagi Hai Tu (From ""Satyameva Jayate 2"")",69,284233,False,0.649,0.86,6,-4.07,0,0.0359,0.38,0.000547,0.147,0.585,96.025,4,pop
6f3ANRNQ8nCiPZ6VqXqq93,Amaal Mallik;Armaan Malik;Rashmi Virag,Main Rahoon Ya Na Rahoon,Main Rahoon Ya Na Rahoon,69,309457,False,0.55,0.488,6,-8.059,1,0.0284,0.718,0.000118,0.126,0.301,136.025,3,pop
1WOz8NwADXFxRADQFVftxp,Arjan Dhillon,Jawani,Jawani,69,151218,False,0.782,0.69,7,-7.811,1,0.0708,0.00909,0.000661,0.359,0.429,99.944,4,pop
4qoIqWSly3rnZdCTgtcCMz,Harvi,Pta Mainu,Pta Mainu,69,164666,False,0.678,0.825,3,-4.417,0,0.196,0.0527,0.0,0.0963,0.631,90.047,4,pop
0qeKzbUsW0V4ZWRJrHNiD3,Inner Circle,Blazzin' Fire,Bad Boys (Theme from COPS),69,229374,False,0.781,0.722,7,-8.376,1,0.0667,0.236,0.000398,0.077,0.533,87.858,4,reggae
3nlGByvetDcS1uomAoiBmy,Iron Maiden,The Number of the Beast (2015 Remaster),The Number of the Beast - 2015 Remaster,69,290586,False,0.409,0.89,0,-6.839,1,0.0558,0.088,0.107,0.0935,0.268,100.409,4,metal
71fSn6OIF7HnCbgCzOBqpj,Airbourne,Runnin' Wild (Special Edition),Runnin' Wild,69,222240,False,0.47,0.947,10,-4.122,1,0.0929,0.000141,0.29,0.127,0.394,162.052,4,metal
2ijef6ni2amuunRoKTlgww,Becky G;Natti Natasha,Sin Pijama,Sin Pijama,69,188560,False,0.791,0.745,11,-3.695,0,0.0464,0.354,2.93e-05,0.104,0.82,94.014,4,reggae
5nekfiTN45vlxG0eNJQQye,Metallica,Ride The Lightning (Deluxe / Remastered),Fade To Black - Remastered,69,417226,False,0.256,0.924,7,-6.685,1,0.113,0.00369,0.234,0.114,0.28,113.574,4,metal
6RyaV7owmVU6fzEPE17sF1,Daddy Yankee,Que Tire Pa Lante,Que Tire Pa Lante,69,210520,False,0.658,0.901,7,-2.814,1,0.0357,0.0478,0.0,0.12,0.708,93.979,4,reggae
5C6A1WXVfKvBBQmaFFnBgs,BTS,Love Yourself 承 'Her',Best Of Me,69,227191,False,0.655,0.756,8,-4.388,1,0.07,0.0298,0.0,0.396,0.469,121.936,4,k-pop
2X3UgVLSA4wYriGIQyYmMA,BTS,Love Yourself 結 'Answer',Answer : Love Myself,69,251279,False,0.568,0.793,1,-3.749,1,0.0406,0.189,0.0,0.111,0.45,108.051,4,k-pop
5FXMRdJjKq1BIX4e8Eg9mK,KK,Om Shanti Om,Ajab Si,69,241668,False,0.697,0.438,8,-8.411,1,0.0289,0.397,0.0,0.293,0.58,117.954,4,pop
0eG3b2T3SXtPAhD9LLm8xA,ONEUS,MALUS,Same Scent,69,192786,False,0.65,0.914,0,-3.106,0,0.0485,0.112,0.0,0.0731,0.725,98.984,4,k-pop
4as4XEOR03oGm1STUKl6pa,IU,BBIBBI,BBIBBI,69,194426,False,0.839,0.617,7,-4.692,1,0.331,0.241,0.0,0.3,0.821,143.894,4,k-pop
4Mh04VNolWA9g97ychP72l,Shubh,Offshore,Offshore,69,172054,False,0.801,0.346,5,-13.455,0,0.252,0.0468,0.00169,0.112,0.653,159.986,4,hip-hop
42ZVk59gT4tMlrZmd8Ijxf,Disturbed,Indestructible (Deluxe Edition),Indestructible,69,278026,False,0.429,0.966,8,-4.605,1,0.0733,0.000209,0.124,0.371,0.525,179.956,4,metal
6Nd6ntkzr4t8o1FKPGOSMt,Whitesnake,Whitesnake (2018 Remaster),Here I Go Again - 2018 Remaster,69,275395,False,0.292,0.823,7,-6.763,1,0.0407,0.0117,7.79e-05,0.155,0.244,89.939,4,metal
5srKMwXoeyrRnyTnNbpgIW,UPSAHL,People I Don't Like,People I Don't Like,69,142765,True,0.747,0.573,11,-6.562,0,0.295,0.268,0.0,0.302,0.551,90.036,4,indie
20ZP3Om9DvDazXrNUC7WM2,Rudimental;Jess Glynne;Macklemore;Dan Caplen,Toast to Our Differences (Deluxe Edition),"These Days (feat. Jess Glynne, Macklemore & Dan Caplen)",69,211760,False,0.654,0.798,0,-4.084,1,0.0451,0.188,0.0,0.15,0.574,92.207,4,edm
0wp6ckRomrGJq2fD2CFOQE,Daya;JVKE,Bad Girl (JVKE Remix),Bad Girl - JVKE Remix,69,166222,False,0.834,0.662,5,-6.179,1,0.0407,0.522,9.07e-05,0.14,0.718,115.999,4,edm
15og0pCEcTFWEXOFKdcJlU,Ellie Goulding;Juice WRLD,Brightest Blue,Hate Me,69,188066,False,0.64,0.789,8,-4.891,1,0.0644,0.0875,0.0,0.147,0.762,75.018,4,edm
6jA8HL9i4QGzsj6fjoxp8Y,Martin Garrix;Troye Sivan,There for You,There for You,69,221904,False,0.611,0.644,6,-7.607,0,0.0553,0.124,0.0,0.124,0.13,105.969,4,edm
1BrgjqSg9du0lj3TUMLluL,Sabaton,Heroes,To Hell and Back,69,206546,False,0.536,0.849,0,-4.702,1,0.0616,0.00318,0.00197,0.104,0.305,127.002,4,metal
69j0KoPJuwpnbGWrfn7Yll,Kid Rock;Sheryl Crow,Cocky,Picture (feat. Sheryl Crow),69,298960,False,0.692,0.496,7,-7.332,1,0.0241,0.172,6.42e-06,0.107,0.376,97.945,4,metal
3Bgl1xMI00capuTqUHBNUW,TOMORROW X TOGETHER;iann dior,Valley of Lies,Valley of Lies,69,184093,False,0.753,0.743,2,-5.024,1,0.0338,0.286,0.0,0.144,0.96,140.004,4,k-pop
0fVDu1evgjX9CFD0cmuRrM,Tai Verdes,LAst dAy oN EaRTh,LAst dAy oN EaRTh,69,172755,False,0.494,0.553,5,-5.57,1,0.197,0.413,4.17e-05,0.218,0.359,82.061,4,indie
5awNIWVrh2ISfvPd5IUZNh,LOONA,[&],PTT (Paint The Town),69,201120,False,0.781,0.814,8,-2.437,1,0.1,0.0735,1.92e-05,0.0565,0.546,124.028,4,k-pop
3TjliM0xQ3fkza0RpINRrq,Crystal Castles,Crystal Castles,Crimewave,69,258453,False,0.746,0.691,4,-7.533,0,0.0403,0.184,0.0259,0.205,0.888,119.982,4,r-n-b
6lFUdRItQEsEuD7dSINL47,Bring Me The Horizon,That's The Spirit,Follow You,69,231106,False,0.54,0.661,3,-5.534,0,0.0381,0.0765,0.0,0.125,0.506,90.012,4,metal
7uo2L5FAja3pWIBa3HJVeC,Zeph,scared of everything,could you love me while i hate myself,69,60333,False,0.68,0.406,9,-11.313,1,0.0414,0.782,0.00019,0.11,0.551,119.901,4,indie
4DYIDSMIB5y2UmZFv9fxeX,TWICE,Summer Nights,Dance The Night Away,69,180800,False,0.709,0.861,0,-2.905,1,0.0941,0.106,4.73e-05,0.113,0.779,118.089,4,k-pop
0hxeouHqP3qzpTHerA7ha2,BTS,BE,Dis-ease,69,239722,False,0.731,0.845,8,-5.352,1,0.132,0.0132,0.0,0.0782,0.484,101.085,4,k-pop
5acSb48zFAcXTdL5Wsk8xx,Cheat Codes;Tinashe,"HELLRAISERS, Part 1",Lean On Me,69,149856,False,0.686,0.738,9,-5.802,1,0.287,0.0703,0.0,0.0505,0.45,101.829,4,edm
6HlE9t71z9DjGi7KqSyEpA,Fousheé,Deep End,Deep End,69,141223,True,0.711,0.592,4,-7.136,0,0.23,0.758,0.0,0.156,0.535,124.749,4,indie
0ZXdzaT1k688dkpNeEgQiV,NOTD;Astrid S,I Don't Know Why,I Don't Know Why,69,207667,False,0.499,0.898,8,-4.181,0,0.124,0.124,7.2e-06,0.0832,0.618,120.04,4,edm
25GyyK9CyZRiDCsPY51fIT,Lil Tjay;Fivio Foreign;Kay Flock,Not In The Mood (feat. Fivio Foreign & Kay Flock),Not In The Mood (feat. Fivio Foreign & Kay Flock),69,150475,True,0.545,0.82,8,-4.489,1,0.275,0.0951,0.0,0.29,0.357,141.908,4,r-n-b
0Q2YGyMeeZMAvzebtxoQ5f,Crystal Castles,Crystal Castles,Vanished,69,242960,False,0.713,0.868,0,-6.644,0,0.0305,0.00206,9.23e-05,0.225,0.641,119.98,4,r-n-b
5aUSEPNd3m5xliFK4pn5mU,Zedd;Kehlani,Good Thing (with Kehlani),Good Thing (with Kehlani),68,210901,True,0.693,0.564,1,-3.857,0,0.0378,0.399,0.0,0.0409,0.574,185.913,3,edm
3YRj4jmwois2ctPnhwSwFo,Bombay Jayashri,Minnalae,Vaseegara,68,299146,False,0.695,0.293,11,-16.278,0,0.0431,0.596,0.0158,0.132,0.637,143.804,4,classical
0Zbbxnx4SGGHoIow4PpISP,Kygo;Justin Jesso,Stargazing - EP,Stargazing,68,236853,False,0.677,0.497,5,-5.763,1,0.0809,0.152,0.0,0.0911,0.419,99.137,4,edm
7uCBGNn991AM68fR4tSDco,The Score,Carry On,Born For This,68,237375,False,0.411,0.675,5,-6.251,0,0.0591,0.063,0.0,0.092,0.545,130.134,4,rock
02CygBCQOIyEuhNZqHHcNx,Tom Misch;De La Soul,Geography,It Runs Through Me,68,261881,False,0.802,0.607,11,-11.028,0,0.289,0.205,0.000748,0.246,0.274,96.916,4,jazz
3898C4AbdbptwYet6547e5,Stan Getz;João Gilberto;Astrud Gilberto,The Girl From Ipanema - The Bossa Nova Years,The Girl From Ipanema,68,321826,False,0.664,0.194,5,-15.487,0,0.0357,0.909,3.85e-05,0.0829,0.443,129.863,4,jazz
60RFlt48hm0l4Fu0JoccOl,Ingrid Andress,Lady Like,More Hearts Than Mine,68,214786,False,0.375,0.428,0,-7.387,1,0.029,0.109,0.0,0.105,0.361,78.516,4,country
5I9sHwLDX28tLtzVgKLtpr,Dean Martin,Everybody Loves Somebody,Everybody Loves Somebody,68,164546,False,0.366,0.391,3,-12.322,1,0.0425,0.854,0.0,0.352,0.461,119.182,3,jazz
5u5aVJKjSMJr4zesMPz7bL,Claude Debussy;Martin Jones,Debussy: Clair De Lune and Other Piano Favourites,"Clair de Lune, L. 32",68,268000,False,0.335,0.00532,1,-31.646,1,0.0376,0.994,0.912,0.0621,0.0397,65.832,4,classical
6U2NuJILEOEpW2tVCuqKHb,Daddy Yankee;Natti Natasha;Becky G;Bad Bunny,Dura (Remix),Dura - Remix,68,242160,False,0.772,0.803,1,-3.035,1,0.0468,0.188,0.0,0.434,0.853,94.981,4,reggae
469rBLYJUZHMJLtq2Wch3h,Iron Maiden,The Number of the Beast (2015 Remaster),Hallowed Be Thy Name - 2015 Remaster,68,431093,False,0.313,0.882,0,-6.215,1,0.0355,0.0346,0.338,0.45,0.3,103.981,4,metal
3sOGVdj5VPY6C2XImtlzj7,Marshmello,Shockwave,Shockwave,68,181283,False,0.577,0.875,9,-2.897,0,0.0681,0.0231,4.69e-06,0.111,0.411,164.009,4,edm
7tZQznsUajYIVj4IwALXmz,Sidhu Moose Wala;Byg Bird,Outlaw,Outlaw,68,179375,False,0.727,0.672,1,-4.782,0,0.0426,0.181,0.0,0.189,0.135,94.006,4,hip-hop
7xbWAw3LMgRMn4omR5yVn3,Kygo;OneRepublic,Lose Somebody,Lose Somebody,68,199549,False,0.58,0.586,1,-6.883,1,0.0357,0.344,0.0,0.0755,0.507,147.988,4,edm
5FvGI8KtImlEbOsvEW3pfX,The Chainsmokers;Ship Wrek,So Far So Good,The Fall,68,196021,False,0.664,0.939,0,-4.699,0,0.0354,0.011,0.0142,0.167,0.285,121.979,4,edm
6XmBh5HSdVzEAaqzEftL9t,Stephen Zechariah;Srinisha Jayaseelan,Adi Penne,Adi Penne,68,301862,False,0.591,0.648,7,-7.556,0,0.0392,0.449,0.0,0.382,0.423,107.978,1,hip-hop
6JjPBQfI2Y8nIjnm65X6Pw,Nicky Jam;J Balvin;Maluma;Ozuna,X (feat. Maluma & Ozuna) [Remix],X (feat. Maluma & Ozuna) - Remix,68,235746,False,0.663,0.696,9,-4.957,0,0.103,0.0561,3.77e-05,0.0778,0.738,180.113,4,reggae
39uLYYZytVUwcjgeYLI409,Joe Hisaishi,FREEDOM PIANO STORIES 4,Merry-Go-Round of Life - from 'Howl's Moving Castle',68,311106,False,0.239,0.287,7,-12.565,0,0.0388,0.876,0.644,0.122,0.185,71.608,3,classical
23KVefoON2iEz1dh940quQ,Ellise,Chaotic,911,68,188386,True,0.765,0.53,10,-7.18,0,0.0833,0.509,4.15e-06,0.117,0.529,130.104,4,indie
4QJLKU75Rg4558f4LbDBRi,Nickelback,Dark Horse,If Today Was Your Last Day,68,249066,False,0.485,0.911,3,-5.749,1,0.0355,8.67e-05,0.0,0.092,0.568,89.956,4,metal
0qc4QlcCxVTGyShurEv1UU,Sam Feldt;RANI,Magnets EP,Post Malone (feat. RANI),68,174444,False,0.59,0.642,7,-3.87,1,0.122,0.0771,0.0,0.105,0.651,107.356,4,edm
793OuR8rJ0zpVp708ONAxO,Matoma;Jonah Kagen,Summer Feeling,Summer Feeling,68,180600,False,0.651,0.702,10,-7.833,1,0.0876,0.0256,4.87e-05,0.129,0.539,124.924,4,edm
6BvRzfqi3sMAoQYnRpMVL0,Anuv Jain,Mazaak,Mazaak,68,212054,False,0.534,0.461,2,-11.292,1,0.0295,0.795,1.51e-06,0.114,0.244,145.972,4,indie
0O0bttAxJKKWqAqY2Nq4mC,Cigarettes After Sex,Cry,Falling In Love,68,245840,False,0.472,0.27,7,-11.649,1,0.027,0.729,0.0158,0.125,0.373,140.673,4,indie
0Uon5NsSAkBDx69XYOaQ5P,Gracie Abrams,Stay,Stay,68,177152,False,0.618,0.37,10,-10.5,1,0.0543,0.883,0.0,0.123,0.433,114.26,4,indie
2TjnCxxQRYn56Ye8gkUKiW,Eagles,Desperado (2013 Remaster),Desperado - 2013 Remaster,68,213712,False,0.228,0.224,7,-12.749,1,0.0311,0.946,0.000222,0.273,0.18,60.3,4,country
2EoIt9vdgFRNW03u5IvFsQ,Billy Ray Cyrus,Some Gave All,Achy Breaky Heart,68,203373,False,0.8,0.563,9,-10.209,1,0.0303,0.051,0.0,0.0797,0.961,121.808,4,country
0vswnzoKvhNkT1ehc0Tt19,Shania Twain,Greatest Hits,From This Moment On - Pop On-Tour Version,68,235106,False,0.46,0.505,9,-5.487,1,0.0266,0.42,0.0,0.134,0.22,135.757,4,country
4uu7gKd1PffC7QEMcMk0Ro,Lil Tjay,True 2 Myself,One Take,68,168653,True,0.76,0.615,5,-9.36,0,0.33,0.072,0.0,0.0571,0.351,148.014,4,r-n-b
1TnUURhehaoMWKAqQtirm6,Halsey,BADLANDS,Colors,68,249499,False,0.512,0.812,1,-4.809,1,0.0617,0.0534,0.0,0.092,0.521,100.02,4,indie
4V9rQZOGILc4YfBnCDXgTz,Prem Dhillon;Sidhu Moose Wala,Old Skool,Old Skool,68,253636,False,0.764,0.601,6,-6.999,1,0.325,0.198,0.0,0.265,0.905,87.926,4,pop
39ujbBjTwwqUFySaCYDMMT,Badshah;Diljit Dosanjh;Aastha Gill,Namaste England (Original Motion Picture Soundtrack),Proper Patola,68,178604,False,0.77,0.824,1,-6.491,0,0.0851,0.485,0.0,0.318,0.49,172.006,4,hip-hop
2hTn8oS49IQULxAWs7hEBz,Maninder Buttar;Zahrah S Khan;Tanishk Bagchi,Sakhiyan2.0 - BellBottom,Sakhiyan2.0,68,177694,False,0.817,0.715,9,-5.13,1,0.0484,0.183,0.0,0.214,0.398,100.002,4,hip-hop
5iUbq311UD3MZYmfi2a1Ob,Anirudh Ravichander,Vikram (Original Background Score),Pablo Sandhanam - Background Score,68,45055,False,0.843,0.579,1,-7.505,1,0.352,0.278,0.0174,0.384,0.395,141.73,4,hip-hop
75Ak0cit8hV604Wjlq1gf2,Imran Khan,Aaja We Mahiya,Aaja We Mahiya,68,232066,False,0.639,0.594,10,-6.497,1,0.0347,0.131,0.0,0.119,0.378,80.034,4,hip-hop
1INWPr855fwWdAOeecbu0W,Chubby Checker,It's Pony Time/Let's Twist Again,Let's Twist Again,68,137360,False,0.604,0.709,8,-6.377,1,0.158,0.0987,0.0,0.0551,0.907,167.832,4,r-n-b
0uTEaevJy8TUD8MgzuEOc5,Arem Ozguc;Arman Aydin;Jordan Rys,Astronaut In The Ocean,Astronaut In The Ocean,68,156205,False,0.712,0.867,4,-5.623,0,0.0581,0.0134,0.00939,0.196,0.544,126.005,4,edm
5MG69A9XyXDbBbeOxdR3Tl,Claire Rosinkranz,don’t miss me,don't miss me,68,123949,True,0.796,0.727,1,-4.726,1,0.04,0.793,2.49e-05,0.0858,0.818,104.98,4,indie
4DHDIdeayp8xvlyg22wREO,Natti Natasha;Becky G,Ram Pam Pam,Ram Pam Pam,68,200785,True,0.908,0.813,5,-2.749,0,0.0777,0.305,0.0,0.278,0.924,97.018,4,reggae
18GiV1BaXzPVYpp9rmOg0E,Bob Dylan,The Freewheelin' Bob Dylan,Blowin' in the Wind,68,165426,False,0.38,0.0993,2,-20.567,1,0.0509,0.914,2.32e-05,0.0605,0.44,174.874,4,country
30VHURM5NOfoZmqp2iKawS,Kacey Musgraves,Golden Hour,Butterflies,68,219053,False,0.689,0.614,4,-6.137,0,0.0306,0.252,1.95e-05,0.178,0.411,141.97,4,country
7wW9scVNLYFLsmBb1yAUmS,Yo Yo Honey Singh,Blue Eyes,Blue Eyes,68,220943,False,0.77,0.51,10,-5.469,0,0.192,0.137,0.000106,0.0346,0.533,188.067,4,hip-hop
6zdikHQs2PBFgGIZBxqOeV,Anirudh Ravichander;Mohit Chauhan,3 (Original Motion Picture Soundtrack),Po Nee Po - The Pain of Love,68,251786,False,0.549,0.619,4,-6.924,0,0.0344,0.372,7.67e-06,0.146,0.407,90.034,4,hip-hop
6SPLYHHBN0dKGaoD2Jcccs,AP Dhillon,Two Hearts Never Break The Same,Hills,68,159942,False,0.779,0.331,1,-10.115,1,0.0794,0.411,0.00577,0.11,0.182,96.012,4,hip-hop
251aCFbFK1f4Jkil96E5g1,Dillon Francis;ILLENIUM;EVAN GIIA,Don’t Let Me Let Go (with ILLENIUM & EVAN GIIA),Don’t Let Me Let Go (with ILLENIUM & EVAN GIIA),68,205479,False,0.488,0.715,9,-4.656,1,0.0562,0.0367,0.0,0.122,0.397,145.979,4,edm
2xkrujtSjZz7EKAYGbIIzH,Armin van Buuren,Blah Blah Blah,Blah Blah Blah,68,183518,False,0.612,0.963,5,-3.912,0,0.0531,0.00897,0.00378,0.294,0.179,138.009,4,edm
1Rvl8qsKJurfFTyWLBI9ib,Big Mountain;Tom Lord-Alge,The Best of Big Mountain,"Baby, I Love Your Way",68,249520,False,0.651,0.747,1,-7.269,0,0.0699,0.0528,0.0,0.207,0.776,147.518,4,reggae
7tbzfR8ZvZzJEzy6v0d6el,Ritviz,Dev,Liggi,68,181176,False,0.786,0.667,5,-8.272,1,0.054,0.0112,0.053,0.074,0.688,102.046,4,edm
6M6Tk58pQvABy6ru66dY3d,Galantis,The Aviary,No Money,68,191293,False,0.674,0.915,6,-3.999,0,0.0411,0.0282,0.00337,0.273,0.78,126.038,4,edm
2dl5K2ScW7jYhAhuem06cm,Daddy Yankee,PROBLEMA,PROBLEMA,68,184506,True,0.773,0.8,10,-3.17,0,0.0987,0.0613,0.00403,0.0327,0.842,89.988,4,reggae
7Cuk8jsPPoNYQWXK9XRFvG,"Earth, Wind & Fire",September,September,68,215080,False,0.694,0.831,9,-7.288,1,0.0301,0.165,0.000892,0.25,0.98,125.901,4,jazz
0JjM9bKm4wrwohMslcm892,G-Eazy;Tory Lanez;Tyga,Still Be Friends (feat. Tory Lanez & Tyga),Still Be Friends (feat. Tory Lanez & Tyga),68,213307,True,0.803,0.759,7,-4.692,0,0.0494,0.00509,0.0,0.0921,0.284,104.0,4,indie
5qEn8c0MBzyRKgQq91Vevi,Fitz and The Tantrums,Out of My League,Out of My League,68,209386,False,0.545,0.968,9,-3.553,0,0.0853,0.0387,0.00325,0.331,0.527,169.965,4,indie
65c6VCikt7f5sAS1heoYQC,Bohemia;Sidhu Moose Wala,Same Beef,Same Beef,68,290360,False,0.779,0.854,9,-4.958,1,0.219,0.0462,0.0,0.21,0.379,91.992,4,hip-hop
3A7qX2QjDlPnazUsRk5y0M,David Guetta;Justin Bieber,2U (feat. Justin Bieber),2U (feat. Justin Bieber),68,194896,False,0.548,0.65,8,-5.827,0,0.0591,0.219,0.0,0.225,0.557,144.937,4,edm
6N5WkgPIDoTdbCXyyIIKAv,Zaeden,tere bina,tere bina,68,157245,False,0.889,0.341,7,-7.909,1,0.0424,0.117,3.7e-06,0.0734,0.942,118.003,4,edm
6JyuJFedEvPmdWQW0PkbGJ,Skrillex;Rick Ross,Purple Lamborghini (with Rick Ross),Purple Lamborghini (with Rick Ross),68,215510,True,0.457,0.899,10,-2.591,0,0.132,0.0019,0.0,0.831,0.298,147.268,4,edm
0OJN2A3Qyvd7pwSF0AIteC,NOTD;shy martin,Keep You Mine,Keep You Mine,68,174760,False,0.81,0.788,10,-3.663,1,0.0447,0.267,0.000172,0.196,0.845,135.991,4,edm
3hWfKBt3n7j1xqIy6LA5ve,Vicetone;Tony Igy,Astronomia,Astronomia,68,198095,False,0.653,0.945,5,-2.634,1,0.096,0.00561,0.915,0.439,0.326,126.093,4,edm
4nvLuqwTOZdEJI1fcHXv8h,Cigarettes After Sex,You're All I Want,You're All I Want,68,264453,False,0.233,0.471,5,-10.947,1,0.0294,0.363,0.828,0.113,0.277,182.161,4,indie
2uFaJJtFpPDc5Pa95XzTvg,Dean Martin,A Winter Romance,Let It Snow! Let It Snow! Let It Snow!,68,117146,False,0.451,0.24,1,-14.014,1,0.0351,0.912,2.45e-06,0.175,0.701,134.009,4,jazz
6VuztO5yaKP4VjqSkZxpan,Ashes Remain,What I've Become,On My Own,68,172960,False,0.361,0.871,8,-4.313,1,0.0393,0.0119,0.0,0.318,0.575,176.026,4,rock
2jt9VV6QGn0tbwkrr26OO6,AP Dhillon;Shinda Kahlon;Gminxr,Arrogant,Arrogant,68,102315,False,0.751,0.739,1,-6.977,0,0.045,0.2,0.0,0.0926,0.405,95.003,4,hip-hop
7rlulUEMn27TLbdHpNPugE,Jordan Sandhu,FAME,Freestyle,68,175714,False,0.733,0.812,5,-3.505,0,0.272,0.0872,0.0,0.136,0.535,167.995,4,hip-hop
089n75HUWVpAYar5t2GwPn,Roshan Sebastian;Robin Sebastian,Siblings Unplugged,Raja Raja Cholan - Rettai Vaal Kuruvi - Tamil,68,106501,False,0.625,0.165,4,-14.581,1,0.0354,0.835,1.11e-06,0.105,0.419,94.744,4,indie
0jZO7p0nBUi9VHedWUBS9l,Lord Huron;Phoebe Bridgers,13 Reasons Why (Season 2),The Night We Met (feat. Phoebe Bridgers),68,208173,False,0.424,0.437,2,-8.588,1,0.0355,0.962,0.336,0.664,0.131,174.127,3,indie
4OUAXw3SXI7bUiNtKC7ErW,Badshah;J Balvin;Tainy,Voodoo (with J Balvin & Tainy),Voodoo (with J Balvin & Tainy),68,198130,True,0.797,0.782,3,-4.658,0,0.0504,0.00335,0.0,0.138,0.503,99.999,4,hip-hop
4W1JavoraGzh83nluQHY6C,Gryffin;OneRepublic,You Were Loved (with OneRepublic),You Were Loved (with OneRepublic),68,221885,False,0.636,0.69,10,-5.011,1,0.0484,0.0947,0.0,0.169,0.444,123.994,4,edm
5qDsijQM75KTdv3RtSPx91,Lil Tjay,True 2 Myself,Hold On,68,189480,True,0.691,0.602,9,-6.807,0,0.209,0.123,0.0,0.0637,0.685,151.987,4,r-n-b
73ucpKq91TuejrLHgzDNHK,Rita Ora,Poison,Poison,68,202906,False,0.579,0.738,10,-5.711,1,0.0542,0.0821,1.52e-06,0.232,0.431,124.023,4,edm
7vZqwaSk4sVcDyZbMcxS8N,Glass Animals;iann dior,Dreamland (+ Bonus Levels),Heat Waves (with iann dior),68,175301,False,0.655,0.716,8,-5.077,0,0.0897,0.476,0.0,0.479,0.521,80.813,4,indie
49COPp81lGS9Hl9OwKlsKl,Jonas Blue;Liam Payne;Lennon Stella,Blue,Polaroid,67,193377,False,0.652,0.898,7,-4.481,0,0.0361,0.29,0.0,0.073,0.472,114.043,4,edm
4nOygULhEuDO5ZBRNPFaso,K'NAAN,Troubadour (Champion Edition - Asian Version),Wavin' Flag - Coca-Cola® Celebration Mix,67,212520,False,0.58,0.767,0,-4.174,1,0.0557,0.313,0.0,0.0518,0.776,151.845,4,reggae
1VNvsvEsUpuUCbHpVop1vo,Frédéric Chopin;Daniel Barenboim,Chopin: Nocturnes,"Nocturne No. 2 in E-Flat Major, Op. 9 No. 2",67,273666,False,0.442,0.00919,3,-32.452,1,0.047,0.984,0.936,0.0873,0.0929,79.314,4,classical
3dD9yyYTQ73SZvyOygyKva,Whethan;Dua Lipa,Fifty Shades Freed (Original Motion Picture Soundtrack),High (& Dua Lipa),67,196706,True,0.708,0.552,10,-5.552,0,0.21,0.0922,0.0,0.0541,0.686,147.834,4,edm
6GSkLS2y4ZnnZsuRAj975K,Marshmello;Roddy Ricch,Project Dreams,Project Dreams,67,167898,True,0.78,0.828,8,-2.235,1,0.237,0.409,0.0,0.104,0.786,160.113,4,edm
0HLhptvI8NozbOHRLNniFz,David Guetta;Bebe Rexha;Ty Dolla $ign;A Boogie Wit da Hoodie,"Family (feat. Bebe Rexha, Ty Dolla $ign & A Boogie Wit da Hoodie)","Family (feat. Bebe Rexha, Ty Dolla $ign & A Boogie Wit da Hoodie)",67,158994,False,0.687,0.717,11,-6.61,1,0.0755,0.0744,0.0,0.134,0.685,88.063,4,edm
0lqgo6rIBS0nVsvppZC3Ay,Martin Garrix;DallasK;Sasha Alex Sloan,Loop,Loop,67,190560,True,0.693,0.725,5,-6.318,0,0.0439,0.0628,0.00785,0.157,0.379,125.068,4,edm
7rWLqeQJabrK7FbY8X0TyI,22Gz,Growth & Development,"Suburban, Pt. 2",67,190746,True,0.83,0.574,11,-6.892,1,0.701,0.281,0.0,0.124,0.538,143.892,4,r-n-b
3omXshBamrREltcf24gYDC,Cold War Kids,Hold My Home,First,67,200360,False,0.468,0.692,2,-4.015,1,0.0295,0.0202,2.39e-06,0.523,0.561,78.009,4,r-n-b
7jmHyHMEqm9MJWiMAneF05,Ben E. King,Don't Play That Song,Stand by Me,67,175493,False,0.632,0.232,9,-12.326,1,0.0318,0.428,4.95e-06,0.215,0.673,119.136,4,r-n-b
4RxdAzEmkPXTiIU6ULLoXh,JVKE,this is what ____ feels like (Vol. 1-4),this is what heartbreak feels like,67,157636,False,0.707,0.474,1,-4.603,1,0.0672,0.578,0.0,0.11,0.538,109.991,4,indie
6qS40yL7kXVoChI8SSCQIQ,Karan Aujla;KR$NA;Mehar Vaani,Ykwim,Ykwim,67,194857,False,0.837,0.575,5,-7.971,0,0.127,0.0361,7.23e-06,0.457,0.655,105.015,4,hip-hop
1TRgZ55GFCKSbrTb62rmra,Jass Manak;DIVINE,No Competition,No Competition,67,205500,False,0.868,0.635,10,-6.352,0,0.227,0.164,0.0,0.0898,0.621,90.019,4,hip-hop
0Ev562zA4pmUsBqjxsxxdx,Gryffin;ILLENIUM;Daya,Feel Good (feat. Daya),Feel Good (feat. Daya),67,248156,False,0.625,0.707,2,-4.761,1,0.0337,0.22,0.0,0.213,0.479,138.064,4,edm
7pqgMEKsDMOHUdFQ7n0N9K,David Guetta;Sam Martin,Listen,Dangerous (feat. Sam Martin),67,203641,False,0.466,0.747,4,-4.838,0,0.0795,0.417,9.76e-06,0.107,0.43,92.161,4,edm
33jt3kYWjQzqn3xyYQ5ZEh,Ella Fitzgerald;Louis Armstrong,The Complete Ella And Louis On Verve,Cheek To Cheek,67,354533,False,0.663,0.264,0,-14.571,1,0.0914,0.706,0.0,0.1,0.657,122.482,4,jazz
7Fv8Qp3tTSbSS2VjryUF7L,The Score,ATLAS,Revolution,67,231986,False,0.574,0.833,8,-6.239,0,0.0563,0.0611,0.0,0.105,0.574,86.008,4,rock
5g1BARk25uUJtEPSUwcjnU,Cash Cash;Christina Perri,"Blood, Sweat & 3 Years",Hero (feat. Christina Perri),67,197840,False,0.47,0.85,1,-2.825,0,0.0363,0.0627,0.0,0.118,0.148,149.876,4,edm
500mvzh7TRZ0YdnVeHhj8b,Major Lazer;Nyla;Fuse ODG,Peace Is The Mission (Extended),Light It Up - Remix,67,166138,False,0.747,0.877,9,-3.782,0,0.0664,0.0375,0.000833,0.233,0.752,107.991,4,edm
2qgXrzJsry4KgYoJCpuaul,The Local Train,Aalas Ka Pedh,Choo Lo,67,233630,False,0.512,0.695,4,-6.349,1,0.0271,0.0265,0.00815,0.146,0.351,145.957,4,hip-hop
2gNMXJDKRmKWuevBGjN8wo,DIVINE,Punya Paap,3:59 AM,67,272197,True,0.669,0.588,2,-6.902,1,0.339,0.177,0.0,0.179,0.237,97.026,4,hip-hop
0OlnLZY4cmQzT6ZGttvWBM,Martin Garrix;David Guetta;Jamie Scott;Romy Dya,So Far Away (feat. Jamie Scott & Romy Dya),So Far Away (feat. Jamie Scott & Romy Dya),67,183636,False,0.526,0.52,6,-7.985,0,0.0569,0.435,0.0,0.197,0.13,149.119,4,edm
3JycZFWWQGXkTTJQ6CoNFy,Lucky Daye,Over (Sped Up),Over - Sped Up,67,170348,True,0.694,0.67,2,-5.624,0,0.105,0.471,0.0,0.183,0.443,125.509,4,indie
648TTtYB0bH0P8Hfy0FmkL,Nat King Cole,Unforgettable,Unforgettable,67,191973,False,0.349,0.182,5,-13.507,1,0.031,0.92,0.0152,0.143,0.178,136.094,3,jazz
5a1iz510sv2W9Dt1MvFd5R,Michael Bublé,Christmas (Deluxe Special Edition),It's Beginning to Look a Lot like Christmas,67,206639,False,0.339,0.214,4,-11.714,1,0.0375,0.908,7.47e-06,0.341,0.363,94.775,3,jazz
7tpRgru0h8B4eCvdBegLTA,Zack Knight,Nakhre,Nakhre,67,194676,False,0.524,0.632,10,-7.285,0,0.0785,0.255,0.0,0.277,0.416,169.989,4,hip-hop
5ZsAhuQ24mWHiduaxJqnhW,Ritviz,Ved,Udd Gaye,67,180413,False,0.595,0.817,11,-6.187,0,0.0474,0.000712,0.0386,0.142,0.483,144.961,4,edm
3X3BiiDYiPVIn5gEpO9HiF,The Landers,Gustakhiyan,Gustakhiyan,67,152727,False,0.824,0.589,4,-4.961,0,0.39,0.257,0.0,0.254,0.565,88.027,4,hip-hop
3ubdbuynat3QLfKtdtJ5BH,Bhalwaan;Signature By SB,Priceless,Sift,67,118762,False,0.767,0.745,1,-6.144,1,0.0589,0.45,0.0,0.281,0.448,97.076,4,hip-hop
3I4WFddKpe2PGZWFh7f10J,Russell Dickerson,Yours,Yours,67,216960,False,0.554,0.722,11,-6.005,1,0.034,0.119,0.0,0.0861,0.558,134.058,4,country
6IuN5rqcAeHmzK5d5r0RWL,Rah Swish,Tell 'Em,Tell 'Em,67,119233,True,0.831,0.724,2,-3.157,1,0.203,0.0229,1.23e-06,0.0436,0.9,145.055,4,r-n-b
3k9PtGmPNnQtt32TKWm6f3,MC STAN,Insaan,Basti Ka Hasti,67,195428,True,0.726,0.624,9,-7.741,1,0.382,0.156,0.0,0.601,0.421,139.594,4,hip-hop
32il27dOrLpIru8Evp4Pu7,Marshmello;Mae Muller;Trippie Redd,American Psycho (with Mae Muller feat. Trippie Redd),American Psycho (with Mae Muller feat. Trippie Redd),67,153195,False,0.617,0.514,9,-7.099,1,0.0722,0.0154,0.0,0.118,0.365,81.067,4,edm
46NBoIAHrmR7qcUGCIFEjR,David Guetta,This One's for You (feat. Zara Larsson) [Official Song UEFA EURO 2016],This One's for You (feat. Zara Larsson) (Official Song UEFA EURO 2016),67,207272,False,0.367,0.915,9,-3.456,0,0.0488,0.0022,5.81e-05,0.0905,0.365,110.169,4,edm
2MwCoo4GeXpi8soWn9EiPo,Anirudh Ravichander;Dhanush;Shruti Haasan,3 (Original Motion Picture Soundtrack),Kannazhaga - The Kiss of Love,67,205946,False,0.574,0.496,8,-7.153,0,0.0277,0.431,0.0,0.399,0.61,109.935,4,hip-hop
2eB7JqIY4hTTSz31h6bjwR,DragonForce,Inhuman Rampage,Through The Fire And Flames,67,439120,False,0.153,0.953,0,-4.74,0,0.122,0.00152,0.0062,0.366,0.14,199.892,4,classical
1louJpMmzEicAn7lzDalPW,Cheat Codes;Demi Lovato,No Promises (feat. Demi Lovato),No Promises (feat. Demi Lovato),67,223503,False,0.741,0.667,10,-5.445,1,0.134,0.0575,0.0,0.106,0.595,112.956,4,edm
0C4KChnQFHNgtjbppUFooH,Zack Knight;Nora Fatehi,Dirty Little Secret,Dirty Little Secret,67,183092,False,0.868,0.572,0,-6.217,0,0.112,0.101,0.0,0.103,0.485,96.985,4,hip-hop
1ZMq0qzXfGnFo7BN03yddJ,Arjun Kanungo;King,Ilzaam (From the Album 'Industry'),Ilzaam (From the Album 'Industry'),67,247374,False,0.697,0.66,10,-5.459,0,0.0352,0.472,0.0,0.243,0.301,93.011,4,hip-hop
7gCuKTyBb5nurNalzs0Hvp,Skrillex;Noisia;josh pan;Dylan Brady,"Supersonic (My Existence) [with Noisia, josh pan & Dylan Brady]","Supersonic (My Existence) [with Noisia, josh pan & Dylan Brady]",67,167253,False,0.487,0.669,9,-6.473,1,0.232,0.0145,0.00349,0.102,0.0573,172.026,3,edm
36cqlmc53NqlEUqPJdgUOx,Sidhu Moose Wala;Raja Kumari,Moosetape,US (feat. Raja Kumari),67,230068,False,0.524,0.601,8,-6.112,0,0.0404,0.663,0.0,0.114,0.598,72.048,4,hip-hop
7Lvxcrbzuz1mNCPkFakS9K,Vilen,Ek Raat,Ek Raat,67,224040,False,0.645,0.534,4,-5.428,0,0.0306,0.147,4.3e-06,0.0858,0.302,90.024,4,hip-hop
67O8CWXxPsfz8orZVGMQwf,K-391;Alan Walker;Ahrix,End of Time,End of Time,67,187560,False,0.81,0.7,4,-5.664,0,0.0399,0.267,6.69e-05,0.137,0.193,116.019,4,edm
64Ds8EuwkeGSOeXDzXLRZz,Tai Verdes,sheluvme,sheluvme,67,150840,True,0.543,0.677,8,-5.203,1,0.284,0.514,1.19e-05,0.239,0.712,82.36,4,indie
1lusH0zFDRV1ThaFYsUgfi,Cigarettes After Sex,Affection,Affection,67,311000,True,0.403,0.417,7,-11.252,1,0.0257,0.5,0.889,0.105,0.251,89.966,4,indie
3y4LxiYMgDl4RethdzpmNe,Faith Hill,Breathe,Breathe,67,250546,False,0.529,0.496,7,-9.007,1,0.029,0.173,0.0,0.251,0.278,136.859,4,country
6Zyz8lsnMFpIrCTuvGurCB,Eagles,Hotel California (2013 Remaster),New Kid in Town - 2013 Remaster,67,304925,False,0.649,0.425,4,-9.811,1,0.0267,0.378,0.0013,0.108,0.651,107.383,4,country
6S3JlDAGk3uu3NtZbPnuhS,Badfinger,Straight Up (Remastered 2010 / Deluxe Edition),Baby Blue - Remastered 2010,67,217346,False,0.623,0.876,11,-7.788,1,0.066,0.0189,0.0134,0.0728,0.515,124.431,4,country
5aXTfpNOqLj35ydEiLio67,Martin Garrix;Zedd,Follow,Follow,67,221220,False,0.588,0.78,11,-6.102,0,0.0432,0.0333,0.193,0.0728,0.201,127.085,4,edm
1wNdGz7BlB9kH5lDc1eLLb,Lil Tjay,Goin Up,Goin Up,67,140601,True,0.732,0.672,10,-8.462,0,0.148,0.0642,0.0,0.121,0.16,137.03,4,r-n-b
6q9XTgfWilsnyiFofvYrIF,Badshah;Neha Kakkar;Varun Dhawan,"Garmi (From ""Street Dancer 3D"")","Garmi (From ""Street Dancer 3D"") (feat. Varun Dhawan)",67,182738,False,0.788,0.87,9,-5.217,1,0.177,0.123,1.43e-05,0.0692,0.884,109.974,4,hip-hop
5tAa8Uaqr4VvA3693mbIhU,Zara Larsson,Ruin My Life,Ruin My Life,67,190931,True,0.665,0.699,11,-5.265,1,0.0578,0.423,0.0,0.0969,0.585,124.896,4,edm
2qHiyBpxyOXnRGG3t2iE96,Phillip Phillips,The World From The Side Of The Moon,"Gone, Gone, Gone",67,209693,False,0.664,0.642,6,-5.961,1,0.038,0.129,0.0,0.114,0.501,118.002,4,rock
4hAmLeBT1Ryk2oxSMMiJ7z,Karan Aujla,Way Ahead,Oouuu,67,147200,False,0.779,0.693,8,-6.033,0,0.0885,0.0832,0.0,0.0874,0.469,150.019,4,hip-hop
7dblNGnRXEBrVJunazs2U5,The Everly Brothers,The Very Best of The Everly Brothers,All I Have to Do Is Dream,67,143333,False,0.534,0.462,4,-8.172,1,0.0266,0.839,0.0,0.129,0.534,96.195,4,r-n-b
6I0KEvFfWszVJiCy5hum4V,FINNEAS,Blood Harmony,Let's Fall in Love for the Night,67,190348,True,0.737,0.408,5,-7.941,1,0.104,0.802,0.0,0.171,0.374,127.918,4,indie
3uHisD8WxXOYLaxeOl098L,Bilal Saeed,Baar Baar Dekho (Original Motion Picture Soundtrack),Teri Khair Mangdi,67,225273,False,0.718,0.58,2,-5.149,0,0.028,0.602,0.0,0.196,0.31,97.979,4,hip-hop
1QQ1Dx8dcLgWvUaY5fk84y,Zeus X Crona;Julius Dreisig,Invisible,Invisible,67,201015,False,0.682,0.836,2,-3.259,1,0.354,0.141,0.0383,0.0891,0.224,82.53,4,edm
62vDrkBEyJYEOFj1ScBqM7,Becky G;Natti Natasha,MALA SANTA,Sin Pijama,67,190160,False,0.788,0.745,11,-4.417,0,0.0448,0.352,4.56e-05,0.0973,0.79,94.002,4,reggae
39glqzRVRAy4vq3PqeTGb8,SLANDER;Dylan Matthew,Love Is Gone,Love Is Gone,67,256042,False,0.452,0.465,4,-10.006,0,0.0344,0.0589,0.000524,0.095,0.0832,149.586,4,edm
6E1YebXpPPtujMUljDNlOo,Crystal Castles,(III),Kerosene,67,192000,False,0.519,0.546,8,-9.368,1,0.0763,0.0827,0.0,0.133,0.0862,115.799,4,r-n-b
7dfl9X38RhIvB3oSmmneq3,Boyz II Men,II,I'll Make Love To You,67,236760,False,0.559,0.49,2,-8.06,1,0.0247,0.103,0.0,0.099,0.202,142.447,3,r-n-b
0dgrFwOa0RrFzWcM0azTzx,AJR,The Click,The Good Part,67,227266,False,0.287,0.473,5,-3.551,1,0.034,0.0858,4.4e-05,0.383,0.577,186.283,4,rock
2AlYncTpVHKwHb55F9lF6O,Sleepy Hallow;Fousheé,Sleepy Hallow Presents: Sleepy For President,Deep End Freestyle,67,115200,True,0.868,0.479,4,-6.687,0,0.445,0.703,0.0,0.102,0.776,133.928,4,r-n-b
5ovVcYo2MvjVydFwFyaaqy,Dan + Shay,I Should Probably Go To Bed,I Should Probably Go To Bed,67,171826,False,0.721,0.277,1,-7.128,1,0.0365,0.634,0.0,0.112,0.309,131.935,4,country
4mnOVRRXsaqg9Nb041xR8u,Dolly Parton;Kenny Rogers,Dolly,Islands in the Stream,67,249360,False,0.592,0.473,8,-9.834,1,0.0354,0.681,0.0,0.0732,0.741,203.989,4,country
30QD4VRP9yEneOh0eGTrtJ,Billie Holiday,Solitude,Solitude,67,207600,False,0.462,0.15,8,-13.531,1,0.0522,0.984,0.000902,0.105,0.19,98.66,3,jazz
5mqzhMuUpvnMfwNz6iepmO,Diplo;French Montana;Lil Pump;Zhavia,"Welcome to the Party (with French Montana & Lil Pump, feat. Zhavia Ward) [from Deadpool 2]","Welcome to the Party (with French Montana & Lil Pump, feat. Zhavia Ward) - from Deadpool 2",67,181720,True,0.618,0.845,2,0.175,1,0.132,0.114,0.0,0.415,0.486,171.921,4,edm
3bEkAkaKjxaC7DubsfCo1t,ILLENIUM;Skylar Grey,From The Ashes (with Skylar Grey),From The Ashes (with Skylar Grey),67,253983,False,0.404,0.789,2,-4.516,1,0.0566,0.0243,0.000231,0.226,0.159,154.858,4,edm
3Ddny34bFoYBb8dIGq5lwp,Lil Tjay;Fivio Foreign;Pop Smoke,State of Emergency,Zoo York (feat. Fivio Foreign & Pop Smoke),67,214825,True,0.565,0.569,6,-6.084,0,0.379,0.0352,8.81e-06,0.106,0.303,92.466,5,r-n-b
6ljbkNIzfmFrGyYUTUAleN,Fort Minor;Styles Of Beyond,The Rising Tied,Remember the Name (feat. Styles of Beyond),67,230493,True,0.688,0.835,8,-4.162,1,0.0911,0.0583,2.87e-06,0.0795,0.88,84.858,4,rock
0sjxRg1VlYfx4YG7uxurrq,Nina Simone,I Put A Spell On You,I Put A Spell On You,66,155026,False,0.42,0.398,6,-9.13,0,0.0296,0.755,0.000537,0.172,0.364,88.897,3,jazz
1JDIArrcepzWDTAWXdGYmP,Zedd;Selena Gomez,True Colors,I Want You To Know,66,240000,False,0.58,0.846,9,-2.876,0,0.0573,0.00537,6.62e-06,0.145,0.366,129.998,4,edm
1moFkZDqcjQNeXtyoanLHv,Armin van Buuren,Balance,Blah Blah Blah,66,183518,False,0.612,0.963,5,-3.912,0,0.0531,0.00897,0.00378,0.294,0.179,138.009,4,edm
4w7lBzX0EcDuy8tQLQvjC2,Conway the Machine;Ludacris;JID,La Maquina,Scatter Brain (feat. Ludacris & JID),66,209117,True,0.855,0.478,1,-8.698,1,0.107,0.0684,0.0,0.111,0.355,135.987,4,r-n-b
6pxElwU80zhjbCC77Vn8EI,Tom Misch,Geography,Movie,66,357357,False,0.785,0.379,7,-11.446,1,0.0732,0.391,0.0161,0.267,0.182,122.043,3,jazz
6t1ahr2f1t9iSjjNFwFb4C,Tash Sultana,Notion,Jungle,66,315602,False,0.589,0.699,1,-5.883,0,0.0291,0.285,8.11e-05,0.0881,0.496,145.997,4,reggae
7JOFplrLQfYkuEcWCASZDo,Kavita Seth;Amitabh Bhattacharya;VIBIE,Iktara (Lofi Flip),Iktara - Lofi Flip,66,173973,False,0.382,0.52,7,-12.319,1,0.0366,0.225,0.0506,0.427,0.179,159.894,4,indie
0OdztoASgKBBNcAgtErk0X,Abdul Hannan;Rovalio,Bikhra,Bikhra,66,168300,False,0.462,0.371,6,-11.604,0,0.0988,0.794,0.118,0.124,0.187,99.662,4,indie
3rLEBpW17OHOovVl0kcFKZ,Kelsea Ballerini,SUBJECT TO CHANGE,MUSCLE MEMORY,66,211843,False,0.596,0.786,8,-4.782,1,0.0391,0.00715,0.0,0.192,0.788,93.959,4,country
5vXsj8L4DK1gGQ43BBG028,Kenny Rogers;Sheena Easton,We've Got Tonight,We've Got Tonight,66,234560,False,0.543,0.227,8,-11.247,1,0.0298,0.767,4.29e-05,0.103,0.292,123.548,4,country
4yNk9iz9WVJikRFle3XEvn,JVKE,this is what falling in love feels like (554Hz),golden hour,66,209259,False,0.515,0.593,4,-4.801,1,0.0322,0.653,0.162,0.25,0.153,94.467,3,indie
7bJSiwLFnhoO7g83bWkCtA,Eagles,Hell Freezes Over (Remaster 2018),Love Will Keep Us Alive,66,243453,False,0.658,0.374,9,-11.684,1,0.026,0.721,1.28e-05,0.112,0.367,98.892,4,country
2mKvEIvd912eg3FZ8WamMS,Sidhu Moose Wala,Moosetape,Bitch I'm Back,66,230400,True,0.71,0.772,9,-4.496,0,0.103,0.203,0.0,0.853,0.789,149.829,4,hip-hop
47Rqh5ZSamtIOFi7G6VgFJ,Badshah;Aastha Gill,Paani Paani,Paani Paani,66,174002,False,0.886,0.579,0,-7.231,1,0.209,0.236,4.23e-06,0.0586,0.427,105.028,4,hip-hop
60suOlM8VpTVITPFeqth8r,Jaura Phagwara,Sarkar,Sarkar,66,210116,False,0.69,0.399,8,-11.202,1,0.0576,0.202,0.0,0.247,0.311,89.975,4,hip-hop
6C8JJFoGC4dkVtAHVK3iif,Anirudh Ravichander;Sunidhi Chauhan;Sanjana Kalmanje,"Two Two Two (From ""Kaathuvaakula Rendu Kaadhal"")","Two Two Two (From ""Kaathuvaakula Rendu Kaadhal"")",66,176345,False,0.821,0.69,1,-4.981,1,0.187,0.0202,0.00398,0.199,0.648,140.171,4,hip-hop
6Kynli1iHBqJRWUCohcV9h,DIVINE,Kaam 25 (Sacred Games),Kaam 25 - Sacred Games,66,149524,False,0.484,0.948,1,-4.296,0,0.451,0.0473,0.0,0.0565,0.686,125.645,5,hip-hop
7gFzBppKTiKAs38SWOjbO6,Vilen,Kyun Dhunde,Kyun Dhunde,66,70434,False,0.711,0.346,7,-10.162,1,0.0291,0.766,0.0,0.212,0.771,91.993,4,hip-hop
2NBYiYtI4v1ujkhHZBq3xw,Sidhu Moose Wala;Stefflon Don,Moosetape,Invincible (feat. Stefflon Don),66,244444,False,0.774,0.672,2,-4.351,1,0.0621,0.276,1.82e-05,0.111,0.307,107.956,4,hip-hop
19EZKr7Kf0XWCcspyWL8Rp,Sidhu Moose Wala;Tion Wayne,Moosetape,Celebrity Killer (feat. Tion Wayne),66,203333,False,0.714,0.72,2,-4.722,1,0.136,0.102,0.0,0.344,0.592,143.877,4,hip-hop
3oV2RVOmwdWdf9BmGS4Oad,Dan + Shay,Good Things,Glad You Exist,66,144760,False,0.741,0.499,11,-8.035,1,0.0356,0.23,0.0,0.125,0.692,103.96,4,country
0wGrTrI43CKmfzbFNNhftb,Sidhu Moose Wala,East Side Flow,East Side Flow,66,224211,False,0.767,0.867,4,-2.931,0,0.247,0.109,0.0,0.155,0.786,151.965,4,hip-hop
2snbAel9GoxA6i6iH0Wvw9,Ozuna,OzuTochi,Te Pienso,66,147760,False,0.668,0.533,2,-7.409,1,0.098,0.117,0.0,0.305,0.676,163.733,4,reggae
2MSgFefjK0T7Iwjvr3OKqV,Frédéric Chopin;Mikhail Pletnev,"Chopin: Piano Sonata No. 2, Nocturnes, Barcarolle & Scherzo","Chopin: Nocturne No. 20 in C-Sharp Minor, Op. Posth.",66,259493,False,0.225,0.0047,1,-30.928,0,0.0509,0.992,0.881,0.0722,0.186,163.665,4,classical
0PLhwCmQ7cC3ThRGPn3HxF,Gracie Abrams,Mess It Up,Mess It Up,66,171280,False,0.765,0.582,0,-4.528,1,0.12,0.245,8.21e-05,0.154,0.36,132.992,4,indie
0cpyy8xLYRt1OdlnqPmMnm,AP Dhillon;Gurinder Gill;Manni Sandhu,Majhail,Majhail,66,175187,False,0.811,0.844,8,-4.395,1,0.0898,0.31,0.0,0.731,0.889,93.48,4,hip-hop
0zsA45R0SQPfqC5TyDOqY8,Hiphop Tamizha;Raghu Dixit;Sathyaprakash D.;Jithin Raj,Imaikkaa Nodigal (Original Motion Picture Soundtrack),Neeyum Naanum Anbe,66,285250,False,0.467,0.826,4,-3.885,0,0.049,0.298,0.0,0.204,0.417,160.025,4,hip-hop
4IQqOlTZpfjnSTOArpZX5j,Farasat Anees;Slick Trick;Toshi,OFIVE1,BIBA,66,216216,False,0.758,0.573,6,-6.221,0,0.0428,0.0888,0.000677,0.0834,0.284,110.983,4,hip-hop
0HTb4JfMtMkMYUtyd19In3,Bilal Saeed;Momina Mustehsan,Baari,Baari,66,235297,False,0.658,0.539,3,-7.043,1,0.0433,0.857,1.45e-06,0.0999,0.461,80.088,4,hip-hop
1zAkNzJZVPrWDCnowb1vpZ,Anirudh Ravichander;Vishal Dadlani,Vanakkam Chennai (Original Motion Picture Soundtrack),Oh Penne,66,276400,False,0.483,0.65,7,-6.752,0,0.0349,0.573,2.97e-05,0.228,0.637,94.988,4,hip-hop
3lRzVvMNG1QJcHlhLXM0lA,Sidhu Moose Wala,Moosetape,Signed to God,66,147741,False,0.833,0.67,7,-7.313,1,0.194,0.046,0.0,0.0468,0.7,92.991,4,hip-hop
5ZTsPwtt7aCuzbWd5rDGys,MC STAN,Shana Bann,Shana Bann,66,228112,True,0.674,0.514,5,-10.956,1,0.227,0.0126,0.0,0.158,0.192,99.901,4,hip-hop
5eN1nmOe9R29OBL6soTJov,AP Dhillon;Shinda Kahlon;Gurinder Gill;Gminxr,HIDDEN GEMS,MAJHE AALE,66,170322,False,0.871,0.496,10,-9.29,1,0.0721,0.035,2.83e-05,0.0742,0.287,93.033,4,hip-hop
4fyR24BKznXBLNkK8LwWla,Yo Yo Honey Singh,Dheere Dheere,Dheere Dheere,66,212412,False,0.73,0.58,0,-7.976,1,0.124,0.0399,2.48e-05,0.0703,0.55,167.915,4,hip-hop
7AW4g4I9fPfUIyqtbsuAkM,AP Dhillon;Gurinder Gill;Gminxr,Droptop,Droptop,66,141176,False,0.899,0.479,2,-10.432,1,0.272,0.0126,0.0,0.142,0.309,85.005,4,hip-hop
5M8goiFYynmNxhueYW6grR,Blake Shelton;Gwen Stefani,Fully Loaded: God's Country,Nobody But You (Duet with Gwen Stefani),66,194866,False,0.463,0.653,0,-5.515,1,0.0273,0.111,0.000136,0.172,0.233,143.912,4,country
5tRnzF4v2KL72QQdCjopyt,Phantogram;xxtristanxo;Slowed Radio;Future Islands,Black Out Days [Future Islands Remix (Slowed)],Black Out Days - Future Islands Remix (Slowed),66,214394,False,0.535,0.402,9,-10.884,1,0.031,0.000748,0.734,0.0812,0.0862,142.847,4,indie
6Zc5f20q7sOe1IC1c1jQvZ,Halsey;Juice WRLD,Without Me (with Juice WRLD),Without Me (with Juice WRLD),66,228816,True,0.744,0.514,6,-6.103,1,0.0746,0.355,0.0,0.184,0.449,136.013,4,indie
3tCwjWLicbjsMCvXhN0WOE,MAGIC!,Rude,Rude,66,224773,False,0.743,0.807,1,-3.78,1,0.0364,0.0435,0.0,0.309,0.899,144.062,4,reggae
1aQ58u4guUf999iQX3J2HF,Anirudh Ravichander,"Beast Mode (From ""Beast"")","Beast Mode (From ""Beast"")",66,220350,False,0.584,0.847,2,-5.106,1,0.0933,0.00105,0.000525,0.333,0.371,170.983,4,hip-hop
1418IuVKQPTYqt7QNJ9RXN,King,Champagne Talk,Maan Meri Jaan,66,194653,False,0.698,0.505,6,-8.242,0,0.0356,0.354,0.0,0.0995,0.396,95.868,4,hip-hop
3oWv5qDKYN7MH6FdlglMN5,Guru Randhawa;Sanjoy,Man Of The Moon,Moon Rise,66,174056,False,0.756,0.713,3,-6.91,0,0.122,0.365,0.000153,0.228,0.597,92.039,4,hip-hop
0gmEt2nKOssVRStyUmjSpE,Paradox,Hustle 2.0,Jaadugar,66,192000,False,0.674,0.566,5,-8.551,0,0.0802,0.77,0.0,0.181,0.186,95.045,4,hip-hop
5fWG4JDot8nHCte7gUdMUS,Farruko;David Guetta,Pepas (David Guetta Remix - Radio Edit),Pepas - David Guetta Remix - Radio Edit,66,171784,True,0.632,0.952,7,-4.85,1,0.0527,0.0122,0.0119,0.265,0.098,126.967,4,reggae
2UscVwaSo0fbaX5QxVgqH8,Jiří Horák,Hourglass,Hourglass,66,122125,False,0.431,0.00807,4,-29.783,0,0.0459,0.995,0.932,0.112,0.334,77.745,4,classical
1pW5BQT2ltq0NPSlbkev0v,King,Pablo,Pablo,66,279120,True,0.731,0.73,2,-6.302,1,0.123,0.411,0.0,0.052,0.503,79.999,4,hip-hop
5ZKG94fnjiuMH5yrC5S9lS,Drake;Wizkid;Kyla,Views,One Dance,66,173973,False,0.788,0.605,1,-5.586,1,0.0578,0.00899,0.00275,0.318,0.427,103.94,4,hip-hop
3xyr2xfbSZiZWWGsjLyMFh,Claire Rosinkranz,6 Of A Billion,Hotel,66,134781,False,0.856,0.656,5,-6.475,1,0.0752,0.484,0.0,0.559,0.949,133.927,4,indie
0vzSAyinyA619ZbrOaAi04,Dan + Shay,Good Things,Steal My Love,66,162120,False,0.59,0.633,2,-5.452,1,0.0328,0.619,0.0,0.157,0.751,179.856,4,country
2CdTLdDjwZdVcm0bresVWx,J Balvin;Khalid,Otra Noche Sin Ti,Otra Noche Sin Ti,66,228920,False,0.503,0.548,0,-7.564,0,0.164,0.0751,0.000234,0.145,0.441,94.036,4,reggae
0Q7Jp3aCwfYnSnbMDoXWyR,Shania Twain;Bryan White,Come On Over,From This Moment On,66,281533,False,0.305,0.323,7,-9.396,1,0.0284,0.483,0.0,0.107,0.103,135.803,4,country
3U3gHqRwjam6CxwW68m30z,Lil Tjay,Resume,Resume,66,235023,True,0.821,0.485,1,-12.369,1,0.411,0.324,0.0,0.105,0.41,143.026,4,r-n-b
4Qum1kECNQrpREev5fvAQ4,Mitchell Tenpenny,Truth About You,Truth About You,66,203036,False,0.492,0.708,10,-4.639,1,0.0334,0.0975,0.0,0.12,0.697,161.989,4,country
1YQWosTIljIvxAgHWTp7KP,The Dave Brubeck Quartet,Time Out,Take Five,66,324133,False,0.454,0.26,8,-13.193,0,0.0401,0.539,0.00078,0.0675,0.598,174.322,5,jazz
78MI7mu1LV1k4IA2HzKmHe,Ella Fitzgerald;Louis Armstrong,"Love, Ella",Dream A Little Dream Of Me - Single Version,66,185160,False,0.443,0.104,0,-17.042,1,0.101,0.913,0.0,0.191,0.394,76.497,4,jazz
3IDF7N86lrcWaJEt9C1gbS,Official HIGE DANdism,Cry Baby,Cry Baby,66,240284,False,0.318,0.902,1,-4.605,1,0.131,0.0116,0.0,0.393,0.437,199.844,4,rock
2tH28YyKYOldxhuBHoI79M,"Grover Washington, Jr.;Bill Withers",Lean on Me: The Best of Bill Withers,Just the Two of Us (feat. Bill Withers),66,237373,False,0.793,0.386,10,-13.413,0,0.0819,0.597,0.31,0.0775,0.584,95.819,4,jazz
7cdy4PbCdDZZNjyxoZyE0c,Dirty Heads,Vacation,Vacation,66,209721,True,0.736,0.751,8,-5.588,1,0.034,0.0381,0.0,0.105,0.839,150.064,4,reggae
74CkeJ0vYYTdQImnaLy759,Tungevaag;Kid Ink;Brennan Heart,Ride With Me (feat. Kid Ink) [Brennan Heart Remix],Ride With Me (feat. Kid Ink) - Brennan Heart Remix,66,230400,False,0.693,0.864,4,-4.17,0,0.0483,0.278,0.0388,0.0777,0.142,149.998,4,r-n-b
3P4Lsg2MNqG8XLXZJUo4GT,Michael Bublé,Sway (Sped Up Version),Sway - Sped Up Version,66,147135,False,0.608,0.671,2,-5.643,1,0.0422,0.73,1.88e-06,0.0849,0.872,161.768,4,jazz
0F845nujLVqCb0XMZCh5Pc,Chet Baker,Chet Baker Sings,I Fall In Love Too Easily,66,201440,False,0.532,0.0657,0,-19.136,0,0.0406,0.94,0.00488,0.0946,0.292,128.607,4,jazz
1gJA27xiMdENwoAVN7kMlo,Sebastian Yatra;Isabela Merced,My Only One (No Hay Nadie Más),My Only One (No Hay Nadie Más),66,198280,False,0.727,0.526,6,-6.307,1,0.0378,0.693,0.0,0.116,0.681,105.086,4,reggae
58gqyeFXhOttZW3yetJGPN,CNCO;Little Mix,CNCO,Reggaetón Lento (Remix),66,188800,False,0.534,0.911,4,-3.086,0,0.0852,0.15,0.0,0.0986,0.624,93.767,4,reggae
5fdp9rXfEixCGLM1Og4EN1,Erik Satie;Alena Cherny,Gnossienne No. 1,Gnossienne No. 1,66,296480,False,0.376,0.00579,5,-31.615,0,0.0576,0.996,0.944,0.0882,0.0369,71.827,4,classical
5Sco7mbJy7p7vdDtJW10fZ,The Score,Pressure,Born For This,65,234013,False,0.631,0.684,5,-6.27,0,0.0405,0.0576,0.0,0.0938,0.528,129.974,4,rock
2xizRhme7pYeITbH1NLLGt,Pyotr Ilyich Tchaikovsky;André Previn;London Symphony Orchestra,Tchaikovsky: Swan Lake,"Tchaikovsky: Swan Lake, Op. 20, Act II: No. 10, Scene. Moderato",65,166866,False,0.136,0.164,4,-18.756,0,0.0364,0.911,0.916,0.109,0.071,58.303,4,classical
3lSOZb5rruEnFbe9xWELF6,Fabrizio Paterlini,Fragments Found,Rue des trois frères,65,111442,False,0.348,0.169,1,-18.45,1,0.0413,0.959,0.889,0.1,0.107,138.877,3,classical
1QIsVlaCz3U5GfsEJE9O8L,Shierro,Quiet Storm,Quiet Storm,65,124675,False,0.613,0.526,7,-9.243,0,0.031,0.669,0.933,0.168,0.108,154.082,4,jazz
3jiTehDiPwfIxr9MHfPUvb,Hara Noda,The Beauty of Everyday Things,The Beauty of Everyday Things,65,203096,False,0.643,0.28,10,-13.774,1,0.0332,0.965,0.867,0.107,0.0865,108.046,4,jazz
2wUwC1gBJIC05JH87v2hgN,Lil Tjay;Lil Durk,True 2 Myself,Brothers (feat. Lil Durk) - Remix,65,210120,True,0.688,0.489,2,-7.627,0,0.173,0.619,0.0,0.153,0.559,85.404,5,r-n-b
39vrbjCMTRXEdiIr2IsBgd,Badshah,ONE (Original Never Ends),She Move It Like,65,181764,False,0.832,0.477,0,-6.949,1,0.0481,0.00725,6.47e-05,0.205,0.844,101.997,4,hip-hop
3YV4Go0hpYXjGTGLJXjfda,Badshah;Payal Dev,"Sajna, Say Yes To The Dress","Sajna, Say Yes To The Dress",65,158055,False,0.633,0.776,9,-3.839,0,0.173,0.296,0.0,0.225,0.889,107.636,4,hip-hop
2MddqD0MryxIAKS03raHsz,Nightmares On Wax,In A Space Outta Sound,You Wish,65,210466,False,0.774,0.244,9,-9.748,0,0.0299,0.72,0.915,0.379,0.421,103.464,4,jazz
0E8q2Fx2XuzXCO2NSAppkR,Duke Ellington;John Coltrane,Duke Ellington & John Coltrane,In A Sentimental Mood,65,255226,False,0.464,0.305,3,-12.435,0,0.0316,0.936,0.0846,0.208,0.282,108.229,4,jazz
3Dgmyz32dxvtxvUTPS0CUI,Antonio Vivaldi;Florian Christl,"Vivaldi Variation (Arr. for Piano from Concerto for Strings in G Minor, RV 156)","Vivaldi Variation (Arr. for Piano from Concerto for Strings in G Minor, RV 156)",65,112352,False,0.429,0.258,7,-16.967,0,0.0549,0.957,0.893,0.115,0.0972,78.809,1,classical
2GpBrAoCwt48fxjgjlzMd4,Eagles,Hell Freezes Over (Remaster 2018),"Hotel California - Live On MTV, 1994",65,432040,False,0.55,0.49,2,-10.732,1,0.0572,0.368,9.96e-05,0.917,0.609,74.656,4,country
7hn8Q8WAxFdL4aZ159GI7C,Christina Perri;Steve Kazee,The Twilight Saga: Breaking Dawn - Part 2 (Original Motion Picture Soundtrack),A Thousand Years (feat. Steve Kazee) - Pt. 2; The Twilight Saga: Breaking Dawn Soundtrack,65,305893,False,0.272,0.281,10,-8.131,1,0.0307,0.618,0.0,0.111,0.152,138.856,3,rock
4hzDCJUFDyk66oIBirPiCl,DIVINE,Gunehgar,Gunehgar,65,163404,False,0.643,0.906,1,-4.15,1,0.31,0.105,0.0,0.861,0.541,94.259,4,hip-hop
49ou9vBZLTCi4TYoYzR3F9,Enur;Natasja,Calabria 2007 (feat. Natasja),Calabria 2007 (feat. Natasja) - Radio Edit,65,233480,False,0.888,0.556,7,-8.38,1,0.186,0.00758,0.0584,0.0553,0.45,126.008,4,reggae
4WfV1CNg91SBp8oG0VY0VB,Cigarettes After Sex,Crush,Crush,65,266666,False,0.401,0.504,5,-8.579,1,0.0252,0.0884,0.757,0.11,0.285,98.357,4,indie
5DVnSQ90r2M3gm6XbgTCLp,AP Dhillon;Gurinder Gill;Money Musik;AR Paisley,Not by Chance,Takeover,65,209142,True,0.788,0.752,1,-3.823,1,0.0843,0.0711,0.0,0.61,0.236,140.032,4,hip-hop
1l4pW7Tklvcc3k38rDFMkk,Cigarettes After Sex,Cry,Touch,65,292853,False,0.483,0.5,6,-9.403,1,0.0241,0.354,0.912,0.103,0.368,95.981,4,indie
1v8NfOckFEnck9gp7iyetm,Akhil,Bachalo,Bachalo,65,165108,False,0.756,0.538,1,-6.625,0,0.0485,0.654,0.0,0.172,0.516,92.023,4,hip-hop
12LE4Omy9ze8xTOMofMVB3,Anirudh Ravichander,"Porkanda Singam (EDM Version) [From ""Vikram""]","Porkanda Singam (EDM Version) [From ""Vikram""]",65,149433,False,0.685,0.755,11,-6.045,0,0.0476,0.102,0.194,0.159,0.422,158.932,4,hip-hop
525NKU3UFgZQtCXWBWE0al,Anirudh Ravichander,Vikram (Original Background Score),Sandhanam Theme - Background Score,65,106495,False,0.619,0.84,0,-5.427,1,0.0515,0.082,0.275,0.28,0.0805,105.987,4,hip-hop
4BIuY0oEopXizyP3WvkNrT,Valley,Last Birthday,Oh shit…are we in love?,65,155384,True,0.697,0.515,6,-6.335,1,0.0502,0.0576,1.81e-06,0.294,0.37,95.086,4,indie
5n4kMW5dn7MHFhXQuJb9zG,Restless Road,Growing Old With You,Growing Old With You,65,196007,False,0.478,0.516,5,-7.276,1,0.0267,0.403,0.0,0.0823,0.376,80.09,4,country
7gcMKL3lnDxsp4bIXyv6Zk,Daddy Yankee,Shaky Shaky,Shaky Shaky,65,234320,False,0.899,0.626,6,-4.228,0,0.292,0.076,0.0,0.0631,0.873,88.007,4,reggae
4smkJW6uzoHxGReZqqwHS5,Billie Holiday,Billie Holiday,I'll Be Seeing You,65,211533,False,0.355,0.0304,1,-20.479,1,0.0361,0.989,0.0555,0.116,0.188,90.495,3,jazz
3gFQOMoUwlR6aUZj81gCzu,Joe Hisaishi,Spirited Away Soundtrack,One Summer Day,65,189800,False,0.41,0.196,0,-15.956,1,0.0383,0.953,0.892,0.0974,0.0622,78.823,4,classical
5GCz9BOkt17aI6ZOR3EiUl,Marcelo D2;Claudia,A Arte Do Barulho,Desabafo / Deixa Eu Dizer,65,175666,False,0.6,0.869,4,-5.565,0,0.315,0.0364,0.0,0.287,0.786,85.409,4,r-n-b
3yqkV2Vd0u4l9lUnlaFNZT,Anirudh Ravichander;Ravi G,Vikram (Original Motion Picture Soundtrack),Porkanda Singam,65,198000,False,0.527,0.591,5,-7.632,0,0.0282,0.626,0.00798,0.385,0.543,119.932,3,hip-hop
51hrri99KuNwhALxbRRJnq,The Landers,Rule Over (Putt Jattan Dey),Rule Over (Putt Jattan Dey),65,140800,False,0.681,0.549,5,-10.269,0,0.399,0.66,0.0,0.0936,0.549,106.652,5,hip-hop
1O00WM9qGLUBA5gq2yw0WF,Sidhu Moose Wala;Mr. Capone-E,No Name,Bloodlust (feat. Mr. Capone-E),65,159085,False,0.552,0.667,9,-8.024,1,0.333,0.0381,0.0,0.0777,0.348,174.889,4,hip-hop
7MdX25DW2YXXwCWl8fSHnq,Bhalwaan;Signature By SB,Priceless,Priceless,65,107755,False,0.665,0.572,5,-9.611,0,0.262,0.37,0.0,0.282,0.634,146.9,4,hip-hop
4aY0tZIaboefmkBEsjAovI,The Band Perry,The Band Perry,If I Die Young,65,222773,False,0.606,0.497,4,-6.611,1,0.0277,0.348,0.0,0.275,0.362,130.739,4,country
2hIsd0F6ZGfHCC1xa7vSad,Cigarettes After Sex,Cigarettes After Sex,Each Time You Fall in Love,65,290630,False,0.378,0.533,10,-8.843,1,0.0279,0.479,0.508,0.131,0.285,75.927,4,indie
2r32XiAWtZbT3eLUvf4pag,Vishal Dadlani,Talaash,Jee Le Zaraa,65,215202,False,0.584,0.698,4,-6.61,0,0.0376,0.447,0.0,0.0699,0.436,79.993,4,hip-hop
5XsoDbDt98b0FkFLOhsJuS,Benny Dayal;Shalmali Kholgade;Pritam,Race 2 (Original Motion Picture Soundtrack),Lat Lag Gayee,65,280369,False,0.79,0.892,10,-4.038,0,0.0404,0.228,1.18e-06,0.206,0.896,131.991,4,hip-hop
2sZzEKY3DxpY8V87SuYoU2,Ozuna,OzuTochi,Favorita,65,208133,False,0.783,0.489,0,-4.853,0,0.0956,0.141,0.00915,0.303,0.732,170.003,4,reggae
48i1p3R9l9f7zjcHPJysZZ,Ludovico Einaudi,Underwater,Wind Song,65,198649,False,0.339,0.00572,11,-32.309,0,0.0378,0.986,0.923,0.103,0.0616,72.7,3,classical
5VYBergVrUDcb8QyEg70cF,Cigarettes After Sex,Affection,Keep on Loving You,65,233010,False,0.456,0.364,2,-9.336,0,0.0252,0.533,0.96,0.111,0.116,73.457,4,indie
1Mk9ou2m6hsEZJYuNRJFpO,Matt Hartke,London's Song,London's Song,65,178573,False,0.562,0.266,4,-14.852,1,0.0409,0.928,0.000626,0.0983,0.493,88.968,4,indie
39d9CQbAB6AMLCxcJtSc0U,Fivio Foreign;The Kid LAROI,B.I.B.L.E.,Paris to Tokyo,65,130897,True,0.642,0.787,5,-6.389,0,0.17,0.0185,0.0,0.288,0.406,146.733,4,r-n-b
395WRTyNwMGx80cDXqg6vM,Lil Tjay;Jay Critch,True 2 Myself,Ruthless (feat. Jay Critch),65,244573,True,0.521,0.592,9,-9.801,1,0.134,0.0489,0.0,0.267,0.356,129.754,4,r-n-b
1PaxAUxLEVpi75l0nDtwu1,Hiphop Tamizha,Meesaya Murukku (Original Motion Picture Soundtrack),Sakkarakatti,65,189358,False,0.607,0.782,1,-4.179,1,0.0856,0.305,0.0,0.062,0.747,64.935,4,hip-hop
2dpMdklbSc5CmZ3ijhknZ5,Anirudh Ravichander,Vikram (Original Motion Picture Soundtrack),Wasted,65,182608,False,0.651,0.827,10,-5.108,0,0.0319,0.00162,0.0902,0.0803,0.851,114.918,4,hip-hop
16xg7UwH9hbs96vCD8k6bC,Emiway Bantai,GRIND,GRIND,65,175449,False,0.848,0.735,1,-4.661,1,0.0445,0.291,0.0,0.0713,0.57,98.973,4,hip-hop
0I9HIOTtaXrX968btEa3DA,Josh Kramer,Box of Memories,Box of Memories,65,162160,False,0.3,0.0464,2,-27.828,1,0.0429,0.986,0.897,0.105,0.172,129.952,4,classical
252YuUdUaC5OojaBU0H1CP,Jay & The Americans,Come A Little Bit Closer: The Best Of Jay & The Americans,Come A Little Bit Closer,65,166666,False,0.636,0.684,3,-9.302,1,0.057,0.52,0.0015,0.534,0.881,132.509,4,r-n-b
5zUPoHkgqAr1XwTMNzNtGs,Tegi Pannu;Manni Sandhu,Fully Loaded,Fully Loaded,65,148858,True,0.783,0.607,9,-7.268,0,0.133,0.091,0.0,0.0986,0.862,92.109,4,hip-hop
6TWcSqCntZhH5vyc35kkob,Cigarettes After Sex,Cigarettes After Sex,John Wayne,65,258483,False,0.441,0.465,3,-8.389,1,0.0291,0.343,0.884,0.0982,0.173,123.933,4,indie
6Xs7OKt6i0Ddq8B4M5Dgvr,Halsey,BADLANDS,New Americana,65,183808,False,0.339,0.707,0,-5.121,0,0.0428,0.0113,0.0,0.337,0.359,173.993,4,indie
34da5Qqshstk7LI1wNe0LV,Roshan Sebastian;Kevin Jason,Poovukkul Olindhirukkum - Jeans,Poovukkul Olindhirukkum - Jeans,65,130815,False,0.694,0.339,7,-13.464,1,0.0378,0.514,0.0,0.133,0.221,89.95,4,indie
1pZn8AX1WulW8IO338hE5D,Billie Holiday,Solitude,Blue Moon,65,207826,False,0.639,0.269,8,-11.435,1,0.0698,0.982,0.12,0.141,0.539,124.866,4,jazz
5Smmg9SpxnawbuYPKSNcmx,Bill Charlap Trio,Street Of Dreams,Day Dream,65,373840,False,0.432,0.0951,1,-23.511,1,0.0388,0.909,0.89,0.117,0.093,100.265,4,jazz
4Q3D7EnZNDNnIZsfjSbGkh,Imran Khan,Pata Chalgea,Pata Chalgea,64,285173,False,0.771,0.69,2,-7.379,1,0.174,0.0267,5.09e-06,0.0647,0.423,165.951,4,hip-hop
2VGs7EmaIxq96Wcog6DQOc,Anirudh Ravichander;Dhanush,Why This Kolaveri Di? (The Soup of Love),Why This Kolaveri Di? - The Soup of Love,64,259293,False,0.82,0.785,5,-4.003,0,0.158,0.59,1.79e-05,0.372,0.894,140.013,4,hip-hop
2V52mICuJnWB3C4lrJZd7v,Sidhu Moose Wala;Sunny Malton,Youngest In Charge,Youngest In Charge,64,198409,False,0.595,0.689,2,-6.822,1,0.283,0.00463,0.0,0.154,0.519,176.069,4,hip-hop
1kJL5ouqpWRitSej8fdTor,Sidhu Moose Wala,Moosetape,GOAT,64,214883,False,0.724,0.728,4,-4.146,0,0.218,0.0459,5.84e-06,0.122,0.47,172.059,4,hip-hop
0mvcsYusnTYlAkOZ077lDb,Raftaar;Rashmeet Kaur;Surbhi Jyoti,Ghana Kasoota (feat. Surbhi Jyoti),Ghana Kasoota (feat. Surbhi Jyoti),64,168640,False,0.877,0.781,5,-4.459,0,0.0548,0.0315,0.000397,0.239,0.373,102.994,4,hip-hop
3Blsc8iWj4LLgnCe0DhnU0,MC STAN,Insaan,Bitch,64,186666,True,0.754,0.674,3,-7.212,1,0.102,0.623,0.0,0.129,0.517,116.96,4,hip-hop
4BXkf6yww23Vdju7E1fUrn,Brad Paisley;Alison Krauss,Hits Alive,Whiskey Lullaby (feat. Alison Krauss),64,259453,False,0.587,0.35,2,-10.954,1,0.0318,0.74,0.0,0.156,0.17,74.479,4,country
44alNkXsYnTyPnkMdohBcx,The Paper Kites,Woodland,Bloom (Online Bonus Track),64,209816,False,0.581,0.421,1,-9.792,1,0.0245,0.894,0.000491,0.119,0.433,95.969,4,indie
0fGclndst25Qqy8j4u5De5,Anirudh Ravichander;Jonita Gandhi,"Chellamma (From ""Doctor"")","Chellamma (From ""Doctor"")",64,236500,False,0.498,0.679,4,-7.252,0,0.214,0.256,0.000325,0.0589,0.743,99.702,3,hip-hop
6EwRpLL5QThnF2k1sZzQpC,Hiphop Tamizha;Teejay;Al Rufian,Imaikkaa Nodigal (Original Motion Picture Soundtrack),Kadhal Oru Aagayam,64,161762,False,0.488,0.585,5,-4.39,0,0.0263,0.664,0.0,0.386,0.399,143.96,4,hip-hop
0t0mHozF8Xsif9w8bemh9D,Anirudh Ravichander;Ananthakrrishnan,"So Baby (From ""Doctor"")","So Baby (From ""Doctor"")",64,252631,False,0.607,0.843,5,-8.15,0,0.218,0.103,4.42e-05,0.107,0.582,133.131,4,hip-hop
0Z2SFlnXH9yMN36djUeqyE,Sidhu Moose Wala;Sunny Malton,Fuck Em All,Fuck Em All,64,234130,True,0.818,0.726,7,-6.694,0,0.216,0.0916,1.01e-06,0.106,0.345,92.013,4,hip-hop
7rXDc2ImBGwcypUFbNqbFB,Sidhu Moose Wala;Byg Byrd,"Dollar (From ""Dakuaan Da Munda"")","Dollar - From ""Dakuaan Da Munda""",64,157516,False,0.612,0.829,9,-4.225,1,0.0583,0.0606,0.0,0.38,0.694,94.961,4,hip-hop
0MYof8K1RPjc1Htnr7CDa6,MC STAN,Snake,Snake,64,281088,False,0.707,0.625,4,-7.638,0,0.145,0.709,2.77e-06,0.298,0.477,123.028,4,hip-hop
4oglYe270D9yn6Gc0JWc03,Kanika Kapoor;Devi Sri Prasad,"Oo Bolega Ya Oo Oo Bolega (From ""Pushpa The Rise Part - 01"")","Oo Bolega Ya Oo Oo Bolega (From ""Pushpa The Rise Part - 01"")",64,226313,False,0.922,0.763,5,-5.948,0,0.0974,0.261,0.0672,0.464,0.478,128.032,4,hip-hop
1xSCr5uIndaHKFdO4s2V6B,DIVINE,Punya Paap,Satya,64,182640,True,0.598,0.804,2,-5.39,1,0.123,0.0576,0.0,0.252,0.322,139.737,4,hip-hop
3LLezpquftwn7QI1rYIovM,Avery Anna,Narcissist,Narcissist,64,154026,False,0.322,0.48,1,-5.989,1,0.0492,0.746,0.0,0.113,0.304,73.476,4,country
0qkdE1C0ufnUISKwhg8Wh6,Lady A,Ocean,What If I Never Get Over You,64,206597,False,0.576,0.724,0,-5.147,1,0.0274,0.016,0.0,0.107,0.34,93.029,4,country
3RkQ3UwOyPqpIiIvGVewuU,Bob Dylan,Bringing It All Back Home,Mr. Tambourine Man,64,330533,False,0.39,0.31,5,-14.545,1,0.0676,0.794,0.0,0.379,0.584,177.515,4,country
0ydyIEJ02X3kcZ6Bop6sHO,Sidhu Moose Wala;The PropheC,Sohne Lagde,Sohne Lagde,64,209453,False,0.589,0.716,2,-5.651,0,0.145,0.354,0.0,0.109,0.327,84.384,4,hip-hop
5f3PgI4zW2oErM3j3MWTWW,Karan Aujla,Don't Look,Don't Look,64,186409,False,0.576,0.889,8,-3.211,0,0.198,0.185,0.0,0.71,0.623,175.969,4,hip-hop
4ZlHgEGwZb3PCq0OWFbhcO,Ozuna,OzuTochi,Kotodama,64,188533,False,0.884,0.694,0,-3.241,1,0.0716,0.156,0.0188,0.3,0.597,93.025,4,reggae
6dgYHmc5yBnQFI4FSCbp6y,Varinder Brar,12 Bande,12 Bande,64,204507,False,0.706,0.693,0,-5.502,1,0.259,0.0123,0.0,0.346,0.838,141.794,4,hip-hop
6P8dmbcOEz7XPFQjd1V6d5,Stephen Zechariah;Saindhavi,Nesamaguren,Nesamaguren,64,263600,False,0.413,0.419,3,-10.592,0,0.0314,0.602,0.000113,0.13,0.264,149.658,3,hip-hop
455OjhLhU9JCNYKKoUOFwr,Tegi Pannu;Manni Sandhu,Into You,Into You,64,174508,False,0.72,0.711,1,-6.926,0,0.0457,0.309,0.0,0.492,0.713,148.223,4,hip-hop
5fJD7wh9yoSTpl9d5rgl7l,Jóhann Jóhannsson,The Theory of Everything (Original Motion Picture Soundtrack),The Theory of Everything,64,68691,False,0.421,0.118,2,-17.703,1,0.0408,0.842,0.938,0.115,0.175,104.03,4,classical
1TRnIxwWeJoE6MVimzjw2w,Ozuna;Danny Ocean,OzuTochi,4:22,64,193360,False,0.771,0.727,1,-4.285,0,0.0416,0.0205,4.54e-06,0.291,0.649,104.035,4,reggae
2MKLbFPQ3QDXpQ0KnS06Kl,Norah Jones,Feels Like Home,Those Sweet Words,64,202640,False,0.798,0.234,2,-10.699,1,0.0317,0.875,0.000626,0.134,0.403,103.152,4,jazz
2gNjmvuQiEd2z9SqyYi8HH,Louis Armstrong;Ella Fitzgerald,Porgy And Bess,Summertime,64,298133,False,0.172,0.0696,11,-21.295,0,0.0339,0.916,0.00199,0.137,0.103,167.974,5,jazz
0pH9ckmrcCM6O0MTart24w,Devin Kennedy,"You & Me, That's Enough",Something Bout That Feeling,64,132688,False,0.69,0.397,5,-6.514,1,0.0453,0.064,0.0,0.0784,0.772,203.723,4,indie
4Hqh0dS4x07zuRw6eBTO7p,Lil Tjay,20/20,20/20,64,230448,True,0.886,0.336,4,-12.779,1,0.239,0.557,0.0,0.0933,0.536,100.044,4,r-n-b
4b3khTm3ufGRTyZwuYdasn,Cigarettes After Sex,Cry,Don't Let Me Go,64,262560,False,0.414,0.369,6,-9.606,1,0.0262,0.453,0.501,0.0985,0.17,96.722,3,indie
1tEto4JrqNmBZFH5uAiYqb,Lehmber Hussainpuri,Tanu Weds Manu,Sadi Gali,64,264900,False,0.726,0.994,5,-2.433,0,0.0543,0.021,0.0108,0.222,0.779,129.989,4,hip-hop
6apPqjW8ezpKEicAkkBlvO,Dolly Parton;Kenny Rogers,Pure & Simple,Islands in the Stream,64,250053,False,0.611,0.524,8,-8.256,1,0.035,0.68,0.0,0.0753,0.73,203.787,4,country
6hu4zxEVl8vhbZwDlqNqK6,Fivio Foreign;Kanye West;Alicia Keys,B.I.B.L.E.,City of Gods,64,256000,True,0.469,0.799,8,-5.983,0,0.387,0.105,0.0,0.32,0.495,147.847,4,r-n-b
5cYFwgA5dHoqR3xGnlr9ew,Gabby Barrett;Charlie Puth,Goldmine,I Hope (feat. Charlie Puth),64,211605,False,0.563,0.576,6,-6.495,1,0.0401,0.171,0.0,0.158,0.412,75.019,4,country
2OXidlnDThZR3zf36k6DVL,Lady A,Own The Night,Just A Kiss,64,218840,False,0.593,0.639,1,-5.826,1,0.0307,0.446,0.0,0.0998,0.332,142.881,4,country
78iVPIyFgGjQ0g0TmDWYtQ,Maribou State;Holly Walker,Tongue EP,Tongue,64,304825,False,0.569,0.521,10,-10.183,0,0.0839,0.514,0.00469,0.0962,0.143,115.055,4,indie
3xr8COed4nPPn6XWZ0iCGr,Yiruma,The Best - Reminiscent 10th Anniversary,River Flows in You,64,218293,False,0.287,0.292,9,-19.285,1,0.0541,0.968,0.978,0.09,0.346,145.703,4,classical
0JkIre0YxNmKGMU5V7ZiDx,Kenny Rogers,Kenny,Coward Of The County,64,258733,False,0.652,0.433,7,-12.843,1,0.0588,0.134,7.37e-06,0.146,0.675,91.471,4,country
3zLTPuucd3e6TxZnu2dlVS,Ludwig van Beethoven;Igor Levit,"Für Elise, Bagatelle No. 25 in A Minor, WoO 59","Bagatelle No. 25 in A Minor, WoO 59 ""Für Elise""",64,212066,False,0.289,0.0306,9,-30.79,0,0.0446,0.987,0.911,0.102,0.118,125.61,3,classical
429GaRIWKJ3EU1GAQPbLcr,Wolfgang Amadeus Mozart;London Mozart Players;Howard Shelley,"Mozart: Piano Concertos, Vol. 6","Piano Concerto No. 21 in C Major, K. 467: II. Andante",64,433666,False,0.137,0.0311,5,-28.208,1,0.0381,0.982,0.972,0.0908,0.063,179.223,3,classical
4zTPYAf5scZdp0LnwPPeWK,Sleepy Hallow;Fousheé,Deep End Freestyle,Deep End Freestyle,64,115200,True,0.876,0.479,4,-6.687,0,0.44,0.703,0.0,0.102,0.776,133.858,4,r-n-b
3K3mo4LoxPKk18oqIC3hQC,Satinder Sartaaj,Seasons of Sartaaj,Udaarian,64,342585,False,0.659,0.712,2,-5.585,0,0.0352,0.584,0.0,0.201,0.883,143.792,4,hip-hop
5aa4zMfrJ16iDnS6UIKtlL,Daler Mehndi;Hrishikesh;Neuman;FRANCO;Shazneen Arethna;Samantha;Sunayana,Hanuman Returns,Aasman Ko Chukar,64,274081,False,0.536,0.438,7,-12.894,1,0.103,0.119,0.0,0.129,0.127,144.626,4,hip-hop
6dUGQzqCA18wKzVuiGttJF,Karan Aujla,Way Ahead,Game Over,64,154925,False,0.846,0.573,6,-6.005,0,0.0633,0.0437,0.0,0.0856,0.553,134.144,4,hip-hop
3x9vShiP4hDhE94zvObYNS,Kanishk Seth;Kavita Seth,Jugjugg Jeeyo,Rangisari,64,223271,False,0.524,0.758,10,-9.28,1,0.0538,0.27,0.13,0.106,0.319,140.012,4,indie
7k6QR9YHyW258yVN6FHO1T,OAFF;Savera;Lothika;Kausar Munir,Gehraiyaan (Original Motion Picture Soundtrack),Doobey,64,219686,False,0.751,0.669,3,-6.532,0,0.0359,0.342,1.31e-05,0.0822,0.359,119.014,4,indie
1xtkLqZcGPQZP9549WlmfH,Anuv Jain,Mishri,Mishri,64,200437,False,0.534,0.159,7,-14.304,1,0.0288,0.917,0.0,0.109,0.184,80.047,4,indie
2ULQtFHTzUK0DqcqWUlXxw,Lil Tjay;Toosii,Destined 2 Win,Love Hurts (feat. Toosii),64,222367,True,0.712,0.404,5,-7.594,0,0.12,0.32,0.0,0.121,0.548,139.991,4,r-n-b
7eqNATKM78MkWP6aHGXHEV,Paul Anka,Sings His Favorites,Put Your Head on My Shoulder,64,155080,False,0.549,0.433,7,-8.526,1,0.0327,0.906,0.0108,0.0774,0.486,116.068,3,r-n-b
2GPCE96x9Go6acdDt8ex6p,J Balvin;Dua Lipa;Bad Bunny;Tainy,Future Nostalgia (The Moonlight Edition),Un Día (One Day),64,231815,False,0.572,0.634,6,-10.599,0,0.0617,0.00547,0.0,0.129,0.432,168.136,4,reggae
2WQKHNETUytUGsD32TTNeO,Damian Marley;Stephen Marley,Stony Hill,Medication,64,222466,True,0.865,0.562,10,-6.811,0,0.251,0.0318,0.0,0.246,0.81,85.02,4,reggae
5IIybI1oiOCY3DRUrpQ7zA,Louis Armstrong,C'est Si Bon,La vie en rose,64,206826,False,0.584,0.0789,0,-12.905,1,0.051,0.884,0.00705,0.0876,0.319,70.886,4,jazz
4u8Gkqyg87iGSW3hQbbnQZ,AJR,The Click (Deluxe Edition),Burn the House Down,64,212689,True,0.454,0.66,0,-4.357,1,0.168,0.0364,0.0,0.181,0.568,184.353,4,rock
3hPbdPIXZPpyywSxnKNtYh,Shaggy;Collie Buddz;Sizzla,Intoxication,Mad Mad World (feat. Sizzla Kalonji & Collie Buddz),64,231880,False,0.901,0.531,10,-5.365,1,0.0853,0.0768,0.0,0.101,0.563,100.016,4,reggae
3iICKiDTyIK5qoVl2hXB2f,AP Dhillon,Two Hearts Never Break The Same,Summer High,63,177391,False,0.86,0.541,1,-6.51,0,0.0325,0.165,0.163,0.0663,0.952,114.984,4,hip-hop
139nCjBRQCLgnWNRxBKAC7,Ozuna;GIMS;RedOne;FIFA Sound,Arhbo [Music from the FIFA World Cup Qatar 2022 Official Soundtrack],Arhbo [Music from the FIFA World Cup Qatar 2022 Official Soundtrack],63,219831,False,0.675,0.888,11,-3.343,1,0.035,0.12,0.00967,0.337,0.526,119.018,4,reggae
5pmvv42h1bcK3frE8CEblt,Lil Tjay;Offset;Moneybagg Yo,Destined 2 Win,Run It Up (feat. Offset & Moneybagg Yo),63,232048,True,0.88,0.575,6,-6.091,1,0.163,0.415,0.0,0.109,0.671,120.031,4,r-n-b
0mAswKg3RCbmXAV4KYTUxM,Hasan Raheem;Abdullah Kasumbi,Aisay Kaisay,Aisay Kaisay,63,198857,False,0.577,0.428,0,-9.066,1,0.0302,0.467,2.61e-05,0.272,0.401,104.938,4,indie
1VyiUi0mRnSKgtHa5dBoUd,The Strumbellas,Hope,Spirits,63,203653,False,0.556,0.657,0,-6.075,1,0.0265,0.17,0.0,0.113,0.79,80.529,4,indie
2e8zEzmedii6VKaV2852rl,Starla Edney,Queen of Hearts,Queen of Hearts,63,191386,False,0.805,0.682,10,-5.207,0,0.047,0.276,3.23e-06,0.129,0.462,96.009,4,indie
5NVkktUlAylhk7f0t63eth,Sunwoojunga,Extraordinary Attorney Woo (Original Television Soundtrack) Pt. 2,Beyond My Dreams,63,185508,False,0.519,0.352,7,-8.332,1,0.0244,0.762,0.0,0.113,0.269,78.943,3,indie
71Udwiv5GsZghU6XQ5LXQj,Sidhu Moose Wala,Pbx 1,Jaat Da Muqabala,63,204360,False,0.716,0.934,3,-2.431,1,0.0448,0.0561,7.33e-06,0.147,0.749,99.983,4,hip-hop
4YIhJmihoXwjtbY4vsV9Nh,Vishal Dadlani;Sachin-Jigar,"Kudi Nu Nachne De (From ""Angrezi Medium"")","Kudi Nu Nachne De (From ""Angrezi Medium"")",63,172381,False,0.834,0.688,9,-7.494,1,0.0653,0.175,0.0,0.174,0.876,117.949,4,hip-hop
7tavmiMMEibizGOiXoozar,AP Dhillon;Gurinder Gill;Money Musik,Not by Chance,Goat,63,159130,False,0.725,0.821,6,-5.147,1,0.154,0.103,3e-06,0.118,0.135,91.821,4,hip-hop
6E6BCsQHXDAdXsrL7zV71N,The Yellow Diary;Shilpa Rao,Roz Roz,Roz Roz,63,218550,False,0.653,0.446,0,-7.867,1,0.0351,0.546,4.52e-05,0.109,0.472,100.018,4,hip-hop
2N0oWy78RT70bW10QfIVHT,AP Dhillon,Top Boy,Top Boy,63,136941,False,0.804,0.609,11,-8.481,0,0.268,0.375,1.74e-06,0.109,0.652,169.819,4,hip-hop
6ZmtxXUXRVjxOhugKkmerC,The Local Train,Aalas Ka Pedh,Dil Mere,63,211290,False,0.655,0.473,8,-9.806,1,0.0267,0.842,0.0323,0.167,0.572,92.962,4,hip-hop
1SFwLNaHkV8WhW3ud1GBIJ,Amrit Maan;The PropheC,Hanji Hanji,Hanji Hanji,63,214459,False,0.871,0.553,11,-5.168,0,0.0484,0.346,1.43e-05,0.11,0.53,100.042,4,hip-hop
1DoK3CdipMjplLk5LXUdcp,J Balvin;Willy William;Beyoncé,Mi Gente (feat. Beyoncé),Mi Gente (feat. Beyoncé),63,209733,False,0.759,0.716,11,-6.36,0,0.0818,0.0223,0.0,0.231,0.469,105.021,4,reggae
4rQSLX4qMiUWL81hEQOuPY,Randy Travis,Top 10,"Forever and Ever, Amen",63,212586,False,0.701,0.68,2,-8.492,1,0.0264,0.303,1.51e-05,0.159,0.704,90.607,4,country
6kTk6AOcnPguvs1nQ4vUWZ,Dan + Shay,Good Things,Good Things,63,148906,False,0.529,0.621,11,-6.018,1,0.0296,0.13,0.0,0.173,0.617,97.189,4,country
6VrAgFXBbRX2PkT92lAoKK,Christian Leave,Hope,Can't Help Falling in Love,63,135714,False,0.608,0.269,0,-7.201,1,0.0329,0.983,1.96e-06,0.337,0.389,126.372,3,indie
7nbAMKGkPMjc4EuNNsjXqZ,Cigarettes After Sex,Neon Moon,Neon Moon,63,225767,False,0.269,0.489,4,-11.099,1,0.0303,0.0972,0.0935,0.102,0.277,180.247,4,indie
6iblnklMzUKIXAtjk5lzIy,Brad Paisley;Alison Krauss,Mud On The Tires,Whiskey Lullaby (feat. Alison Krauss),63,259893,False,0.52,0.333,2,-11.508,1,0.0302,0.816,0.0,0.188,0.198,74.165,4,country
6fGSHpEipD1YjtLLChnBzW,Gracie Abrams,minor,Friend,63,176946,False,0.7,0.494,4,-4.908,1,0.0463,0.742,0.0,0.304,0.229,132.943,4,indie
0VcWp30A3hSJrPjdDEHeNE,Tai Verdes,how deep?,how deep?,63,154506,False,0.802,0.691,6,-6.973,0,0.0466,0.0989,2.29e-06,0.277,0.452,97.021,4,indie
0ROMalDdNg3L2HoZP4qFyJ,Antonio Vivaldi;Adrian Chandler;La Serenissima,"The Four Seasons & Concertos for Bassoon and Violin ""in tromba marina""","The Four Seasons - Winter in F Minor, RV. 297: I. Allegro non molto",63,201853,False,0.4,0.247,5,-18.249,0,0.0423,0.818,0.64,0.119,0.394,162.078,4,classical
7DPhusadsTZ2VrXOGcuX2y,Arctic Monkeys,I Ain't Quite Where I Think I Am,I Ain’t Quite Where I Think I Am,63,191173,False,0.544,0.337,10,-9.846,1,0.0653,0.357,6.34e-05,0.085,0.667,192.685,4,indie
5xRP5iyVdGglqlY4Vcjhkx,Nina Simone,Pastel Blues,Sinnerman,63,622000,False,0.436,0.543,11,-13.351,0,0.0962,0.654,9.35e-06,0.0937,0.663,148.282,4,jazz
0aWMVrwxPNYkKmFthzmpRi,Miles Davis;John Coltrane;Bill Evans,Kind Of Blue (Legacy Edition),Blue in Green (feat. John Coltrane & Bill Evans),63,337733,False,0.421,0.0162,2,-25.358,0,0.0388,0.808,0.0024,0.0978,0.154,110.479,4,jazz
06henIQqvVk2vAKj1yQtTp,Martin Landström,Maze of Tranquility,Maze of Tranquility,63,262707,False,0.488,0.134,7,-17.904,1,0.0327,0.76,0.219,0.0826,0.0507,112.892,4,jazz
2ej1A2Ze6P2EOW7KfIosZR,Nujabes;Cise Star;Akin Yai,Modal Soul,Feather (feat. Cise Starr & Akin from CYNE),63,175360,False,0.565,0.749,10,-6.629,0,0.0769,0.655,0.432,0.106,0.881,180.598,4,jazz
4au7FRcgZzChASRYu279xH,Daddy Yankee;Katy Perry;Snow,Con Calma (Remix),Con Calma - Remix,63,181280,False,0.736,0.868,8,-3.01,0,0.0454,0.166,1.48e-06,0.0419,0.613,94.026,4,reggae
07oas8KpAMIkwuetf81Zen,Ozuna;Chencho Corleone;Arcangel;J Balvin;Randy,OzuTochi,El Cel,63,287813,False,0.521,0.799,6,-5.205,1,0.162,0.0796,0.00709,0.0928,0.945,165.908,4,reggae
2AuWgceaQyfMoI3EGavwGb,Rvssian;Anuel AA;Juice WRLD,No Me Ame,No Me Ame,63,180000,False,0.68,0.766,11,-4.799,0,0.0923,0.0411,0.0,0.116,0.28,160.095,4,reggae
6MQAB3vorg90FA3tQpbYXK,Ludwig van Beethoven;Nelly Kokinos,Beethoven Greatest Hits,"Für Elise, WoO 59",63,188466,False,0.303,0.108,9,-27.433,0,0.0473,0.994,0.877,0.0805,0.18,126.931,3,classical
6AshXllQhobwSXsdpgp41w,Benny The Butcher;J. Cole,Johnny P's Caddy,Johnny P's Caddy,63,225000,True,0.535,0.819,8,-6.792,1,0.455,0.584,0.0,0.16,0.581,150.451,4,r-n-b
3pGRj6u9DCE9PQips45eJ1,Lil Tjay,Destined 2 Win,None of Your Love - Bonus,63,153168,True,0.702,0.722,1,-5.921,1,0.161,0.0199,0.0,0.299,0.51,137.963,4,r-n-b
52HAHV1j93s5B8GoTNI7DJ,Roy Orbison,The Essential Roy Orbison,"Oh, Pretty Woman",63,176933,False,0.609,0.584,9,-9.734,1,0.0353,0.725,0.0,0.0854,0.954,127.306,4,r-n-b
0Oa9mHOnH14GZ4toWwkf4c,G-Eazy;Kehlani,Good Life (with G-Eazy & Kehlani),Good Life (with G-Eazy & Kehlani),63,225520,False,0.572,0.778,1,-5.208,1,0.233,0.00638,0.0,0.0563,0.54,168.073,4,indie
0SsYlkXxZ5vkWOTsKxMfMz,Ricky Nelson,Ricky Sings Again (Expanded Edition / Remastered),Lonesome Town,63,134040,False,0.404,0.193,11,-12.501,1,0.0305,0.794,0.000296,0.103,0.273,77.026,4,r-n-b
4l9hml2UCnxoNI3yCdL1BW,Chet Baker,Chet Baker Sings,My Funny Valentine,63,141133,False,0.438,0.00756,0,-26.44,0,0.0382,0.941,0.00643,0.109,0.277,133.32,4,jazz
4m4aQLiPbWFyE07xRoJPhc,Michael Bublé,Call Me Irresponsible (Deluxe),L O V E,63,170213,False,0.505,0.465,0,-6.599,1,0.0566,0.461,0.0,0.169,0.555,141.884,4,jazz
1DQJd9IyanAqaQ04DItMt6,Louis Armstrong,What A Wonderful World,Dream A Little Dream Of Me,63,194840,False,0.462,0.238,2,-16.032,1,0.0723,0.515,0.0,0.213,0.399,93.388,4,jazz
0RSGPiykniIg8m7JhiAVv7,Anupam Roy,Aisi Raaton,Aisi Raaton,62,218930,False,0.517,0.443,9,-8.946,1,0.0529,0.88,0.000141,0.0989,0.538,176.035,4,indie
2n48BjaFSczfeIG3HaIaPv,Tom Walker,Just You and I,Just You and I,62,174982,False,0.567,0.696,9,-5.416,1,0.301,0.456,0.0,0.113,0.544,92.061,4,indie
5nTbPFqLKmQdIg1SD8KgG4,Anuv Jain,Meri Baaton Mein Tu,Meri Baaton Mein Tu,62,213986,False,0.623,0.455,0,-9.793,1,0.0302,0.426,0.0,0.145,0.233,142.878,4,indie
0sQLhT32E9ZG2zn5iYR6nN,R. City;Adam Levine,Locked Away (feat. Adam Levine),Locked Away (feat. Adam Levine),62,227280,False,0.508,0.677,1,-5.696,1,0.0656,0.328,0.0,0.0491,0.575,121.928,5,reggae
7bJ6xGa3RG2dQgNiK10uAv,Jóhann Jóhannsson,The Theory of Everything (Original Motion Picture Soundtrack),Chalkboard,62,65040,False,0.432,0.109,9,-15.925,0,0.0368,0.889,0.772,0.0939,0.0797,92.682,4,classical
4BMHp3DkI8VLsuB9Kr0pzu,Ludovico Einaudi;Robert Ziegler;Royal Philharmonic Orchestra,Divenire (Deluxe Edition),Primavera,62,442400,False,0.231,0.206,0,-13.593,0,0.0332,0.965,0.856,0.17,0.136,141.628,3,classical
5y8zb3grlQonjdqd27K39T,Louis Armstrong,Satchmo Serenades,A Kiss To Build A Dream On - Single Version,62,181493,False,0.723,0.0811,0,-14.113,1,0.0631,0.779,0.0,0.509,0.36,88.044,4,jazz
63kd4m3VFxcJjPVVtbVNAu,Louis Armstrong,"Hello, Dolly! (Remastered)","Hello, Dolly!",62,147000,False,0.0,0.405,0,-9.935,1,0.0,0.842,0.00114,0.198,0.0,0.0,0,jazz
0f2489MzoisF9pKduawvce,Ella Fitzgerald;Louis Armstrong,Ella And Louis Again,Autumn In New York,62,356626,False,0.425,0.0469,7,-18.612,0,0.0354,0.955,0.0,0.137,0.154,135.335,4,jazz
7EYEswNmA0XjzwUitONgzK,Deepak Rathore Project,Tuta Pull Wahan,Tuta Pull Wahan,62,313170,False,0.588,0.283,8,-12.663,1,0.0364,0.863,0.0,0.121,0.284,82.044,4,indie
3pXVWgkWybiGchdKGYDgdl,Glass Animals;iann dior,Heat Waves (with iann dior),Heat Waves (with iann dior),62,175301,False,0.655,0.716,8,-5.077,0,0.0897,0.476,0.0,0.479,0.521,80.813,4,indie
5CPXR6lDTvngxtmMZxnWmC,Dream Theater,Images and Words,Pull Me Under,62,493933,False,0.532,0.941,9,-9.025,1,0.0465,0.000579,0.0527,0.15,0.278,102.198,4,classical
0QpOqKz66ZxHNqj2PPHiFF,Claire Rosinkranz,BeVerly Hills BoYfRiEnd,Backyard Boy,62,129240,False,0.817,0.634,5,-7.246,1,0.162,0.321,0.0,0.0735,0.453,138.015,4,indie
7FCthfxjvvXyukvP1dULIW,Shania Twain,Greatest Hits,You're Still The One - Remixed/Remastered 2004,62,194866,False,0.545,0.597,3,-5.748,1,0.0336,0.3,0.0,0.0783,0.559,133.678,4,country
7BuSE9uTIw931wtZYzvZcQ,Sebastian Yatra;Daddy Yankee;Natti Natasha;Jonas Brothers,Runaway,Runaway,62,200693,False,0.756,0.851,2,-3.33,1,0.0674,0.0336,0.0,0.126,0.934,75.014,4,reggae
6uTb5oNK9RkTjxmh73W7MG,Thomas Rhett,Tangled Up,Die A Happy Man,62,227426,False,0.595,0.389,2,-9.245,1,0.0349,0.418,1.39e-06,0.116,0.4,166.052,4,country
2yBWKK84uebv35lGajIMhc,Thomas Rhett;Katy Perry,Where We Started,Where We Started,62,182026,False,0.6,0.533,2,-6.555,1,0.0256,0.272,0.0,0.0927,0.626,139.94,4,country
6ZahaGPhyiXTi1pLEtGM6e,bülow,Sweet Little Lies,Sweet Little Lies,62,175066,True,0.648,0.727,0,-3.791,1,0.142,0.229,0.0,0.17,0.689,160.024,4,indie
7MhNCT34oaLIxwAsZlZd67,Halsey;Juice WRLD,Manic,Without Me,62,228951,True,0.744,0.514,6,-6.103,1,0.0746,0.355,0.0,0.183,0.449,136.013,4,indie
7lgvGRC1gN0JGgY9VGXsQT,Dirty Heads,SWIM TEAM,Vacation,62,209721,True,0.736,0.751,8,-5.588,1,0.034,0.0381,0.0,0.105,0.839,150.064,4,reggae
3ObWIAbtVhxTPguDsHT9vf,Three Four Trio,A Simple Book,Evening Silence,62,267893,False,0.432,0.137,8,-16.853,1,0.0318,0.96,0.906,0.121,0.111,89.117,4,jazz
3oHSL6pt9LpNrQZuQGu9wL,"Wolfgang Amadeus Mozart;Michael Finnissy;Academy of Ancient Music;Stephen Cleobury;Choir of King's College, Cambridge",Mozart: Requiem Realisations,"Requiem, K. 626: Lacrimosa",62,169666,False,0.162,0.0898,2,-23.269,0,0.0354,0.944,0.917,0.187,0.0413,132.047,3,classical
52AHKfP6qQ3feLjPCDTiRI,Ozuna;Pedro Capó,OzuTochi,Mar Chiquita,62,204413,False,0.713,0.76,0,-4.628,0,0.0421,0.304,1.79e-05,0.0656,0.668,98.015,4,reggae
5br09BQU134gRX5M6HMnmr,Ozuna;TINI,OzuTochi,Un Reel,62,203840,False,0.715,0.744,9,-4.963,1,0.0487,0.233,0.000159,0.122,0.746,163.005,4,reggae
5PgBTczNS4lpNmHVaPPqoU,Ozuna,OzuTochi,Días y Meses,62,192320,False,0.842,0.579,1,-5.504,1,0.0556,0.119,0.126,0.137,0.7,95.005,4,reggae
3D8dwH690MXQRhtIZTSS9c,John Denver,John Denver's Greatest Hits,"Leaving, On a Jet Plane - ""Greatest Hits"" Version",62,245533,False,0.406,0.188,7,-13.039,1,0.0324,0.852,0.0,0.105,0.629,120.757,4,country
4Q7Q9bmbY5Lo7YamHngO4O,Bombay Jayashri,Rehnaa Hai Terre Dil Mein,Zara Zara,62,298266,False,0.643,0.268,11,-15.073,0,0.09,0.593,2.06e-06,0.316,0.62,143.813,4,classical
4C426PqeHP8XqHU5mQIAKS,"Grover Washington, Jr.;Bill Withers",In the Name of Love: The Elektra Recordings 1979-1984,Just the Two of Us,61,237106,False,0.802,0.488,1,-9.304,1,0.0813,0.572,0.0598,0.0763,0.624,95.77,4,jazz
4rfh0qEv1HdKRXWiRXfzWF,Harry James,Texas Chatter,"It's Been a Long, Long Time",61,205773,False,0.277,0.216,0,-9.66,1,0.03,0.945,0.00116,0.325,0.362,75.258,4,jazz
6Ln89sczgIcAJXGAIdS94R,Anuv Jain,Riha,Riha,61,287323,False,0.389,0.148,3,-11.011,1,0.03,0.897,0.0,0.114,0.4,142.611,4,indie
46elU7IBKWf55D5sjHGqO7,Joi Barua;Suraj Jagan,Zindagi Na Milegi Dobara,Dil Dhadakne Do,61,230318,False,0.778,0.599,2,-4.758,1,0.032,0.0705,0.0,0.59,0.949,116.951,4,indie
5ta8NyQiixodcCinI6jjS6,Florida Georgia Line,Life,Life,61,232464,False,0.485,0.663,7,-5.759,1,0.0338,0.0686,0.0,0.129,0.38,142.921,4,country
4m6OC8u2rC6LMFtFWsME7d,Chet Baker,Chet Baker Sings,Time After Time - Vocal Version,61,166760,False,0.501,0.0454,0,-18.783,1,0.0388,0.938,3.76e-05,0.2,0.255,99.783,4,jazz
64ta7ZvTJeThz7Ns4LmAHS,Wolfgang Amadeus Mozart;Academy of St. Martin in the Fields;Sir Neville Marriner,Amadeus,"Symphony No. 25 in G Minor, K. 183: I. Allegro con brio",61,460026,False,0.428,0.237,7,-13.764,0,0.0351,0.987,0.896,0.0849,0.357,79.904,4,classical
5NetSTs4dgiR6GLrZOQcwJ,Becky G,Can't Stop Dancin',Can't Stop Dancin',61,198852,False,0.645,0.669,0,-7.946,0,0.0638,0.00545,0.00138,0.0997,0.568,100.052,4,reggae
4vLYewWIvqHfKtJDk8c8tq,Miles Davis;John Coltrane;Cannonball Adderley;Bill Evans,Kind Of Blue (Legacy Edition),"So What (feat. John Coltrane, Cannonball Adderley & Bill Evans)",61,562640,False,0.532,0.151,0,-17.266,1,0.0376,0.706,0.00136,0.116,0.211,136.759,4,jazz
7GHf8dQ2wA71wYOuRsQCZP,The Cascades,Rhythm Of The Rain,Rhythm of the Rain,61,146360,False,0.659,0.66,0,-8.337,1,0.0441,0.627,0.000217,0.136,0.672,116.634,4,r-n-b
1XazlqB4YAtvouCmJPWXlM,Brett Eldredge,Illinois,Wanna Be That Song,61,236226,False,0.518,0.686,9,-4.911,1,0.0313,0.114,0.0,0.114,0.334,144.065,4,country
5fjoMV6IwPKFsmm0LQuv0m,David J,Lost My Heartbreak,Lost My Heartbreak,61,157213,False,0.56,0.802,11,-5.428,1,0.0373,0.0863,0.0,0.116,0.423,103.059,3,country
5BJSIhaHPpnTkAahlmOQ1h,Eric Ethridge,Eric Ethridge,If You Met Me First,61,193832,False,0.31,0.552,9,-5.967,1,0.0303,0.344,0.0,0.0689,0.244,145.908,4,country
0QGwOFQChzflLAmPq5NwKo,Dion & The Belmonts,Presenting Dion And The Belmonts,A Teenager In Love,61,158253,False,0.555,0.377,1,-9.123,1,0.0295,0.671,0.0,0.128,0.619,78.986,4,r-n-b
1sM0yZDxUhPQhkDh2CLd6l,Ricky Nelson,Rick Is 21,Travelin' Man - Remastered,61,143200,False,0.723,0.44,2,-10.536,1,0.0319,0.667,0.0,0.128,0.843,123.217,4,r-n-b
6HjF1gzVEZMb4GplnGl9B3,Dan + Shay;Justin Bieber,"10,000 Hours (with Justin Bieber) [Piano]","10,000 Hours (with Justin Bieber) - Piano",61,172320,False,0.426,0.366,10,-6.514,1,0.0312,0.765,0.0,0.117,0.386,179.736,4,country
1bHhB1E62CqbM3uVZVvaEl,Becky G,Bella Ciao,Bella Ciao,61,160177,False,0.667,0.754,9,-2.861,0,0.0715,0.214,0.0,0.0532,0.693,104.987,4,reggae
7qUv2Tq895aJc6g4O1F6Zs,Ozuna,OzuTochi,Vida,61,152626,False,0.728,0.577,1,-5.371,0,0.0538,0.0502,0.000309,0.0589,0.318,169.988,4,reggae
7Hr9ke37qeKfCajWSZ4iet,Ozuna;Nesi,OzuTochi,La Suzi,61,155933,False,0.541,0.544,11,-7.559,0,0.258,0.28,0.0115,0.289,0.456,98.015,4,reggae
7vd1j4IDTU0koES9M8dvBQ,Yiruma,Yiruma 3rd Album 'From The Yellow Room' (The Original & the Very First Recording),Kiss The Rain,61,260653,False,0.56,0.0519,8,-22.616,1,0.0423,0.99,0.905,0.117,0.182,132.691,4,classical
1MOOJuxUu9QiQE9GgkYYPb,Spencer Crandall,Wilderness,My Person,61,177000,False,0.567,0.753,7,-5.291,1,0.0487,0.0894,0.0,0.13,0.756,165.966,4,country
6aiHF2IbJr6lG4Vu9em8KF,Imagine Dragons;Kaskade,Believer (Kaskade Remix),Believer - Kaskade Remix,61,190893,False,0.73,0.634,10,-5.084,0,0.0509,0.181,2.24e-06,0.118,0.182,126.022,4,rock
5Os2tLxqWCi3FexbWdWDAm,Ozuna,OzuTochi,Te Marchaste,60,240026,False,0.738,0.67,5,-4.407,0,0.0792,0.487,3.25e-06,0.295,0.475,90.004,4,reggae
7k6tAZp4m93oswrPqSfBbc,Thomas Rhett;Kane Brown;Ava Max,SCOOB! The Album,On Me (feat. Ava Max),60,164683,False,0.548,0.721,8,-4.466,1,0.0472,0.0119,0.0,0.216,0.594,177.918,4,country
6wwT3PgG3eFuKCpxzjMJFs,Becky G;Burna Boy,Rotate,Rotate,60,201940,False,0.91,0.856,11,-2.082,0,0.157,0.0346,0.000223,0.0624,0.771,109.029,4,reggae
1UvaZaHkh3D9AkmBrrnbFg,Wolfgang Amadeus Mozart;Lisa Beckley;Elena Filipova;Magdaléna Hajóssyová;Peter Mikulas;Michel Piquemal;Gloria Scalchi;Michel Piquemal Vocal Ensemble;Hungarian State Opera Chorus;Oxford Schola Cantorum;Slovak Philharmonic Chorus;Hungarian State Opera Orchestra;Orchestre De La Cite;Oxford Camerata;Slovak Philharmonic,Requiem - Music To Die For,Lacrimosa,60,205493,False,0.0847,0.0856,2,-24.716,0,0.0405,0.964,0.592,0.289,0.0764,84.245,4,classical
7M9pPyt8Gr41THLhbz4NSB,Nina Simone,Broadway-Blues-Ballads,Don't Let Me Be Misunderstood,60,166200,False,0.388,0.501,11,-11.296,0,0.0731,0.778,0.0,0.305,0.532,158.348,4,jazz
4ISfM2xZuOc9YEtiCqty7Y,Ozuna,OzuTochi,La Copa,60,154626,False,0.918,0.788,0,-4.581,1,0.036,0.117,0.000198,0.0996,0.956,126.016,4,reggae
3cR5ZtQ4JqGj4VHBb1gvFf,CNCO;Meghan Trainor;Sean Paul,Hey DJ (Remix),Hey DJ - Remix,60,189363,False,0.564,0.89,5,-4.286,1,0.107,0.0918,0.0,0.0819,0.636,180.112,4,reggae
0FB5ILDICqwK6xj7W1RP9u,The Script,#3 Deluxe Version,Hall of Fame,60,201093,False,0.511,0.872,10,-4.414,1,0.0491,0.0807,0.0,0.0975,0.511,84.953,4,rock
6yKkA8HzwWTZ5taIMaG4Nm,Bill Evans Trio,Waltz For Debby [Original Jazz Classics Remasters] (OJC Remaster),My Foolish Heart,60,297320,False,0.395,0.121,9,-23.427,1,0.0327,0.935,0.397,0.697,0.139,114.521,4,jazz
22x5EpcJkfE3SHBONJG6FS,CHEHON,BEST,韻波句徒,60,291440,False,0.806,0.863,10,-2.679,0,0.0518,0.408,0.0,0.0755,0.928,122.03,4,reggae
3pjW5482iWgJVqQOpu4AG9,Tony Dize,El Doctorado,El Doctorado,60,263187,False,0.721,0.773,10,-6.283,1,0.0368,0.053,0.0,0.484,0.75,120.007,4,reggae
4gFlHAye7To29Fs4UszQUH,Chet Baker,Chet Baker Sings,I Get Along Without You Very Well (Except Sometimes) - Vocal Version,60,179640,False,0.442,0.033,10,-23.063,1,0.041,0.922,0.000171,0.151,0.21,103.34,3,jazz
7h8N0QlHxIEYfnHDVps8dS,Phlocalyst;Myríad,Afternoon Jazz,Nuit Douce,60,153750,False,0.661,0.221,7,-14.398,1,0.034,0.805,0.886,0.0929,0.158,127.994,3,jazz
5k0xcYedZDXWe48vkgehCc,Busy Signal;Oh Gosh,Perfect Spot (Oh Gosh Remix),Perfect Spot - Oh Gosh Remix,59,184421,False,0.862,0.792,6,-6.177,1,0.0651,0.188,0.00221,0.0882,0.741,94.991,4,reggae
11y8GSP2ASv8S9n0FiiDva,Juice Newton,Juice,Angel Of The Morning,59,250440,False,0.452,0.313,8,-9.309,1,0.026,0.433,2.6e-05,0.0772,0.344,75.806,4,country
4u4EnZpoThBaxVRLMHyVOA,Ozuna,OzuTochi,Cielos Rosado,59,182840,False,0.86,0.72,6,-6.191,0,0.0454,0.0234,0.168,0.377,0.23,120.0,4,reggae
2bPWLtJe3v33z1j40sWB8a,Kris Bowers;Hillary Smith,Bridgerton (Covers from the Netflix Original Series),Strange (feat. Hillary Smith),59,198640,False,0.251,0.15,2,-15.076,1,0.0342,0.989,0.972,0.113,0.0727,70.453,4,jazz
3tp3ij9dtY3CacQgd1OvRf,Bombay Jayashri;Swattrex,Hindi LoFi Vibe,Zara Zara - LoFi Chill,59,387716,False,0.583,0.308,7,-18.303,0,0.0465,0.581,0.0106,0.257,0.241,118.226,4,classical
72HdutlIHBZJ7WT1xVAAZT,Shankar;Ehsaan;Loy;Alisha Chinai;Shankar Mahadevan;Gulzar,Bunty Aur Babli,Kajra Re,59,482586,False,0.484,0.898,0,-4.132,1,0.164,0.365,0.0,0.091,0.68,91.975,4,classical
5dvBeCMTzUNjyWIcuykzyh,Kaiser Chiefs,Employment,Everyday I Love You Less And Less,59,217706,False,0.49,0.956,1,-4.556,0,0.0407,0.00466,6.15e-06,0.242,0.577,160.028,4,rock
1QELw50Dl95LusF6uOkDqk,Michael Bublé;Cécile McLorin Salvant,love (Deluxe Edition),La vie en rose (feat. Cécile McLorin Salvant),59,229963,False,0.459,0.267,0,-8.948,1,0.0294,0.807,0.0,0.119,0.342,63.378,4,jazz
1PpbrbgsXRXeKw1GnZMEv7,Don Williams,I Believe In You,I Believe In You,59,246440,False,0.512,0.212,7,-21.426,1,0.0483,0.88,0.00573,0.115,0.51,117.756,3,country
5eQtR62IZ8P8qZM2pSD9Ip,Shania Twain,Up! (Red and Green Versions),Forever And For Always,59,283000,False,0.469,0.722,6,-4.806,1,0.0326,0.232,0.0,0.123,0.529,85.984,4,country
6yhLR2sVn1IfsScVrR4ocr,Doris Day;Frank DeVol & His Orchestra,With A Smile And A Song,"Whatever Will Be, Will Be (Que Sera, Sera) (with Frank DeVol & His Orchestra)",59,123360,False,0.416,0.341,9,-10.749,1,0.0391,0.864,0.0,0.724,0.776,177.229,4,jazz
4p7na6NSU0F7lMOhx9kg9k,Kris Bowers,Bridgerton Season Two (Covers from the Netflix Series),Material Girl,59,244339,False,0.588,0.155,0,-20.621,1,0.0321,0.633,0.694,0.0748,0.404,136.482,4,jazz
3PQLYVskjUeRmRIfECsL0X,Bob Marley & The Wailers,Natty Dread,No Woman No Cry,59,226240,False,0.898,0.365,0,-10.452,1,0.0462,0.159,9.28e-06,0.132,0.563,98.53,4,reggae
33es3TwcRecbr3mJrEc8nw,Phlocalyst;Hoogway;Akīn,Afternoon Jazz,Rising,59,141971,False,0.366,0.398,4,-9.75,1,0.0758,0.785,0.846,0.111,0.0399,70.915,4,jazz
4nbILrYODP667b3d66ZMzI,Dean Martin,"Hey, Brother Pour The Wine",Sway (Quien Sera),59,162960,False,0.601,0.239,2,-12.175,0,0.0384,0.727,1.43e-06,0.0748,0.569,120.036,4,jazz
7xfSCgVOkQJhVxnqzepATH,Ludwig van Beethoven;Luke Woodapple,Peaceful Moments (One Hour of Relaxing Instrumentals),"Moonlight Sonata (First Movement from Piano Sonata No. 14, Op. 27 No. 2)",59,294883,False,0.216,0.199,1,-20.583,0,0.044,0.991,0.916,0.095,0.339,178.876,3,classical
6APAPsBCutqTFJ9OFTbeCa,Bombay Jayashri,Kaakha Kaakha (Original Motion Picture Soundtrack),Ondra Renda,59,306626,False,0.642,0.562,9,-9.304,0,0.0607,0.584,0.0,0.104,0.671,149.82,4,classical
5dwANCHdFm9JGImYZd3ZGH,Zmeyev;Screen Jazzmaster;DreamBetter,The Calm Place,The Calm Place,59,156000,False,0.687,0.201,7,-9.523,0,0.301,0.619,0.917,0.0896,0.32,158.7,4,jazz
0stPNUkU1LZnvxIcfrKnEZ,Carrie Underwood;Ludacris,The Champion,The Champion,59,223998,False,0.663,0.875,6,-3.301,1,0.183,0.0821,0.0,0.124,0.51,91.056,4,country
3wMJQ5qeN02ljNn3lRMVka,Scott Bradlee's Postmodern Jukebox;Haley Reinhart,Selfies on Kodachrome,Habits,59,215866,False,0.548,0.364,5,-9.465,1,0.0547,0.86,0.0,0.385,0.506,116.556,4,jazz
375PG35fYzLTG6jkrJbegL,Lil Tjay,True 2 Myself,Mixed Emotions,59,181746,True,0.644,0.502,10,-9.57,1,0.42,0.394,0.0,0.142,0.431,113.93,5,r-n-b
0zREtnLmVnt8KUJZZbSdla,K'NAAN,Troubadour,Wavin' Flag,59,220520,False,0.625,0.699,0,-6.416,1,0.0729,0.13,0.0,0.238,0.717,75.974,4,reggae
77Bt2DXJE1R1qsnm4D10Ox,Seaforth,Breakups,Breakups,59,223129,False,0.531,0.552,1,-5.945,1,0.0309,0.436,0.0,0.0786,0.328,74.931,3,country
5BMOKxB68b72YxWVnbq6Zf,Elliott Jacqués,Finding Beauty,Afterthought,59,149026,False,0.367,0.103,4,-27.538,1,0.0392,0.98,0.951,0.11,0.0412,64.925,4,classical
3zIuHdD8dkh1vPxQu334T7,John Coltrane,Blue Train,Blue Train,59,643127,False,0.503,0.286,8,-15.425,1,0.045,0.643,0.00112,0.156,0.569,136.098,4,jazz
0UsdtLayy7SqJ4rUsDMRk8,Doris Day,With A Smile And A Song,"Perhaps, Perhaps, Perhaps",59,151706,False,0.616,0.271,9,-12.215,0,0.0414,0.759,8.47e-06,0.0781,0.649,104.519,4,jazz
7t3q4ghl6rphMXn0oOJhUr,Michael Bublé;Meghan Trainor,Nobody but Me (Deluxe),Someday (feat. Meghan Trainor),58,203453,False,0.671,0.539,7,-6.08,1,0.0392,0.18,0.0,0.0748,0.934,94.98,4,jazz
7wrYBASu0OoxoDErd4Edxd,Bombay Jayashri,Rehnaa Hai Terre Dil Mein,Zara Zara,58,298266,False,0.643,0.268,11,-15.073,0,0.09,0.593,2.06e-06,0.316,0.62,143.813,4,classical
5fqDXVrqZRCtyOVFQBONc6,Konteks,Outer,Backdrop,58,149333,False,0.782,0.293,11,-10.533,0,0.0496,0.142,0.782,0.0387,0.203,89.958,4,jazz
5rpHwF87dqpsMchcuknrnW,Phlocalyst,Daylight,Daylight,58,172747,False,0.78,0.334,0,-12.921,1,0.369,0.77,0.83,0.115,0.383,91.079,4,jazz
0yEGDxJqqwRq2n1DCbUIAM,Mr. Käfer;Eu93ne,Inner Courage,Inner Courage,58,172000,False,0.716,0.321,7,-10.609,1,0.0814,0.911,0.912,0.1,0.964,144.041,4,jazz
4vfzROmNsxedKICcHod5Rh,Ini Kamoze,On Your 90's Radio,Here Comes the Hotstepper,58,244813,False,0.852,0.537,7,-7.424,1,0.114,0.0328,0.000248,0.229,0.483,100.369,4,reggae
6KpO4neDXxGdiEgsivZieY,Ludovico Einaudi;Robert Ziegler;Royal Philharmonic Orchestra,Divenire (Deluxe Edition),Divenire,58,402240,False,0.14,0.217,7,-15.304,1,0.0352,0.909,0.855,0.0689,0.078,88.381,4,classical
2PGYNCB7e3bC7AP0WMJiUI,Music Travel Love,"Take Me Home, Country Roads (Acoustic)","Take Me Home, Country Roads (Acoustic)",58,193055,False,0.703,0.316,10,-8.779,1,0.0332,0.736,0.0,0.222,0.645,94.03,4,country
4PlkeOWaeaS9e0R2DvZUgc,Ozuna;El Cherry Scom,OzuTochi,Perreo y Dembow,58,162026,False,0.913,0.722,7,-2.949,1,0.0576,0.0171,0.0978,0.139,0.545,110.015,4,reggae
3VWNwd48T1J9VR7cpcx4s1,Dan Seals,San Antone,One Friend,58,117040,False,0.459,0.0565,2,-20.923,1,0.0371,0.815,0.0,0.105,0.386,125.151,4,country
0LOgt6yDDGGBHSWvlKbdHo,Music Travel Love,"Covering the World, Vol. 3",You Are My Sunshine,58,210727,False,0.64,0.315,8,-9.422,1,0.0328,0.655,1.63e-06,0.108,0.584,152.06,4,country
2y8pG9CF0HC4cttJ50Pufk,"Nas & Damian ""Jr. Gong"" Marley",Distant Relatives,Patience,58,345093,False,0.792,0.639,4,-8.087,0,0.0431,0.204,0.0186,0.0964,0.315,124.209,4,reggae
5pvy8p5jyXqr6bjzQRDPjm,Ozuna;Tokischa;Louchie Lou;Michie One,OzuTochi,Somos Iguales,58,172413,False,0.836,0.64,1,-4.14,1,0.0809,0.0301,0.000249,0.311,0.435,97.013,4,reggae
5sp2ZYNA1EwmC6CA3CGxiq,Music Travel Love,"Covering the World, Vol. 1",When You Say Nothing at All (Live in Nashville),58,215850,False,0.717,0.397,8,-8.614,1,0.0269,0.743,0.0,0.112,0.48,94.072,4,country
7Cg3F9ZsZ2TYUnlza49NYh,Bonobo,Black Sands,Kong,58,237826,False,0.542,0.749,6,-8.333,0,0.0277,0.173,0.942,0.315,0.674,94.031,4,jazz
64MgjDp6ijaLvS3T83JHX9,Dean Martin,Dean Martin Sings,That's Amore - Remastered,58,188106,False,0.352,0.157,10,-12.571,1,0.0337,0.771,0.0,0.108,0.571,157.895,3,jazz
4Y6pdMS2PwGshq1MYcJ9fC,Ricky Nelson,For Your Sweet Love,I Will Follow You,58,146133,False,0.671,0.442,0,-11.595,1,0.0332,0.758,1.63e-05,0.108,0.749,120.774,4,r-n-b
6KRddNr4XlooytDWtefT7L,Oh Honey,With Love - EP,I Love You Will Still Sound The Same,58,207123,False,0.607,0.737,3,-5.714,1,0.0309,0.0348,0.0,0.119,0.702,113.96,4,r-n-b
6tbNaE7kvGNqS7FvJ0dzLB,Jana Kramer,thirty one,I Got the Boy,58,201013,False,0.625,0.569,0,-5.954,1,0.0271,0.26,0.0,0.127,0.361,149.987,4,country
0dn7lN2ky5BnUJNoELXh3i,Michael Forster,Piano Chill,Cornfield Chase - Piano-Cello Version,57,124453,False,0.325,0.216,9,-17.214,0,0.0352,0.977,0.861,0.128,0.109,99.635,3,classical
0XCm6GKaDufW9S1LPNOUnI,The BREED,Sunday Vibe,Sunday Vibe,57,100038,False,0.67,0.456,5,-10.751,0,0.0673,0.279,0.895,0.0984,0.589,80.974,4,jazz
4KCGYOHGExcKUlFkNajeVO,Oaty.,Goiaba,Goiaba,57,139805,False,0.757,0.679,10,-9.74,0,0.0864,0.619,0.828,0.109,0.374,103.016,4,jazz
5DAjrJqXqYtgr67pVhmUeR,Bonobo,Migration,Kerala,57,237546,False,0.529,0.739,7,-9.578,0,0.0718,0.0237,0.607,0.171,0.138,124.75,4,jazz
0mHKNruyEQ4NgVpnqov5wv,Dpsht,Poppy,Poppy,57,104797,False,0.798,0.172,6,-14.949,1,0.0998,0.894,0.918,0.109,0.433,147.838,4,jazz
5eF05n2gqGMhPPaylRsrrU,Zmeyev;Screen Jazzmaster,Distant Stars,Distant Stars,57,120000,False,0.696,0.308,11,-11.769,0,0.29,0.659,0.793,0.0892,0.757,79.949,4,jazz
4pMRIhO6qGmtEIBurzIutp,Restless Road;Kane Brown,Restless Road - EP,Take Me Home (with Kane Brown),57,201749,False,0.397,0.508,9,-7.305,1,0.0384,0.443,0.0,0.135,0.323,89.862,4,country
4RMcbb9ITtAESFO6Sg0DLo,RLLBTS;Run Wallace;Golden Ticket Tapes,Sunflakes,Sunflakes,57,134318,False,0.697,0.575,0,-9.67,0,0.0406,0.00291,0.612,0.106,0.685,88.014,4,jazz
1naVD19eofGpFf6wosmHIe,Perry Como,It's Impossible,And I Love You So,57,197626,False,0.415,0.22,8,-17.47,1,0.0261,0.878,0.651,0.125,0.268,90.267,4,jazz
6La3P2zp9KaW1d35hwm0Xh,TV On The Radio,Dear Science,DLZ,57,228706,False,0.513,0.88,8,-4.028,0,0.0445,0.0308,0.0025,0.108,0.542,176.069,4,r-n-b
0UPBidRYcgJ2mjZlk08V8x,Lil Tjay,F.N,F.N,57,224000,True,0.562,0.502,6,-10.269,0,0.255,0.323,0.0,0.0757,0.322,120.104,1,r-n-b
7ySh3j4kcq2mtxfjshPJSG,Don Williams,Lord I Hope This Day Is Good,"Lord, I Hope This Day Is Good - Single Version",57,249906,False,0.526,0.388,2,-17.983,1,0.029,0.252,0.00137,0.114,0.702,173.82,4,country
02xd7yuAEiLOF7rt4zlPep,Yiruma,The Rewritten Memories,River Flows in You - Orchestra Version,57,285251,False,0.0863,0.201,4,-14.365,0,0.0355,0.915,0.943,0.113,0.0398,74.351,3,classical
60hGQrn24APqEFSLObLeDc,Tim McGraw;Taylor Swift;Keith Urban,Two Lanes Of Freedom,Highway Don't Care,57,279066,False,0.477,0.79,2,-5.348,1,0.0394,0.0261,0.0,0.0841,0.505,157.797,4,country
0KM3fzzUBVW0vW7RmFh28v,Connie Francis,The Collection,Stupid Cupid,57,134560,False,0.606,0.725,3,-7.019,1,0.0352,0.831,1.07e-05,0.0407,0.963,136.815,4,r-n-b
0Z9yS8hMAZ3cNeavV0KKpv,Diana Krall;Bryan Adams,Wallflower,Feels Like Home,57,261506,False,0.549,0.139,8,-12.539,1,0.0288,0.946,2.93e-06,0.145,0.34,92.994,4,jazz
5YWW66ptUmdgUNBKU72sgX,Maneva,Mundo Novo,Porta Do Teu Prédio,57,179031,False,0.751,0.637,10,-8.716,1,0.256,0.429,0.0,0.143,0.559,141.985,4,r-n-b
1WEniiBdhc7lT3qEBWCtvM,Dualizm;Grmmr.126,Es kommt zum Duell,Es kommt zum Duell,57,80563,False,0.689,0.532,5,-10.492,0,0.0607,0.21,0.919,0.0615,0.691,171.925,4,jazz
2uU4tNepmkbE5lyQ9d0zFZ,Kris Bowers,Bridgerton Season Two (Covers from the Netflix Series),Kabhi Khushi Kabhie Gham,57,208893,False,0.448,0.0588,1,-27.582,1,0.0328,0.625,0.952,0.132,0.418,95.997,4,jazz
1TAC5SANfK7l6wGHtUQ7MX,Caravan Palace,<I°_°I>,Lone Digger,57,229804,False,0.767,0.938,5,-4.433,0,0.0505,0.592,0.0193,0.118,0.868,123.992,4,jazz
0f1svjHSiaCJif6noKKVHa,Hunter Hayes,Hunter Hayes (Encore),Wanted,56,228840,False,0.421,0.476,0,-7.692,1,0.0298,0.268,0.0,0.0816,0.3,169.784,4,country
5BVwZQXdzWvit2FqwJ0RNz,Phlocalyst;Mr. Käfer,Don't Forget,Don't Forget,56,148000,False,0.65,0.252,0,-10.939,1,0.046,0.522,0.879,0.106,0.332,170.028,4,jazz
6t2gHlvw7kTK6M7M5f7S6K,Bonobo;Joji,Fragments,From You,56,210280,False,0.655,0.499,0,-10.039,0,0.0433,0.569,0.763,0.111,0.255,140.022,4,jazz
1ChcgTQZdf9ngSgZ9dmILP,Harish Raghavan;Mahathi,Ayan,Nenje Nenje,56,344234,False,0.669,0.509,9,-8.594,0,0.0277,0.493,0.000268,0.0804,0.376,114.969,4,jazz
6J4Y8Wvb631w5UVxa1xX8T,Don Williams,Visions,Some Broken Hearts Never Mend,56,170800,False,0.622,0.466,9,-14.558,1,0.0257,0.868,0.888,0.108,0.71,97.583,4,country
79yxkv3OXHrqvjJkadhOCm,Don Williams,You're My Best Friend,You're My Best Friend,56,169560,False,0.554,0.211,1,-15.603,1,0.029,0.923,0.000438,0.117,0.331,130.071,4,country
0mDGPYN5mD8189OTUNlMQT,Banda Cuisillos,Lo Mejor De,No Se Lo Digas A Ella,56,219573,False,0.49,0.625,2,-6.898,1,0.0423,0.503,4.45e-06,0.106,0.552,78.723,4,r-n-b
4qto2kJITIHyE086P4WtkU,Yiruma,The Best - Reminiscent 10th Anniversary,Kiss the Rain,56,300413,False,0.557,0.0958,8,-18.457,1,0.0542,0.99,0.872,0.145,0.202,112.819,4,classical
3gq98hzXfMGQ5VFIGJ1DoB,Haley Mae Campbell,Never Been in Love,Never Been in Love,56,179189,False,0.679,0.742,4,-4.149,1,0.0292,0.121,7.21e-05,0.322,0.869,147.829,4,country
3aKAdHDxhYu2gpbQMYSEkv,Collin Raye,Love Songs,"Love, Me",56,231626,False,0.6,0.242,0,-12.63,1,0.031,0.697,0.0,0.128,0.3,106.616,4,country
17M1JFSr2eEvo5dQnCIQim,Leo Sayer,The Show Must Go On: The Leo Sayer Anthology,More Than I Can Say - Remastered,56,222133,False,0.726,0.506,10,-12.77,1,0.0239,0.213,3.41e-05,0.332,0.72,96.5,4,country
52RNWUgJBF3LOqt3iw1s77,Dan + Shay,Glad You Exist (Acoustic),Glad You Exist - Acoustic,56,161786,False,0.538,0.386,11,-6.963,1,0.0309,0.797,0.0,0.119,0.653,184.022,4,country
6ifRkrDOVOl894U1YuuTfM,Music Travel Love;Francis Greg,I Want It That Way,I Want It That Way,56,191114,False,0.575,0.368,6,-7.436,0,0.0317,0.289,0.0,0.245,0.621,200.016,4,country
3LDkLpuxQlEuEiZmkxpr8S,The Handsome Family,Singing Bones,Far From Any Road,56,166493,False,0.707,0.556,9,-10.101,0,0.0303,0.19,0.0159,0.388,0.746,120.028,4,country
0S5cs4lAkx99tGjoWS4Jtk,The Platters,The Magic Touch: An Anthology,Only You (And You Alone),56,156666,False,0.486,0.231,3,-12.06,1,0.0354,0.936,0.0,0.125,0.303,80.049,4,r-n-b
7iaQV6plfQRead7XdleWM4,Caravan Palace,<I°_°I>,Aftermath,56,185869,False,0.614,0.663,8,-7.105,1,0.0406,0.23,0.00328,0.297,0.403,140.015,4,jazz
0NrXd3e8BRWhpyy9nsDQLF,Kaiser Chiefs,Employment,Modern Way,56,243626,False,0.536,0.764,1,-5.174,0,0.0393,0.0302,1.06e-05,0.104,0.294,147.585,4,rock
13cpOnmccZGVGFngLxYN4I,Kenny G,Breathless,Forever in Love,55,299493,False,0.343,0.318,5,-14.901,1,0.0312,0.336,0.158,0.17,0.11,81.993,4,jazz
2QGuFhaQDrGKqtkOgItDJS,Charlie Brown Jr.,Acústico (Ao Vivo),Zoio De Lula - Ao Vivo,55,224973,False,0.632,0.866,1,-5.445,0,0.0488,0.0556,5.75e-06,0.518,0.835,87.785,4,r-n-b
1OfHes9WQdGQSIgNwrqIAw,Tungevaag,Young Summer,Young Summer,55,156729,False,0.642,0.907,2,-3.26,0,0.0507,0.00768,6.43e-05,0.0696,0.357,107.06,4,r-n-b
7AHF3V7qRPhZV7gzJLZ3CL,Lester Young,The Complete Aladdin Recordings Of Lester Young,These Foolish Things - Remastered 1995,55,190933,False,0.593,0.103,10,-14.961,1,0.081,0.986,0.6,0.12,0.443,66.283,4,jazz
5JlqbEj7Bbh2RdZgcO5kJE,Matisyahu,Light,One Day,55,207573,False,0.346,0.61,0,-5.818,1,0.15,0.198,0.0,0.117,0.235,68.552,4,reggae
69kZsoRrSf7GBTSdJ4BjqA,Dream Theater,Images and Words,Another Day,55,263120,False,0.454,0.614,11,-10.41,1,0.0302,0.00223,1.16e-05,0.0936,0.343,140.56,4,classical
1K61P0kbiT6cJzh77NnxFg,Spencer Crandall,My Person,My Person,55,177000,False,0.567,0.757,7,-5.29,1,0.0485,0.0936,0.0,0.13,0.754,166.01,4,country
6YrAxoqTwEGmGI0NKQ4ugl,Zmeyev,Feelin' Good,Feelin' Good,55,132000,False,0.674,0.292,5,-13.884,0,0.0833,0.857,0.927,0.108,0.581,80.002,4,jazz
2YVn2wkwLYSVkSV6qgKIPg,Kevin Martes 13,Inmortal,Jarabe - Remastered,54,142814,False,0.666,0.828,10,-5.896,0,0.0564,0.0463,0.0,0.354,0.69,97.992,4,reggae
5VQtzkdA45dJW2DkSdo4UG,Kenia OS,Canciones Pa Mi Ex Vol.1,Tenía Que Llegar,54,179743,False,0.741,0.626,3,-7.962,0,0.129,0.36,0.0,0.111,0.362,92.992,4,reggae
2xtRlDiWDZw7B6JsdIdaER,Dominique Charpentier,Ouroboros,Ouroboros,54,150000,False,0.323,0.105,0,-21.784,1,0.0339,0.936,0.929,0.108,0.186,167.407,3,classical
4WMCn6s4BZZPfQT3DJbB47,Nana Ou-Yang,NANA I,The Best For You,54,238822,False,0.461,0.338,9,-9.458,1,0.0805,0.632,2.57e-05,0.0803,0.0997,184.143,3,classical
5tf3V8LihD79bK9Tg8d841,Julio Preciado Y Su Banda Perla Del Pacifico,Como Este Loco,Como Este Loco,54,221666,False,0.486,0.627,5,-4.161,1,0.0397,0.496,9.59e-05,0.0872,0.871,173.956,4,r-n-b
2wQBzAZdsaqDBbtwBk5MhA,DJ Nelson;Jose De Las Heras;Alejandro Armes;Babywine;Alberto Stylee,PAPI (feat. Babywine & Alberto Stylee),PAPI (feat. Babywine & Alberto Stylee),54,187092,False,0.909,0.716,1,-6.628,1,0.126,0.359,0.00224,0.106,0.417,105.078,4,reggae
7Eta1k8UzwooyJCB9stY1d,Caravan Palace,<I°_°I>,Comics,54,212596,False,0.554,0.848,1,-4.857,1,0.0815,0.000867,0.0298,0.42,0.561,89.999,4,jazz
5Xd9NVSspCkmCxa9gSAWu8,Harry James;Kitty Kallan,"You Want HARRY JAMES & HIS ORCHESTRA Well, Here It Is!","It's Been a Long, Long Time",54,203773,False,0.328,0.221,0,-9.7,1,0.0299,0.94,0.00135,0.301,0.369,77.147,4,jazz
6OSs0dmcVqVdeWOmsaA5g1,Jota Quest,Acústico Jota Quest,Fácil - Acústico,54,229540,False,0.556,0.537,7,-10.761,1,0.0282,0.377,0.0,0.757,0.313,95.914,4,r-n-b
7JGgKHHDgJCJkQCQxyHHdl,Bombay Jayashri;DJ Aftab,Hindi Slowed Reverb Bollywood Lofi,Zara Zara - Lofi,54,219437,False,0.608,0.638,11,-6.008,0,0.0292,0.581,0.0172,0.448,0.439,140.109,4,classical
7ycz6sgZWp4wvF53BZVTjE,Dream Theater,"Metropolis, Pt. 2: Scenes from a Memory",Scene Eight: The Spirit Carries On,54,398266,False,0.321,0.544,2,-7.179,1,0.0364,0.293,1.11e-05,0.11,0.283,127.284,3,classical
3x6wVKXfCm85Pw7gYo0rqq,Dean Martin;Dick Stabile And His Orchestra,The Capitol Years,That's Amore,54,188266,False,0.407,0.17,10,-13.409,1,0.0341,0.76,0.0,0.0737,0.577,124.047,4,jazz
2D3moQIIadQ0sQDNQej6Ko,Flora Matos;Chris Beats Zn,FLORA DE CONTROLE,SER SUA,54,155374,False,0.766,0.39,10,-9.57,0,0.106,0.642,1.36e-06,0.114,0.462,95.038,4,r-n-b
7w1RxkQtEwKYEoyQuaxfXW,J Balvin;Willy William;HUGEL,Mi Gente (Hugel Remix),Mi Gente - Hugel Remix,53,208773,False,0.948,0.673,9,-4.439,1,0.182,0.0555,0.000572,0.0739,0.785,119.974,4,reggae
3JRi5bymnIQ2fhIetoOm3r,Charlie Brown Jr.,Acústico (Ao Vivo),Só Por Uma Noite - Ao Vivo,53,190400,False,0.568,0.94,4,-6.414,1,0.0402,0.0366,0.00314,0.735,0.738,114.873,4,r-n-b
2fcgSnUoEvzDVxrQZMx0bu,TIA RAY;HOYO-MiX,Starfall (Honkai Impact 3rd Ost - Impressions),Starfall - Honkai Impact 3rd Ost - Impressions,53,191052,False,0.444,0.836,6,-4.183,1,0.106,0.205,0.000937,0.097,0.272,151.985,4,jazz
41W0wl8R09GtIJ9wO677kF,Banda Autentica de Jerez,La Mera Mera De Jerez,Erótico Y Romántico,53,188640,False,0.791,0.495,1,-5.837,1,0.0799,0.595,0.0,0.0862,0.825,140.835,3,r-n-b
2YpjoEkXlkT5TBM2T7Hzkh,Kenny G,The Moment,The Moment,53,361466,False,0.265,0.31,10,-12.247,1,0.0359,0.64,0.00349,0.185,0.194,181.174,4,jazz
55tehuewleUyLqkKuovHkQ,Roger Eno;Scoring Berlin,The Turning Year,Clearly,53,149976,False,0.336,0.052,3,-25.364,1,0.0283,0.952,0.955,0.0695,0.0366,62.748,4,classical
1UbzmkVajS4YyoJLuGP7q9,El Coyote Y Su Banda Tierra Santa,El Amo,Juan Ramos,53,177266,False,0.692,0.487,7,-6.708,1,0.0356,0.685,0.0,0.0601,0.98,108.009,1,r-n-b
4mecZsH7nSz3zUkqhdZTd6,Ludovico Einaudi;Daniel Hope;I Virtuosi Italiani,Isolate & Chill,Experience,53,312853,False,0.457,0.474,2,-9.245,1,0.0324,0.93,0.956,0.0679,0.0381,92.404,4,classical
4SrXpaZtMokUhhFkgzDMpK,Onze:20,A Nossa Barraca,Não Vai Voltar,53,239072,False,0.641,0.617,5,-7.411,0,0.0307,0.413,0.0,0.112,0.941,139.942,4,reggae
5bWZd1TOdlA1uOVhP6Vu0e,Emily Hackett;Will Anderson,Take My Hand (The Wedding Song) [feat. Will Anderson],Take My Hand (The Wedding Song) [feat. Will Anderson],53,238421,False,0.592,0.465,3,-10.008,1,0.0279,0.663,0.000776,0.0918,0.283,75.976,4,country
2CxmktXqJwP9KZv6WJtZCm,Keith Urban,Ripcord,Blue Ain't Your Color,53,230600,False,0.69,0.416,7,-7.865,1,0.0335,0.617,1.37e-06,0.102,0.479,82.45,3,country
3CLlelB1UWvrGYCyvdAA4B,Karakoram;Faris Shafi;Talha Anjum,Ye Dunya,Ye Dunya,52,312337,False,0.535,0.665,9,-7.67,0,0.0629,0.101,0.0,0.367,0.322,75.033,4,rock
7H7cWKQa3KpySFitL8bSkc,Don Williams,Portrait,Good Ole Boys Like Me,52,255880,False,0.658,0.325,9,-17.557,1,0.0282,0.712,0.00261,0.158,0.483,107.456,4,country
69O3Bdh6vBYY3cN3BwTH2Y,Joan Sebastian,"Tambora, Vol. 2",La Prietita Que Yo Quiero,52,169691,False,0.806,0.366,7,-8.779,1,0.0833,0.432,0.0,0.13,0.983,113.583,4,r-n-b
2KBudV1Lf6ZDIS9hi60Lc5,Rascal Flatts,Nothing Like This,I Won't Let Go,52,227760,False,0.557,0.406,4,-7.083,1,0.0278,0.742,0.0,0.113,0.222,131.96,4,country
7sm6y1cWTWjX3ke2WMQRAs,Edwin Luna y La Trakalosa de Monterrey,Doble Vida,Doble Vida,52,194293,False,0.757,0.707,3,-3.158,1,0.0352,0.475,0.0,0.0754,0.858,127.954,4,r-n-b
0QBFN6bzOfLb42ktCeffpN,Upchurch,Son of the South,Ghost,52,191425,True,0.788,0.572,11,-8.368,1,0.0606,0.705,0.000777,0.123,0.427,118.041,4,country
6tyU34BJC9IlDvYteFfvaN,Koe Wetzel,Harold Saul High,Powerball,52,255156,True,0.455,0.512,0,-8.65,1,0.0381,0.00846,0.0,0.165,0.0945,130.064,4,country
7dTIsyFZ6GFDRNxilprPXg,Anthony Lazaro,Moody Wind,Moody Wind,52,192260,False,0.766,0.38,4,-16.165,0,0.0409,0.756,0.0061,0.137,0.292,114.995,4,jazz
7jktxmkjQIRbiBzMmYv32E,Biquini Cavadão,1985/2007 Sucessos Regravados (Vol. 1),Tédio,52,200226,False,0.629,0.909,4,-6.125,0,0.0586,0.0129,0.000165,0.346,0.772,143.952,4,r-n-b
7hOfyNuj2dLc0HAEYVDIYS,Nicky Jam;Enrique Iglesias,Fénix,El Perdón - Forgiveness,51,206666,False,0.736,0.719,8,-3.839,1,0.0357,0.256,0.0,0.0909,0.656,90.013,4,reggae
4vpXjguMioKefak80ytICn,Jairo Vera,12:30,12:30,51,170571,False,0.802,0.771,6,-3.058,1,0.0675,0.00799,0.004,0.0999,0.794,91.993,4,reggae
3BSjclxC2Idsc5d8LsCJwj,Paul Anka,Las 66 Favoritas de Jose María Íñigo y José Ramón Pardo. Vol. 1 (1958-1961) [Remastered]],Put Your Head On My Shoulder (Remastered),51,158879,False,0.587,0.55,4,-4.967,0,0.0279,0.712,0.0,0.182,0.525,109.967,3,r-n-b
3Xomal5ygcaPbGUwVqVtEg,Frejat,Dose Dupla Frejat,Amor pra recomeçar,51,214626,False,0.564,0.856,7,-4.994,1,0.0363,0.215,0.0,0.337,0.726,120.528,4,r-n-b
1fpFEHZ7Yb2nwZkck7mhkv,Mariano Barba,Traigo Ganas,Traigo Ganas,51,162346,False,0.764,0.679,0,-3.619,1,0.0365,0.45,3.53e-06,0.0886,0.983,132.541,3,r-n-b
7K0Nelb1gfXMjaChQS1nzZ,Jota Quest,Acústico Jota Quest,Amor Maior - Acústico,51,235385,False,0.582,0.538,2,-9.395,0,0.0353,0.636,2.23e-06,0.868,0.355,76.008,4,r-n-b
0fiijtFXDJ9MOVwgSaEQJ5,Andy Grammer,Naïve,Don’t Give Up On Me,51,196187,False,0.64,0.537,0,-5.452,0,0.0282,0.0875,9.84e-06,0.11,0.0676,112.868,4,rock
1nS2gyHrXNqlCM7f1A90Pi,Bombay Jayashri,Theri (Original Motion Picture Soundtrack),Thaimai,51,166229,False,0.248,0.42,9,-11.747,1,0.0274,0.587,0.00473,0.108,0.218,84.013,3,classical
4Ylqc711Eq763XbTAOABu3,Doris Day;Frank DeVol & His Orchestra,Doris Day - Her Greatest Songs,"Que Sera Sera (Whatever Will Be, Will Be) [From ""The Man Who Knew Too Much""] (with Frank DeVol & His Orchestra)",51,124880,False,0.4,0.422,9,-9.16,1,0.0379,0.855,0.0,0.722,0.743,175.838,4,jazz
5eFFsShr8vchESCk8HGxvn,Art Farmer,Art,"Goodbye, Old Girl",51,274333,False,0.45,0.0288,7,-17.388,1,0.0467,0.994,0.895,0.118,0.358,130.838,4,jazz
7LyHLyC6mKKnSALH9QjWQZ,Jairo Vera,Pa K Te Enamore,Me Llamas,51,211337,False,0.717,0.521,9,-9.686,0,0.0401,0.022,0.00123,0.0903,0.202,99.986,4,reggae
6X9rlFcbOE0SsrarJ8PFMQ,Legião Urbana,Acústico (Ao Vivo Em São Paulo / 1999),O Teatro Dos Vampiros - Ao Vivo Em São Paulo / 1999,51,336733,False,0.543,0.358,7,-8.927,1,0.151,0.546,0.0,0.226,0.441,110.457,4,r-n-b
7lIvg01DpMhSik4eDb1VLF,Fidel Rueda,Se Cotiza Bien,Se Cotiza Bien,51,222404,False,0.711,0.525,7,-4.589,1,0.043,0.582,0.0,0.0851,0.928,150.215,1,r-n-b
7HMdbgEuBQHTcitMmhfmB9,MORADA,É Tudo Sobre Você (Ao Vivo),É Tudo Sobre Você - Ao Vivo,51,372173,False,0.397,0.746,9,-5.768,0,0.0382,0.257,0.0,0.703,0.165,137.821,4,reggae
3rNe2VTczeYzTi6BT3dwKT,Don Omar,Guayar Pegao,Dile,51,206986,False,0.822,0.744,9,-6.096,1,0.094,0.173,7.03e-05,0.0692,0.747,94.04,4,reggae
5l78PGbrC8CPSIEMlhGNR4,King Savagge,Discotete,Discotete,51,188750,True,0.873,0.743,9,-5.099,0,0.189,0.0918,3.71e-06,0.0817,0.881,96.084,4,reggae
0xSqHQ5wv80hNkpU50vPc7,Anthony Lazaro,Strangers in Disguise,Gravity,51,149285,False,0.442,0.14,10,-18.628,1,0.0594,0.922,0.000531,0.129,0.314,60.307,4,jazz
1aKSNq3Skm9MIIksjx5bFy,Charlie Brown Jr.,De 1997 A 2007,Vícios E Virtudes - Ao Vivo,51,189413,False,0.378,0.916,8,-7.516,1,0.0921,0.024,0.000381,0.988,0.622,93.065,4,r-n-b
1cMm0YeJSgTpodPSm2I5TT,Migue Flow;El Cherry Scom,Pa Miami,Pa Miami,51,134009,True,0.609,0.807,4,-0.792,0,0.338,0.0261,0.0136,0.33,0.631,159.055,5,reggae
6pMnEX2iBcqQtUyIl1L6Oo,Alan Jackson,Precious Memories,What A Friend We Have In Jesus,51,136493,False,0.449,0.174,2,-12.56,1,0.0292,0.903,0.0,0.124,0.288,143.37,4,country
73BfMRs1S03dkmzCIDJwIw,Rael;Cynthia Luz;Malibu,Teu Sorriso,Teu Sorriso,51,183265,False,0.661,0.567,11,-9.644,0,0.056,0.222,0.0,0.178,0.706,86.476,4,reggae
0EzEP3y1Q5XTFk4P2SZ60t,Upchurch,Creeker,Rattlin Chains,51,151307,True,0.244,0.754,10,-6.082,1,0.0646,0.0726,0.0,0.236,0.45,169.899,4,country
2HegWuw33lBqopjopozt7N,Charlie Brown Jr.,Acústico (Ao Vivo),O Preço - Ao Vivo,51,193933,False,0.417,0.959,3,-5.853,0,0.154,0.0741,0.000243,0.764,0.522,82.771,4,r-n-b
2DqZ957WcDhSfsQN3wt14S,Charlie Brown Jr.,Chegou Quem Faltava - Versão Completa (Ao Vivo),Three Little Birds - Ao Vivo - Chegou Quem Faltava,51,133653,False,0.638,0.7,8,-7.466,1,0.12,0.242,0.0,0.761,0.649,74.943,4,r-n-b
2EjxmOw1V5MZ40S7rCiHeP,Julio Preciado Y Su Banda Perla Del Pacifico,Tesoros De Coleccion - -Victor Cordero A Traves De Sus Mas Bellas Canciones Y Sus Mejores Interpretes,Dos Hojas Sin Rumbo,51,184693,False,0.782,0.39,8,-10.786,1,0.041,0.369,0.00031,0.0635,0.977,120.059,4,r-n-b
5a2lHMvRRwhQp2zSwtjNmq,Kenny G,Duotones,Songbird,51,303506,False,0.453,0.292,7,-16.777,1,0.0342,0.041,0.814,0.0977,0.125,135.387,4,jazz
0JuXDQ85bBXnjekwRpE4D4,Kid Abelha,Meio Desligado (Acústico),Por que não eu? - Acústico,50,205533,False,0.617,0.446,4,-11.506,1,0.0265,0.622,0.000309,0.14,0.294,133.272,4,r-n-b
3G7Y6YBp2OjIe8hez3HCoq,Nenhum De Nós,Histórias Reais Seres Imaginários,Amanhã ou Depois,50,203466,False,0.56,0.783,7,-5.695,1,0.0249,0.136,1.18e-05,0.329,0.734,94.008,4,r-n-b
0mFUqKd7VxTNNMfHefoxwS,Chuy Lizarraga y Su Banda Tierra Sinaloense;Marco Flores Y La Jerez,Me Hacían Falta Huevos,Popurrí: Las Vaquillas Cabronas,50,509826,False,0.801,0.844,1,-2.528,1,0.0387,0.292,0.000633,0.0837,0.871,113.005,3,r-n-b
51FJdn3qfNBgFhBpKdlqme,Jota Quest;Marcelo Falcão,Acústico Jota Quest,Você Precisa de Alguém (feat. Marcelo Falcão) - Acústico,50,246464,False,0.666,0.665,9,-8.448,0,0.0322,0.16,0.0,0.957,0.548,114.039,4,r-n-b
0FcYoRbrZ9eR2bc5nw6feN,Engenheiros Do Hawaii,Longe Demais Das Capitais,Toda Forma De Poder,50,195066,False,0.325,0.947,2,-7.304,1,0.115,0.174,0.0,0.116,0.593,202.846,4,r-n-b
5T9aWINkvC8GtmcFI2TZAb,Kail BRL;Tobal Mj,Mercedes,Mercedes,50,220212,False,0.847,0.631,4,-6.4,0,0.187,0.121,0.0,0.146,0.716,93.961,4,reggae
2E9kAui8OwLU50kCvLQtiE,Lasse Stefanz;N!NE,Peppelinos bar (EPA Remix),Peppelinos bar - N!NE EPA Remix,50,170560,False,0.603,0.918,0,-7.397,1,0.0446,0.00877,3.01e-06,0.0581,0.874,152.946,4,country
3Ob98mJElVwt9PwhuFqtIP,Raul Seixas,Bis - Raul Seixas,Cowboy Fora Da Lei,50,215426,False,0.43,0.744,7,-7.924,1,0.0707,0.0491,0.0,0.295,0.812,172.522,4,r-n-b
200gL9XQL8v2qF7aMPEJqf,Claude Debussy;Jean-Rodolphe Kars,Classical Music for the Background: Debussy,"Préludes / Book 1, L. 117: 8. La fille aux cheveux de lin",50,150440,False,0.285,0.00464,3,-38.222,0,0.0435,0.995,0.844,0.0582,0.216,72.32,3,classical
3po0bTgwYIsUIiYPGSJUZr,Upchurch,River Rat,Hank Hill,50,167979,True,0.786,0.798,7,-6.777,1,0.268,0.0579,0.0,0.247,0.714,89.997,4,country
2Ekzdvq7VEmWMDkxrYwKX7,Jairo Vera;Bayriton;Ignacio Green Clown;Paolo Ronaldo,Quieres Volver,Quieres Volver,50,242764,False,0.825,0.625,7,-7.235,1,0.0672,0.0202,0.0,0.217,0.86,105.053,4,reggae
15tIB5MPquBcVd4pAVlzm1,Hoffy Beats;Iamcloud,Levitation,Levitation,50,123347,False,0.701,0.015,10,-23.549,1,0.0561,0.863,0.927,0.0992,0.0364,125.019,4,jazz
0F6ajDDUlAepkLFIyBLS0W,Valentín Elizalde,Las Bandas Románticas,Aunque Te Enamores,50,234453,False,0.6,0.389,0,-7.982,1,0.0327,0.564,0.0,0.0846,0.811,150.309,4,r-n-b
4oMVO2Ykko5M6cU6yCAkNt,Edwin Luna y La Trakalosa de Monterrey,Me Hiciste un Borracho,Me Hiciste un Borracho,50,199764,False,0.547,0.577,3,-1.172,1,0.037,0.49,0.0,0.0699,0.776,169.853,4,r-n-b
2gOhhHSjm3iw4NFY43carm,Os Paralamas Do Sucesso,Acústico (Live),Caleidoscópio - Ao Vivo,50,256720,False,0.567,0.494,7,-11.309,1,0.046,0.245,0.00132,0.712,0.547,175.448,4,r-n-b
4k2AjlWruIygEiZyJEy01I,Os Paralamas Do Sucesso,Acústico (Live),Tendo A Lua - Ao Vivo,50,200826,False,0.492,0.794,5,-5.823,1,0.046,0.196,2.62e-06,0.873,0.683,167.815,4,r-n-b
1QJWQRagviM87ff3wQjBkP,O Rappa,Acústico MTV,Pescador de ilusões - Ao vivo acústico,50,306266,False,0.385,0.806,1,-8.967,1,0.0398,0.237,0.00566,0.933,0.693,106.628,4,r-n-b
1NoGgCGfH2Kg4p8DvWaFca,Koe Wetzel,Out on Parole,Gravedigger,50,240068,False,0.383,0.801,11,-6.309,0,0.0494,0.0404,0.0,0.285,0.506,134.866,4,country
5sq5LFHInGYFrzNPhdO1Ol,Don Williams,Expressions,Lay Down Beside Me,50,174346,False,0.496,0.196,7,-16.85,1,0.0284,0.631,0.0473,0.102,0.207,102.942,3,country
010189igJXAPKuys4itwaE,Marcelo Falcão,Viver (Mais leve que o ar),Senhor fazei de mim (Um instrumento de tua paz),50,140466,False,0.649,0.571,9,-6.198,0,0.027,0.241,1.08e-05,0.172,0.659,108.03,4,reggae
3y8stkhKVX4cFf66yr9QCw,Adan La Amenaza;Nickoog Clk,Que Nadie Se Entere,Que Nadie Se Entere,50,197015,False,0.848,0.744,5,-6.567,1,0.0546,0.0795,0.0,0.102,0.704,98.979,4,reggae
7rwjSbVKIhvcvU14gqnXGF,Kenia OS,Por Siempre,Por Siempre,50,185242,False,0.711,0.529,2,-6.867,1,0.0396,0.524,0.0,0.124,0.322,139.834,4,reggae
6rWsyS59S7nMaxkaCfHRZ0,Kristoffer Wallin;Simon Wester,Always Loved,Always Loved,50,149673,False,0.446,0.108,9,-22.114,1,0.0311,0.968,0.981,0.0664,0.245,111.943,4,classical
6sLjhkPpWeysV55XaaYE7e,Tony Dize;Plan B;Don Omar,Perreo De Halloween Vol. 2,Solos - Remix,50,224266,False,0.738,0.702,2,-5.405,0,0.0865,0.611,0.0,0.251,0.961,167.978,4,reggae
4qiiHAveTEHWvtxwGSPJaY,Banda Rancho Viejo De Julio Aramburo La Bandononona,La Sopa De Tu Propio Chocolate,La Sopa De Tu Propio Chocolate,50,234320,False,0.728,0.418,5,-6.852,1,0.0336,0.384,0.0,0.0931,0.883,145.171,3,r-n-b
6ozLwDnOkZBN1yir033PyG,El Coyote Y Su Banda Tierra Santa,Como una Huella Digital,La Loba del Mar,50,143880,False,0.799,0.736,8,-7.189,1,0.0582,0.283,0.000347,0.0265,0.975,106.539,3,r-n-b
1MDuXjpO68UVjbBzrTL1Aq,MAGIC!,Primary Colours,Red Dress,50,200800,False,0.653,0.795,10,-4.477,1,0.0336,0.0887,0.0,0.203,0.803,135.978,4,reggae
2oe1Sdca8nXPNzyTGqX7L3,Marcianeke,Ponte Pa Mí,Ponte Pa Mí,50,214467,True,0.843,0.469,7,-11.302,0,0.146,0.334,0.0,0.111,0.821,93.996,4,reggae
1modDYKBVY7mi6wo3vd6P4,Joan Sebastian,Joan Sebastian Con Tambora,Aunque Ya Tengas Marido,50,158241,False,0.731,0.328,0,-7.947,1,0.069,0.816,0.0,0.085,0.929,103.228,4,r-n-b
3Xx8DDgvddsYPnxTH2LXsd,Fresno,Redenção,Desde Quando Você Se Foi,50,216226,False,0.575,0.902,6,-3.092,1,0.0321,0.077,0.0,0.359,0.601,130.024,4,r-n-b
0zqWV67DuqFzLXiLJsAk9Z,Rakesh Chaurasia,Krishna Aur Kans,Enchanting Flute,50,197500,False,0.445,0.328,2,-14.203,1,0.0281,0.846,0.866,0.075,0.175,99.989,4,classical
2hHIB7iJW9Pj7sDNqZ2S3g,Valentín Elizalde,17 Exitos en Honor a Mi Padre,La Suavecita,49,195000,False,0.697,0.501,3,-9.477,0,0.0817,0.677,0.000621,0.0529,0.792,113.66,4,r-n-b
1LHuh8FGqIo4VqFPwq9Ck4,Edwin Luna y La Trakalosa de Monterrey,Dime Que Sí (Banda),Dime Que Sí - Banda,49,200146,False,0.59,0.532,4,-5.446,1,0.0293,0.504,0.0,0.145,0.584,145.973,3,r-n-b
6bBZw995lxv3abFz4Beada,Malito Malozo;Divino;Bayriton,Mac,Mac,49,281705,False,0.743,0.6,7,-7.466,0,0.0998,0.126,0.0,0.107,0.601,162.077,4,reggae
3wxYm9dG25xd0eAGAkqy7W,K'NAAN;Black Chiney,Wavin' Flag (Orange Monkey Version),Wavin' Flag - Black Chiney Remix,49,224533,False,0.597,0.913,0,-6.246,1,0.103,0.038,0.0,0.288,0.694,152.098,4,reggae
2CNSHg6E1xchwIuKuQLHtD,Marcelo Falcão,Viver (Mais leve que o ar),Mais leve que o ar,49,198040,False,0.554,0.735,7,-5.915,0,0.0527,0.434,3.32e-05,0.406,0.885,170.012,4,reggae
4s5FI0NH6yiJ85tatkCJ8h,Gabriel Elias;Roberta Campos,Me Beija,Me Beija,49,190937,False,0.674,0.428,2,-9.265,1,0.0344,0.597,0.0,0.128,0.601,120.039,4,reggae
7lfnnW74hr3PfOwbojgCnW,Hüsnü Arkan;Birsen Tezer,Kırık Hava,Öyle Bir Rüya,49,261000,False,0.372,0.475,4,-10.046,0,0.0298,0.142,4.97e-05,0.131,0.369,97.146,4,jazz
1VHjjOOllU87VRa8B2EWiX,Papas Da Língua,Papas Da Língua,Blusinha Branca,49,298453,False,0.601,0.899,9,-6.713,1,0.0651,0.213,0.0,0.721,0.779,170.098,4,reggae
3MWGKFL4mRTeaksWhbEngH,Flex;Mr. Saik,Perreo de Ayer,Dime Si Te Vas Con Él,49,235671,False,0.786,0.824,5,-5.405,0,0.055,0.255,0.000447,0.267,0.62,95.984,4,reggae
0vttfYDZ6uLi6kStSxkTrB,El Coyote Y Su Banda Tierra Santa,El Amo,El Federal De Caminos,49,146733,False,0.671,0.467,0,-7.025,1,0.0402,0.655,0.0,0.306,0.98,107.794,4,r-n-b
0kthROvKVawwpvLLJbDAtr,El Coyote Y Su Banda Tierra Santa,Se Tenia Que Decir Y Se Dijo,Se Tenia Que Decir Y Se Dijo,49,211341,False,0.564,0.485,8,-2.177,1,0.0404,0.52,0.0,0.0468,0.921,82.376,4,r-n-b
6iGnVMtuISrHb0SQyGe3YA,Charlie Brown Jr.,De 1997 A 2007,Tudo Que Ela Gosta De Escutar,49,174262,False,0.852,0.621,5,-3.843,0,0.0483,0.126,1.43e-05,0.038,0.896,115.374,4,r-n-b
5HnS5kHBcUEleSVO0IooQD,Agnes Nunes;Neo Beats,Cabelo Bagunçado,Cabelo Bagunçado,49,231000,False,0.494,0.442,9,-8.764,1,0.106,0.437,0.00049,0.111,0.4,89.506,5,r-n-b
14IzkK3IZfcIMWnriKclKo,Los Hermanos,Bloco Do Eu Sozinho,A Flor,49,207040,False,0.54,0.71,8,-9.179,0,0.0325,0.0856,0.00426,0.0578,0.403,134.719,4,r-n-b
0bLavFKcMljHzTJAx3sHNS,Capital Inicial;Seu Jorge,Capital Inicial Acústico NYC (Ao Vivo) [Deluxe],À Sua Maneira (De Música Ligera) (feat. Seu Jorge) - Ao Vivo,49,267120,False,0.582,0.813,0,-4.558,1,0.0295,0.0819,0.00119,0.902,0.345,109.934,4,r-n-b
4r2I7ioBFYcUezMRnPVlYx,SNJ,Somos Nos a Justica,Pensamentos,49,335974,False,0.702,0.675,10,-5.352,0,0.351,0.363,0.0,0.359,0.626,83.515,4,r-n-b
6Q4RJGUzVQym5RL5iq6627,Maneva,Mundo Novo,Outro Alguém,49,154431,False,0.687,0.675,7,-7.093,1,0.0578,0.337,6.64e-06,0.357,0.682,149.996,4,r-n-b
0VlvuqnBF8VRqT4iV1HekA,Sabotage;Negra Li,Rap É Compromisso (Edição Comemorativa),No Brooklin,49,347213,False,0.899,0.538,7,-9.458,1,0.466,0.0264,0.0,0.101,0.864,88.268,4,r-n-b
6UBSmORaOAviaRrMEZRNH9,Charlie Brown Jr.,Acústico (Ao Vivo),"O Que É Da Casa, É Da Casa / Papo Reto (Prazer É Sexo O Resto É Negocio) - Ao Vivo",49,272000,False,0.437,0.978,6,-5.107,1,0.0852,0.0104,0.000352,0.468,0.58,100.54,4,r-n-b
3w9rbjxB0vGRaEZH0G2qCo,Sabotage;Helião;Cascão;DJ Cia,Rap É Compromisso (Edição Comemorativa),Na Zona Sul,49,315493,False,0.892,0.519,9,-7.568,1,0.348,0.162,0.0,0.0938,0.653,84.14,4,r-n-b
4N8rEj0nz6oVhyv3aggHfP,Tihuana,Ilegal,Pula,49,182106,False,0.78,0.937,9,-4.108,1,0.147,0.0319,0.0,0.102,0.935,137.156,4,r-n-b
41jxXLrYhNsogBNYKHWLih,Maneva,Mundo Novo,Promete,49,180398,False,0.776,0.407,4,-8.282,1,0.0649,0.644,0.0,0.148,0.749,122.889,4,r-n-b
5uDxxT5hBxtOj7qTR0WCoB,Rita Lee;Zélia Duncan,Rita Lee 3001,Pagu,49,234666,False,0.691,0.749,2,-4.486,1,0.0378,0.176,0.0,0.518,0.48,129.623,4,r-n-b
1eCNpcWoOssZw8XqeTfPDH,William Clark Green,Hebert Island,Drunk Again,49,246120,False,0.473,0.603,7,-5.214,1,0.026,0.0225,9e-06,0.156,0.423,144.029,4,country
5nzZGxQGfIc117nKyCQV8G,Hannah Ellis;Nick Wayne,If the World Was Ending,If the World Was Ending,49,212000,False,0.492,0.399,1,-9.255,1,0.0653,0.771,0.0,0.189,0.637,133.416,3,country
2ApAOCbBkN9MyyEYN0HaHq,Vassendgutane,Skrekkraude Rapala,Skrekkraude Rapala,49,187071,False,0.462,0.903,9,-6.761,1,0.033,0.0684,0.0,0.341,0.784,168.034,4,country
4ZskYxIkEE0PhYCLHsxcF6,Plini,Handmade Cities,Electric Sunrise,49,305000,False,0.371,0.63,8,-7.938,1,0.0521,0.0246,0.913,0.11,0.221,137.92,4,jazz
7tYKa4wd7gL5LwcxidBPkG,We The Kings;Elena Coates,Somewhere Somehow,Sad Song (feat. Elena Coats),49,226330,False,0.512,0.526,1,-5.44,1,0.0251,0.0724,0.0,0.0675,0.249,85.024,4,rock
6BK1Z6VNYJjJ1wfwU8wdCr,Legião Urbana,Legião Urbana,A Dança,48,242000,False,0.759,0.389,11,-13.917,0,0.0648,0.00171,0.00175,0.1,0.68,136.059,4,r-n-b
73fRMyckZKtemX14eku8uu,Sertab Erener,İyiliğe Ninniler,Dandini Dandini Dastana,48,149168,False,0.506,0.233,3,-12.077,0,0.0276,0.957,2.8e-05,0.116,0.275,88.08,4,jazz
1C2MHvFmeoFpExBtWOiQ4Z,M. S. Subbulakshmi,Sri Venkatesa Suprabhatham,Sri Venkateshwara Suprabhatham,48,1240944,False,0.605,0.408,7,-7.678,1,0.495,0.955,0.0,0.419,0.798,85.498,3,classical
0jX6dTvc8U8Nevz7XBYjzR,Anthony Lazaro,Rock Paper Scissors,Coffee Cup,48,176035,False,0.75,0.284,7,-12.079,1,0.0766,0.899,0.000109,0.273,0.593,119.962,4,jazz
0qRgtkRi15K2osfLIvcHEs,Bombay Jayashri,Star Hits of Vijay & Surya,"Ondra Renda (From ""Kaakha Kaakha"")",48,306626,False,0.642,0.562,9,-9.304,0,0.0607,0.584,0.0,0.104,0.671,149.82,4,classical
6QtmvqyqMsEYYXkdxhYATK,Flatland Cavalry,Come May,Ain't Over You Yet,48,223080,False,0.503,0.525,7,-8.408,1,0.0255,0.126,1.31e-06,0.129,0.208,137.916,4,country
6qBJhWis1EGlcDvC74PTyS,Rotlaus,Aldri tilbake,Aldri tilbake,48,201920,False,0.611,0.867,9,-4.897,1,0.0317,0.226,5.1e-05,0.152,0.669,129.979,4,country
1x41485hXYMS0PNICGph1X,Koe Wetzel,Harold Saul High,L.T.W.Y.H.M.,48,209849,False,0.439,0.528,9,-7.117,1,0.0262,0.398,0.0,0.0703,0.079,139.866,4,country
6gm1mSNmXj8GqIo7c12hmm,Simon Casey,My Lord and My God,My Lord and My God,48,67500,False,0.199,0.119,4,-15.13,0,0.0381,0.99,0.269,0.0912,0.0991,95.292,4,country
2opfAkFHhQCmSZA8bsLy5f,Marcelo Falcão;Cynthia Luz,Sexta-Feira,Sexta-Feira,48,239118,False,0.674,0.739,6,-5.548,1,0.0662,0.065,0.0,0.35,0.647,96.017,4,reggae
31uiFApsv5BVunx9bypX6u,Charlie Brown Jr.;Marcelo Nova,Acústico (Ao Vivo),Hoje - Ao Vivo,48,262533,False,0.589,0.967,8,-6.05,1,0.0751,0.0163,5.83e-06,0.84,0.44,114.154,4,r-n-b
6UpXhrZeMtzIo8rHwKCUck,"Sergio Vega ""El Shaka""",Cuando El Sol Salga Al Revés,Cuando Te Lavas la Cara,48,199746,False,0.698,0.422,10,-4.74,1,0.0405,0.591,0.0,0.33,0.645,130.667,3,r-n-b
3qzgGSGtGAcXGZJ7UG68hr,Legião Urbana,Legião Urbana,Perdidos No Espaço,48,177466,False,0.572,0.567,11,-12.398,0,0.0388,0.0435,0.129,0.0966,0.768,81.917,4,r-n-b
28RUIwtdKUNoMVlg4DzsgV,Fidel Rueda,Tengo Ganas,Me Llamas,48,257038,False,0.773,0.413,8,-5.931,1,0.049,0.344,6.57e-05,0.0659,0.88,98.749,4,r-n-b
7F7lizHkjMeo70dYOU3r4x,A Família,Castelo de Madeira,Castelo de Madeira,48,454975,True,0.812,0.844,9,-10.206,0,0.508,0.397,0.0,0.0654,0.834,77.192,4,r-n-b
3OB8tXG4qxdvs5Y9cZDsMa,Busy Signal,Perfect Spot,Perfect Spot,48,183473,False,0.737,0.706,6,-5.716,1,0.122,0.204,5.18e-05,0.0927,0.876,189.888,4,reggae
2UfWdCjM4AdD0tFWvbaQCi,Simon la Letra,Por Amor Nunca Se Ruega,Por Amor Nunca Se Ruega,48,178678,False,0.661,0.795,10,-5.467,0,0.0533,0.467,3.36e-06,0.0992,0.938,179.96,4,reggae
1qkVJlyVaLZbwolRZmc17i,Kevin Martes 13;Pablo Chill-E,Perco Con Mari,Perco Con Mari,48,239412,True,0.844,0.612,1,-7.368,1,0.0813,0.0265,0.0,0.0786,0.341,124.027,4,reggae
2hRNxkgCScd5yxbTsrGQR4,Charlie Brown Jr.,Acústico (Ao Vivo),Vinheta: Beat Box II / Como Tudo Deve Ser - Ao Vivo,48,282333,False,0.544,0.596,1,-10.325,0,0.059,0.226,1.17e-05,0.989,0.794,80.96,4,r-n-b
2htQw6jG3qS8dciE7UhbAG,El Kuelgue,Fierrín (Lado A),Planeta Numir,48,213240,False,0.62,0.606,6,-8.259,0,0.0443,0.494,0.000332,0.218,0.681,94.067,4,reggae
4YrxFUrsaYeVujesfNRvVZ,Malito Malozo;Marcianeke;Tommy Boysen,No Pare,No Pare,48,277346,False,0.823,0.608,6,-6.447,0,0.0564,0.154,5.74e-06,0.563,0.433,98.006,4,reggae
1PYCOTJ2g3WJkFsgLlzIEW,Mariano Barba,De Parranda Con Mariano Barba,El Mono de Alambre - Versión Original,48,185133,True,0.807,0.714,8,-5.272,1,0.0502,0.512,0.0,0.0638,0.966,108.834,4,r-n-b
6JMRXqVpDD1Xu2lAoFOVbS,O Rappa,O Rappa - Acústico Oficina Francisco Brennand (Deluxe) [Ao Vivo],Rodo cotidiano - Ao vivo,48,207197,False,0.483,0.896,7,-5.206,1,0.0887,0.186,0.00019,0.965,0.392,128.21,4,r-n-b
2ScU6iEvgb0TIuKiyem9rg,Charlie Brown Jr.,Acústico (Ao Vivo),Proibida Pra Mim (Grazon) - Ao Vivo,48,151666,False,0.345,0.976,8,-4.74,1,0.0487,0.000587,0.0507,0.487,0.818,181.121,4,r-n-b
6ZkeNE5zlcl13PbnzXdw38,Charlie Brown Jr.,Acústico (Ao Vivo),Tudo Pro Alto - Ao Vivo,48,184093,False,0.474,0.983,10,-5.498,0,0.0598,0.0182,0.000128,0.691,0.725,92.68,4,r-n-b
6LUNGq8PjLgalGTddriqij,Maneva,Mundo Novo,Respostas,48,147598,False,0.786,0.525,11,-7.373,1,0.13,0.14,0.0,0.199,0.686,130.077,4,r-n-b
55QTuyhoVaOlTc295H7lqr,MORADA,Ele É (Ao Vivo),Meus Votos - Ao Vivo,48,497142,False,0.34,0.708,9,-5.486,1,0.0343,0.377,0.0,0.682,0.22,140.03,4,reggae
0ganZjtkMwkoRvYQk7te7h,Maneva,Mundo Novo,Tão Simples,48,142131,False,0.768,0.52,0,-7.375,0,0.0994,0.0912,1.26e-06,0.435,0.776,140.109,4,r-n-b
1d9KF847JVwN14mR4zBe8l,Legião Urbana,Legião Urbana,Soldados,48,290733,False,0.589,0.432,10,-14.089,0,0.0361,0.00919,0.195,0.0949,0.605,124.084,4,r-n-b
4NiNF2TgroCObAR1iYX1MR,El Coyote Y Su Banda Tierra Santa,Te Soñé,Hablando Claro,48,136760,False,0.699,0.434,7,-9.4,1,0.0325,0.555,3.48e-06,0.248,0.977,104.956,3,r-n-b
4R6mLViW3BcHPhwfXQMVXQ,Banda Rancho Viejo De Julio Aramburo La Bandononona,Desde Que Tu Apareciste,Desde Que Tu Apareciste - Sencillo,48,186572,False,0.763,0.477,0,-5.82,1,0.0312,0.542,0.0,0.108,0.789,120.014,4,r-n-b
7dZq3hxakgytMDpxK0QNhR,Charlie Brown Jr.,Acústico (Ao Vivo),Tudo Que Ela Gosta De Escutar - Ao Vivo,48,190960,False,0.513,0.89,5,-5.253,0,0.0728,0.0319,0.00108,0.687,0.73,122.698,4,r-n-b
7m62E9JAXqUwJeQz4WjLzv,Julio Preciado Y Su Banda Perla Del Pacifico,16 Bandazos de Oro,El Disgusto,48,187946,False,0.776,0.504,8,-7.193,1,0.0385,0.727,0.000474,0.167,0.963,115.803,4,r-n-b
1JlxQG0qBaEI2V1f0zkQLT,Kapanga,Lima,No Me Sueltes (Es Posible),48,235146,False,0.551,0.908,1,-5.619,1,0.0926,0.0167,0.0,0.345,0.77,153.99,4,reggae
1VNfpCEQ0PfyfbuE5N8alF,Nina Simone,Cruella (Original Motion Picture Soundtrack),Feeling Good,48,173786,False,0.426,0.305,7,-10.094,0,0.0365,0.863,0.0,0.0993,0.537,82.059,4,jazz
6suU440DRXoxpLNKWf46XJ,Realidade Cruel,Dos Barracos de Maderite aos Palácios de Platina,O Resgate,48,415660,False,0.553,0.732,7,-5.206,0,0.262,0.622,0.0,0.163,0.436,152.59,4,r-n-b
50RFZ81kvSH0FKGumrw8sQ,Kapanga,Operacion Rebenque,El Universal,48,191946,False,0.57,0.885,2,-3.09,1,0.0387,0.0641,0.0,0.0712,0.857,149.878,4,reggae
5c3hK5u7Ffexubtjh02PJW,"El Mimoso Luis Antonio López;Luis Angel ""El Flaco""",Cruz De Madera,Cruz De Madera,48,175466,False,0.623,0.391,10,-8.548,1,0.0701,0.0932,0.0,0.388,0.93,131.599,4,r-n-b
17TL9yOtBcUaq4dwq4WBa8,Valentín Elizalde,Ebrio de Amor,Esta Cobardia,48,149465,False,0.544,0.649,1,-5.225,1,0.0548,0.706,1.9e-06,0.272,0.845,137.746,4,r-n-b
1jdAzKbRRrIQ3fpodftKfj,Legião Urbana,Mais Do Mesmo,Geração Coca-Cola,48,141400,False,0.574,0.89,6,-5.789,0,0.041,0.082,0.0,0.0741,0.83,97.9,4,r-n-b
69RBhbgVjnfVzzUvFokYRC,Banda Autentica de Jerez,La Autentica de Jerez Zacatecas - 15 Exitos,24 Horas del Dia,48,172920,False,0.698,0.443,3,-9.526,1,0.0459,0.391,0.0,0.086,0.931,136.803,4,r-n-b
3DjYOn9FGI4ruxzIzZ9BB8,Fidel Rueda,Musica del Pueblo,Escuchame,48,165013,False,0.665,0.777,10,-2.116,1,0.0399,0.427,0.0,0.115,0.842,174.831,3,r-n-b
62WaNPi59v5jzBvsrSx5jj,MORADA,Uma Só Voz - Vol. 01 (Ao Vivo),Isaías 6 - Ao Vivo,48,429406,False,0.315,0.624,9,-7.487,1,0.0336,0.808,0.0,0.918,0.34,139.649,4,reggae
2C6l8EGcbfcLXu0mWfAadB,Shankar;Ehsaan;Loy;Sonu Nigam;Mahalakshmi Iyer;Gulzar,Bunty Aur Babli,Chup Chup Ke,48,433920,False,0.715,0.743,6,-7.491,0,0.0337,0.339,0.00217,0.0983,0.259,116.962,4,jazz
40e31PdTiS5oAorpANQXc4,Don Williams,Volume One,Amanda,48,187413,False,0.653,0.369,9,-11.469,1,0.0307,0.747,0.0059,0.115,0.478,116.467,3,country
2DcRv49cdbnHGGWFIuHBkI,Maneva,Deixe-Me Ir / Tem Café (Ao Vivo),Deixe-Me Ir / Tem Café - Ao Vivo,48,272277,False,0.616,0.714,7,-3.965,0,0.311,0.243,0.0,0.316,0.695,176.192,4,r-n-b
3YNuIpKlMbdi47VdQmOEq2,Maneva,Tempo de Paz,Não Vá Dizer Que Não,48,224156,False,0.52,0.571,5,-8.423,0,0.0333,0.692,2.01e-06,0.17,0.399,96.081,4,r-n-b
18Lb0yf7HlgETLgfaBG6eV,Lulu Santos,Assim Caminha A Humanidade,Assim Caminha a Humanidade,48,208693,False,0.753,0.755,2,-9.196,1,0.029,0.0547,0.00459,0.0518,0.949,138.518,4,r-n-b
0EVhfRiVBGjrIUFyW0Aaut,Maneva,Tudo Vira Reggae II (Ao Vivo),Apelido Carinhoso / Cigana - Ao Vivo,48,381045,False,0.765,0.534,2,-6.867,1,0.101,0.258,4.82e-06,0.102,0.512,143.865,4,r-n-b
1hB4340DP1nnBmfWn37uTN,509-E;Dexter;Afro-X,Provérbios 13,Saudades Mil,48,526026,True,0.624,0.589,2,-6.669,1,0.281,0.302,0.0,0.124,0.78,76.847,4,r-n-b
4Tt6GiWS2V9sQjZjS2xjp2,Andy Grammer,Magazines Or Novels,"Honey, I'm Good.",48,199263,False,0.754,0.802,9,-6.424,1,0.0551,0.0349,0.0,0.335,0.583,122.026,4,rock
2nJw7Vz6VTGuxrtYWGChbZ,Plini,Other Things,Selenium Forest,48,365641,False,0.472,0.72,3,-7.719,0,0.0383,0.0658,0.9,0.284,0.36,149.97,1,jazz
5vBMUlQOjiL6d4j5WndjSd,Bombay Jayashri;Danvendra Arya,LoFi Songs,Zara Zara - LoFi,48,256971,False,0.635,0.486,11,-11.857,0,0.0698,0.707,0.0854,0.422,0.343,130.088,4,classical
0rFdbImiFCvAY8jD2aE391,V. Selvaganesh;Karthik;Chinmayi,Kulla Nari Kootam (Original Motion Picture Soundtrack),Vizhigalile,47,301986,False,0.612,0.518,4,-8.888,0,0.19,0.639,8.47e-05,0.0817,0.527,159.894,4,classical
0NHlPYnisv4NcPCa4a6qcG,Sirkazhi Govindarajan,Vinayagar - Murugan Songs Tamil Devotionl -Revival,Vinayagane Vinai Theerpavane Revival,47,184117,False,0.42,0.666,3,-9.957,1,0.077,0.818,0.123,0.377,0.653,99.91,4,classical
0Zj9TB27KLWpixW7WFRx6A,Tianastacia,Ta Na Boa,Conto De Fraldas,47,272293,False,0.675,0.594,2,-7.518,1,0.0281,0.0348,1.91e-05,0.451,0.598,118.052,4,reggae
39N7mQeMmInerrWiw8dd4D,Kail BRL;Benji La Maldita Escritura De Oro,Alta Gama,Alta Gama,47,185111,False,0.781,0.58,5,-6.11,1,0.395,0.0868,0.0,0.733,0.592,179.96,4,reggae
2i84vfr3fIZUMAp61JZfKf,Don Williams,Yellow Moon,Stay Young,47,187613,False,0.77,0.482,5,-12.726,1,0.026,0.729,0.00983,0.0725,0.707,88.972,4,country
0ZYuaNa0M0XVimhr8biOmX,BRAZA,Tijolo por Tijolo,Qual É o Rosto de Deus?,47,217746,False,0.764,0.765,1,-9.795,0,0.0559,0.493,3.26e-06,0.0894,0.663,172.0,4,reggae
1w68dw4EgQy5aUgpBuZQVj,Charlie Brown Jr.,Acústico (Ao Vivo),Quinta-Feira - Ao Vivo,47,317160,False,0.394,0.834,11,-6.658,1,0.0632,0.142,0.00107,0.919,0.834,147.975,4,r-n-b
4ObGL3b6H7kbe3r7QgaIr9,Sabotage;Chorão,Rap É Compromisso (Edição Comemorativa),Cantando pro Santo,47,366413,False,0.889,0.474,11,-9.017,0,0.345,0.0304,7.44e-06,0.0887,0.745,79.976,4,r-n-b
74o1pFywinH2eEPxbbaLqc,Lulu Santos,O Último Romântico 2,Lá vem o sol,47,178066,False,0.583,0.463,7,-11.85,1,0.0287,0.939,7.08e-05,0.0641,0.413,132.349,4,r-n-b
7cq2nIdClANqlwH4okuYm3,UM44K;Luan Otten,Melhor pensar,Melhor pensar,47,205345,False,0.665,0.431,8,-7.119,1,0.0306,0.416,0.0,0.174,0.698,149.935,4,r-n-b
3fOytJcDu5uW8OoXSFhBua,Legião Urbana,Legião Urbana 30 Anos,Baader-Meinhof Blues,47,207533,False,0.253,0.831,9,-5.41,1,0.0456,0.012,6.62e-05,0.508,0.657,189.72,4,r-n-b
5I8DslpztOwOpwERbGGDTC,Camisa de Vênus,Batalhões de Estranhos,Eu Não Matei Joana d'Arc,47,225533,False,0.399,0.75,2,-11.185,1,0.118,0.00481,0.000483,0.0748,0.745,197.679,4,r-n-b
4dmgrfGknhKKaozk5U3JXL,O Rappa;Maria Rita / 1134893,Acústico MTV,Rodo cotidiano (Participação especial Maria Rita) - Ao vivo acústico,47,376613,False,0.634,0.704,11,-8.5,0,0.17,0.647,7.57e-06,0.975,0.505,114.751,4,r-n-b
3Er9Htk9n0ueYRa0o4yIhv,7 Minutoz,Rap Do Asta: Eu Vou Ser O Rei Mago (Nerd Hits),Rap Do Asta: Eu Vou Ser O Rei Mago (Nerd Hits),47,200758,False,0.7,0.76,7,-6.366,0,0.0508,0.582,3.12e-05,0.161,0.691,109.939,4,r-n-b
1hqiUgSEsjZlpQPZ85I61N,Charlie Brown Jr.,Transpiração Contínua Prolongada - Edição Comemorativa,Quinta-Feira,47,290200,False,0.724,0.646,11,-4.495,1,0.0658,0.0977,0.179,0.0647,0.824,143.674,4,r-n-b
2NV0oNAYgjlN27SeNIo8bL,O Rappa,O Rappa - Acústico Oficina Francisco Brennand (Deluxe) [Ao Vivo],Na horda - Ao vivo,47,306961,False,0.581,0.857,7,-5.89,0,0.127,0.374,0.0462,0.96,0.697,140.885,4,r-n-b
2VTgVKaabe96ezuyDW5ugq,Charlie Brown Jr.;RZO,Acústico (Ao Vivo),A Banca (Ratatá É Bicho Solto) - Ao Vivo,47,240200,False,0.557,0.898,11,-5.109,0,0.25,0.551,0.0,0.81,0.827,109.246,4,r-n-b
5Lub3JBkk9adIl7J6jLk6J,Jairo Vera,Pa K Te Enamore,Se Trepa,47,161737,False,0.738,0.721,3,-5.798,0,0.0738,0.00963,0.00156,0.153,0.377,91.98,4,reggae
04xx02ccYlu2iiEjMKEKm2,Julio Preciado Y Su Banda Perla Del Pacifico,Tu Ya Lo Conoces,Si Tengo a Mi Madre,47,134333,False,0.644,0.393,0,-9.128,1,0.034,0.499,3.62e-05,0.141,0.964,90.057,3,r-n-b
62ZYT0vrK0SXFzCsjDIYVm,MORADA,Lembre-se 80's (Ao Vivo),"Ao Único / Espírito, Enche a Minha Vida / Sala do Trono - Ao Vivo",47,343863,False,0.409,0.821,2,-4.386,1,0.0443,0.0297,3.88e-05,0.299,0.285,131.964,4,reggae
3QoydK0LFOpK0JnfIpCffR,Charlie Brown Jr.,Acústico (Ao Vivo),O Coro Vai Come - Ao Vivo,47,128106,False,0.511,0.981,0,-5.329,0,0.0579,0.0301,0.0612,0.747,0.896,172.968,4,r-n-b
3aTJREDBpFWYhR5m4i48jO,Maneva,Caleidoscópico,Inevitavelmente,47,197960,False,0.67,0.586,4,-8.108,1,0.0457,0.279,1.29e-05,0.192,0.611,145.911,4,r-n-b
2TwM6FmWDMSBDdKYOsWKdy,Bobby Day,The Rockin' Adventures of Bobby Day,Rockin' Robin,47,156293,False,0.549,0.686,7,-10.313,1,0.136,0.291,0.0,0.201,0.926,172.601,4,r-n-b
6tvcxZ6rU7nFvpnzYxFCt0,Lupillo Rivera,El Toro del Corrido,La Cosecha,47,178281,False,0.651,0.639,9,-6.692,1,0.0428,0.0485,0.0078,0.245,0.606,110.86,1,r-n-b
2KWCHX9hCadTNbUhLWvDDq,Maneva;MC Hariel,Caleidoscópico,Banco De Areia,47,174106,False,0.607,0.704,8,-6.567,1,0.0488,0.101,0.0,0.3,0.897,162.944,4,r-n-b
7sC2sL3Q5cZswDQJfnlfOt,Charlie Brown Jr.,100% Charlie Brown Jr - Abalando A Sua Fábrica,Tudo Pro Alto,47,203093,False,0.215,0.945,10,-7.201,0,0.0798,0.000639,0.453,0.204,0.603,179.079,4,r-n-b
2mNw979gQkL6Z6mCxgCect,Maneva,Mundo Novo,Vida Eu Gosto De Você,47,181765,False,0.658,0.477,4,-8.903,1,0.153,0.569,0.0,0.257,0.456,138.559,4,r-n-b
7qOUyZN0hKd9f1a4f2TWCD,IVYSON;Templo Sonoro,Poemas Para Quem Chora,Sina,47,221995,True,0.703,0.347,2,-10.079,1,0.0552,0.593,1.54e-06,0.163,0.385,127.897,4,r-n-b
2g9fVupIy2qbQwabYzVnUv,MORADA,Uma Só Voz - Vol. 01 (Ao Vivo),Não Há Amor Igual - Ao Vivo,47,352875,False,0.355,0.682,11,-6.936,1,0.0304,0.456,6.42e-06,0.978,0.242,149.706,4,reggae
6jV4DJBIWY4ykbdCcX4Bfu,MORADA,Atenção,Desenvolvendo Amor,47,257969,False,0.59,0.763,4,-4.833,0,0.0586,0.1,0.0,0.171,0.761,145.005,4,reggae
3lMGhsGVaAO37AKy5CV8HB,Scracho,A Grande Bola Azul,Morena,47,247986,False,0.731,0.617,1,-6.975,0,0.0428,0.0355,0.000102,0.147,0.417,139.983,4,reggae
5LTwjTZjxnpAe0o0h5RgY0,Ara Ketu,Vida,Face Oculta,47,261133,False,0.693,0.777,6,-6.775,1,0.035,0.168,0.0,0.07,0.626,126.335,4,reggae
2KKYlJFyJ8Ozxj7FABxKEg,Joan Sebastian,Más Allá Del Sol,La Medecina,47,160853,False,0.678,0.616,2,-6.723,1,0.0441,0.752,0.000231,0.047,0.689,105.831,4,r-n-b
2wmofaCfAaF9hdjEXmdfTO,Charlie Brown Jr.,Chegou Quem Faltava - Versão Completa (Ao Vivo),Confisco - Ao Vivo - Chegou Quem Faltava,47,181333,False,0.504,0.969,1,-5.439,1,0.11,0.000395,0.154,0.96,0.389,131.367,4,r-n-b
5GaIwab0GIWICCSVzldmUY,Lupillo Rivera;Jenni Rivera,Borracho de Primera,Que Me Entierren Cantando,47,231862,False,0.418,0.8,9,-3.38,1,0.134,0.255,2.52e-06,0.0583,0.556,173.341,3,r-n-b
72ZGT5dwrp7lZ40ums6dHi,Cynthia Luz;Projota,Não é Só Isso,Como Deus Quiser,47,181373,True,0.753,0.656,0,-5.863,0,0.0759,0.655,0.0,0.099,0.819,91.022,4,r-n-b
3hNyVKzZ1c26umuL3K5WEX,Titãs,As Grandes Décadas Da Música Popular Brasileira,Enquanto Houver Sol,47,183093,False,0.665,0.596,4,-3.896,1,0.0267,0.149,4.84e-05,0.327,0.207,115.265,4,r-n-b
0tlYDlWKenqL5u78jZKh0z,"Sergio Vega ""El Shaka""",Necesito Dueña,Te Quiero Enamorar - Balada Version,47,209333,False,0.773,0.506,9,-4.71,1,0.0439,0.664,0.0,0.247,0.782,137.845,3,r-n-b
2anDnmAKIauJ4of6K1BoGx,Biquini Cavadão,1985/2007 Sucessos Regravados (Vol. 2),Janaína,47,218613,False,0.578,0.88,9,-5.113,1,0.0496,0.108,2.9e-06,0.114,0.719,175.983,4,r-n-b
3DeJRsFwGGsX0TC6k4aEWm,Los Hermanos,Los Hermanos,Primavera,47,262040,False,0.339,0.624,8,-4.755,1,0.0313,0.421,1.36e-05,0.126,0.408,200.332,3,r-n-b
7cP99Dd9VNjDpr4yYIRGK9,Flora Matos,Eletrocardiograma,Sonhos Gangsta,47,180870,False,0.67,0.652,5,-7.765,0,0.191,0.112,0.0,0.383,0.861,87.961,4,r-n-b
6DcxN9jzax8WgSl39XtTfx,MV Bill,Traficando Informação,Soldado do Morro,47,412395,False,0.68,0.585,3,-5.989,0,0.331,0.168,0.0,0.248,0.541,78.078,4,r-n-b
6F1VmuzOgcOxaj4idJKU9i,Joan Sebastian,Norteño,Traficante De Besos,47,149884,False,0.745,0.69,7,-8.903,1,0.0355,0.396,0.00213,0.141,0.964,106.149,4,r-n-b
1XlpaijGmAY0pWe16oucrC,J Balvin;Pitbull;Camila Cabello,Hey Ma (with J Balvin & Pitbull feat. Camila Cabello),Hey Ma (with J Balvin & Pitbull feat. Camila Cabello),47,195040,False,0.713,0.952,7,-2.959,1,0.108,0.0203,2.51e-06,0.117,0.571,105.981,4,reggae
2eYea2CszELfp3KK5w7bqO,Cestar;Stailok,Lo Mejor de Ti,Lo Mejor de Ti,47,176666,False,0.469,0.724,4,-6.294,0,0.123,0.139,0.0017,0.131,0.69,89.973,4,reggae
7GCfKBpY3l2n3LAhsqjBtO,MORADA,Uma Só Voz - Vol. 01 (Ao Vivo),Postura do Reino - Ao Vivo,47,343875,False,0.476,0.66,10,-8.359,1,0.033,0.746,5.37e-06,0.916,0.551,120.053,4,reggae
50KzUnn80DNmBJJPx0Rynn,Sabotage;Sombra;Bastardo,Rap É Compromisso (Edição Comemorativa),Cocaína,47,298653,True,0.901,0.708,1,-7.171,0,0.27,0.133,0.0,0.171,0.805,90.978,4,r-n-b
1QVnc9HLOMlAD4KDxNzzOH,Maneva,Mundo Novo,Cores Do Universo,47,131198,False,0.689,0.719,9,-6.096,0,0.136,0.382,0.0,0.213,0.674,130.0,4,r-n-b
3eUOVnvVw9ntGUqJmHKF1J,Os Paralamas Do Sucesso,Nove Luas,Lourinha Bombril,47,158933,False,0.615,0.907,7,-9.234,1,0.042,0.0194,5.59e-05,0.279,0.8,168.459,4,r-n-b
0AVKyOsOy97MW8oKRmFmWP,MHRAP,Renegado,Renegado,47,154343,False,0.642,0.804,7,-2.133,0,0.29,0.794,0.0,0.145,0.493,150.109,4,r-n-b
6wszmCHeHNQNVBnBSAyl9X,El Kuelgue,Cariño Reptil,Por Ahora,47,206133,False,0.737,0.715,11,-7.485,0,0.0628,0.14,0.0,0.0927,0.631,121.917,4,reggae
7AJtoJnHV80IMEHgQs6YvU,Shankar;Ehsaan;Loy;Shankar Mahadevan;Sowmya Raoh;Loy Mendonsa;Gulzar,Bunty Aur Babli,Nach Baliye,47,362762,False,0.691,0.916,9,-5.313,1,0.117,0.029,0.0,0.121,0.394,133.889,4,jazz
4D75ixy2I4ft75Ay25fKyP,Legião Urbana,O Descobrimento Do Brasil,Vinte E Nove,47,223933,False,0.42,0.542,7,-13.097,1,0.036,0.02,0.0471,0.185,0.72,129.726,5,r-n-b
0LbLIVrkbaPMeE4XHNgNpU,Lupillo Rivera,Amorcito Corazon,Sin Fortuna,47,172755,False,0.475,0.426,10,-7.614,1,0.0926,0.883,2.24e-06,0.081,0.967,173.249,4,r-n-b
5QsnmWcvIsIAJcONcg0l8W,Banda Cuisillos,Corazón,Corazón,47,231549,False,0.584,0.542,7,-8.008,1,0.0262,0.228,0.000107,0.0863,0.5,136.182,4,r-n-b
2JSxHhnDHsz0d6v22amg7y,Armandinho,Acústico (Ao Vivo),Onda do Arraial - Ao Vivo,47,205856,False,0.643,0.728,7,-7.805,1,0.0301,0.295,0.0,0.343,0.528,94.976,4,reggae
5ViWZbiMhr7VWS0ihZku6V,Marcelo Falcão,Quando você olhar pra mim,Quando você olhar pra mim - Acústico,47,243676,False,0.676,0.743,7,-7.35,1,0.199,0.448,0.0,0.0723,0.878,163.834,4,reggae
5BeOmmGoxAvDus9Ozpc0MI,Armandinho,Acústico (Ao Vivo),Nesses Olhos - Ao Vivo,47,224264,False,0.755,0.465,7,-8.679,1,0.0474,0.634,4.16e-06,0.728,0.493,138.014,4,reggae
5abYgNnFHZpsSOBHaQPsln,Banda Cuisillos,El Concierto del Amor,A Veces Lloro,47,257120,False,0.562,0.822,9,-6.774,0,0.0298,0.487,8.94e-05,0.358,0.539,99.269,4,r-n-b
2rIGJgLcBbI7EvHc0vHpHQ,Banda Cuisillos,A Veces Lloro,Un Muchacho Pobre,47,177400,False,0.519,0.566,10,-6.381,1,0.0293,0.465,0.0,0.0311,0.463,105.877,4,r-n-b
6qfdGgNDYcsVdG7RimLhFk,Maneva,Mundo Novo,Sereia,47,176298,False,0.725,0.607,0,-7.486,1,0.0456,0.0671,1e-06,0.353,0.57,129.971,4,r-n-b
68PKooWU2loIpacafTogOq,Edwin Luna y La Trakalosa de Monterrey,Doble Vida,Después de Tí No Hay Nada,47,200746,False,0.769,0.527,3,-3.79,1,0.0436,0.429,0.0,0.197,0.958,125.967,4,r-n-b
6usuEveqwUGH07BI7AWM7f,Banda Rancho Viejo De Julio Aramburo La Bandononona,Amor Ranchero,Amor Ranchero,47,143786,False,0.568,0.7,10,-5.724,1,0.0669,0.164,0.00546,0.103,0.971,129.505,4,r-n-b
0ht7BrhjJHyxIc88BFO42I,Banda Cuisillos,No Voy a Llorar,Eres Imposible De Olvidar,47,214935,False,0.508,0.573,9,-8.229,1,0.0565,0.784,2.4e-05,0.0854,0.409,72.59,4,r-n-b
3t5tdzQKEqI3wqHIGCdNoB,Riley Green,We Out Here: Live,Hell Of A Way To Go - Live,47,223406,False,0.44,0.472,6,-9.026,1,0.0596,0.86,0.0,0.968,0.548,142.288,4,country
1DhIZ6MAZRPXro2JLRDYr7,Perry Como,Take It Easy With Perry Como,Killing Me Softly With Her Song,47,268160,False,0.493,0.117,8,-22.655,0,0.0299,0.926,0.00522,0.109,0.243,103.712,4,jazz
20WRrWYgSULYXFtxBcazwU,Joan Sebastian,"Norteño, Vol. 2",Un Cariño Como Tú,47,167903,False,0.832,0.711,3,-6.108,1,0.0552,0.519,5.24e-06,0.0658,0.895,93.104,4,r-n-b
0imVQmXZyESypKfQM4QNzX,"Sergio Vega ""El Shaka""",Más Exitos Con El Shaka,Muchachita de Ojos Tristes - Banda Version,47,207533,False,0.698,0.661,10,-2.667,1,0.0402,0.608,0.000393,0.172,0.784,93.011,4,r-n-b
6nSPmeeGu3GFssIk4UnDYw,Koe Wetzel,Sellout,Crying From The Bathroom,47,259174,True,0.322,0.457,9,-7.685,1,0.0321,0.292,1.51e-05,0.0639,0.0729,143.841,4,country
22QdpwlY4mNXPhl2j9RfgD,Maneva,Tô De Pé (Acústico),Tô De Pé - Acústico,47,169472,False,0.877,0.628,9,-7.541,0,0.0669,0.504,0.0,0.282,0.793,106.087,4,r-n-b
1w20E6WZTvi5HsKua0NG7M,7 Minutoz,Rap do Deidara: A Arte é a Explosão (Nerd Hits),Rap do Deidara: A Arte é a Explosão (Nerd Hits),47,183529,False,0.568,0.777,4,-7.147,0,0.212,0.35,0.0,0.264,0.504,170.001,4,r-n-b
6Ko0LtUSamxOleNdwcM5DL,Cynthia Luz;Pedro Lotto;Froid,Do Caos ao Nirvana,Deixa Ela,47,238080,False,0.483,0.777,6,-4.28,0,0.32,0.314,0.0,0.0914,0.512,124.19,4,r-n-b
2e3FFYFj3PuH9rMwKmjgYF,Tyler Childers,Bottles and Bibles,Good Thing Windin' down,47,215866,False,0.401,0.114,7,-13.601,1,0.0357,0.921,0.0,0.122,0.456,102.904,4,country
5jQxNgMrDlbuYO6LQ3aY4Y,Lasse Stefanz,Greatest Hits,Du försvann som en vind,47,208120,False,0.633,0.696,7,-6.626,1,0.0296,0.0914,4.08e-05,0.266,0.714,112.992,4,country
2XUI84SYtTxy6bPi0nThMV,Simon Casey,You’ll Never Walk Alone,You’ll Never Walk Alone,46,163095,False,0.481,0.373,0,-8.324,1,0.0313,0.65,0.000208,0.112,0.142,112.434,3,country
1owAc7B3hoCvn2GXHMUHPJ,Florida Georgia Line;Jason Aldean,Can't Hide Red,Can’t Hide Red,46,181600,False,0.514,0.864,4,-3.246,0,0.0502,0.0256,0.0,0.103,0.471,94.927,4,country
5ALPzPUKl3Np5BrYTFs4Pb,Jason Aldean,9,Talk About Georgia,46,164786,False,0.434,0.889,2,-4.243,1,0.0649,0.0232,0.0,0.0464,0.527,154.088,3,country
4LILQ0tq8SoF29dkAX6RXf,Joe Diffie,16 Biggest Hits,Pickup Man,46,216400,False,0.712,0.745,7,-7.141,1,0.0389,0.408,0.0,0.346,0.843,140.621,4,country
5zPrkIBCahGDjwbpNnSImg,anirap,Futuro no Olhar (Katakuri),Futuro no Olhar (Katakuri),46,224000,False,0.625,0.928,11,-5.707,0,0.0817,0.188,0.0,0.483,0.56,89.896,4,r-n-b
6uYbQddo853t9TIIVlW1ws,Enygma Rapper,Kono Dio Da!,Kono Dio Da!,46,250880,False,0.472,0.717,4,-8.939,0,0.0691,0.373,0.0,0.341,0.346,103.563,4,r-n-b
1eUagnbOw9MjesonPWNkNQ,Parker McCollum,The Limestone Kid,Galveston Bay,46,246466,False,0.527,0.375,0,-6.387,1,0.0243,0.482,0.0,0.132,0.318,81.92,3,country
6eb3IuKwccD9xUAOULsBlk,Upchurch,River Rat,Dukes of Hazzard,46,128072,True,0.759,0.644,7,-4.988,1,0.0379,0.000607,0.0,0.125,0.129,139.956,4,country
2eRV0Zen3OvAb2phNk7IIU,Koe Wetzel,Noise Complaint,I'll Be Fine,46,240846,False,0.663,0.644,4,-8.92,0,0.0375,0.0721,0.0,0.0736,0.372,123.968,4,country
0sdKX3AQM33b3aO8QW4li6,The Piano Lover,Hold My Hand,Hold My Hand,46,190000,False,0.32,0.0296,4,-22.273,0,0.0386,0.993,0.96,0.0798,0.142,175.971,3,classical
2yx3W98N7XWMCH6Q2CdbYn,Gunslingers,Bygdaslaur,Bygdaslaur,46,203307,False,0.576,0.793,7,-5.402,0,0.0481,0.288,0.0,0.188,0.438,144.936,4,country
085cxMAY91of46MYke5OQK,Golden Ganga,Música Libre,Tú,46,258693,False,0.802,0.658,11,-4.778,1,0.0358,0.0311,0.000278,0.229,0.739,120.07,4,reggae
42vD6luOTR1WtATGz1zns9,Soolamangalam Sisters,Sri Skandha Guru Kavasam,Skandha Sashti Kavacham,46,1223800,False,0.677,0.351,2,-16.101,0,0.0509,0.838,0.0,0.0978,0.706,117.443,4,classical
3Bbbz0IGORWZSLf9UqsAL4,Ella Fitzgerald;Louis Armstrong,C'est Si Bon,Dream A Little Dream Of Me,46,182266,False,0.631,0.127,0,-15.333,1,0.0949,0.939,0.0,0.0732,0.322,76.559,4,jazz
5ORFEFEIsCS6JnV335CWya,Nick Hakim,Happen,Happen,46,253373,False,0.647,0.403,7,-7.033,1,0.0301,0.157,0.75,0.115,0.278,122.009,4,jazz
197CWknsQggubzqaiuTt9o,Zeki Müren,Ayrıldık İşte,Seni Sordum Yıldızlara,46,309173,False,0.457,0.542,2,-13.463,0,0.0411,0.76,0.0,0.43,0.691,81.408,4,jazz
5VJkEUAvmEelXkmKAE21U6,Rashid Khan;Palak Muchhal;Neha Sharma;Aashim Gulati,"Yaar Zaahir (feat. Neha Sharma,Aashim Gulati)","Yaar Zaahir (feat. Neha Sharma,Aashim Gulati)",46,289133,False,0.677,0.38,3,-14.241,1,0.0324,0.937,0.0571,0.112,0.525,102.036,4,classical
18hPvq4l7aiolR6NenxBz6,Anthony Lazaro;Sarah Kang,Something New,Love Letter,46,205956,False,0.639,0.295,6,-14.605,0,0.0387,0.839,3.28e-06,0.108,0.406,114.875,3,jazz
1DYzTTaSD8KsmzedIuZTO7,Raul Seixas,20 Grandes Sucessos De Raul Seixas,Gita,46,288933,False,0.494,0.691,9,-7.233,1,0.0368,0.0599,0.00633,0.0649,0.722,111.175,4,r-n-b
7HttMaN4xcGBLhFRHb0DVS,Capital Inicial,Eu Nunca Disse Adeus,Eu Nunca Disse Adeus,46,208786,False,0.299,0.686,7,-7.058,1,0.0417,0.0132,0.0,0.354,0.366,145.971,3,r-n-b
1eNsBd4FoFc6hYmnoe0CVC,Kenia OS,En Vivo (Acústico),Sirena (Versión Acústica),46,242261,False,0.599,0.477,10,-6.444,1,0.0346,0.75,0.0,0.063,0.455,133.593,4,reggae
5XRmtOOr6puIuXtIjstCu1,Enygma Rapper,Rei Sem Nome (Meruem),Rei Sem Nome (Meruem),46,384347,False,0.532,0.639,1,-8.823,0,0.0418,0.151,0.0,0.122,0.357,137.971,4,r-n-b
1SjK3fJFkEGuvGpwFvg3y9,Pato Fu,Ruido Rosa,Ando Meio Desligado,46,208973,False,0.618,0.661,5,-8.097,0,0.0356,0.0621,5.15e-06,0.363,0.614,143.129,4,r-n-b
69CbgcOl13AiZs2CbTuBi6,Luccas Carlos;Gee Rocha,Ao Vivo,Incomum - Ao Vivo,46,242291,False,0.584,0.337,7,-8.116,0,0.0441,0.866,0.0,0.852,0.545,117.127,4,r-n-b
6wyrC6ockDrREoAxiV0qm7,El Coyote Y Su Banda Tierra Santa,Escuela de la Vida,Ataca y Atrapa,46,144533,False,0.843,0.628,10,-2.738,1,0.0408,0.601,0.0,0.0808,0.974,115.041,3,r-n-b
3vGvMhuNgM3KVuwHEwZWwI,Los Hermanos,Los Hermanos Na Fundição Progresso - 09 De Junho De 2007,Anna Júlia - Ao Vivo,46,226546,False,0.233,0.948,3,-4.464,1,0.209,0.12,0.00261,0.984,0.444,146.753,4,r-n-b
2ebiTufOHJ3fZZTI43NwKX,Legião Urbana,Legião Urbana,Petróleo Do Futuro,46,182933,False,0.224,0.802,7,-10.58,1,0.102,0.00831,0.00217,0.228,0.338,202.869,4,r-n-b
6BO1F7s14ZehAecywx99G6,Jota Quest,Saideira Acústico Sessions,Todas as Janelas,46,267333,False,0.582,0.561,9,-7.068,1,0.0293,0.0687,2.13e-05,0.0829,0.412,82.969,4,r-n-b
4UCmiDTgCZwy5QwgsDEN4T,Jehza;Galindo Again;Dvice;Joniel,Romperte,Romperte,46,234176,True,0.715,0.584,1,-7.065,1,0.171,0.0753,0.0,0.067,0.912,170.06,4,reggae
1ZcvdGsORCJlk0H1hwgAFt,Legião Urbana,A Tempestade,Dezesseis / Música Incidental: ''Strawberry Fields Forever'',46,323840,False,0.454,0.87,10,-5.358,1,0.0387,0.000226,0.000232,0.0885,0.4,146.878,4,r-n-b
5TpYmSOWMmtYLRXdOLdLaW,Legião Urbana,Acústico (Ao Vivo Em São Paulo / 1999),Há Tempos - Ao Vivo Em São Paulo / 1999,46,225400,False,0.38,0.552,7,-8.545,1,0.213,0.374,0.0,0.133,0.647,82.935,4,r-n-b
6HzwkpPOXBCRrkCMd99BRS,Joan Sebastian,Norteño,Verdad Que Duele,46,171978,False,0.764,0.541,3,-9.738,1,0.036,0.111,1.92e-05,0.104,0.825,100.479,4,r-n-b
29yVwAhJ5G9lVwiAYzPOi3,Projota,3Fs (Ao Vivo),Acabou - Ao Vivo,46,259226,False,0.658,0.881,0,-5.03,1,0.0459,0.188,0.0,0.822,0.875,84.966,4,r-n-b
1D3J1dvlS60ZX3YbNJe9J6,Fidel Rueda,Todo Gracias A Ti,Me Voy De Ti,46,164213,False,0.737,0.447,0,-4.751,1,0.0397,0.754,0.000422,0.085,0.963,148.15,3,r-n-b
77WQrnphsSnSxyQElfqvbg,Banda Cuisillos,Vive y Déjame Vivir,Vive Y Déjame Vivir,46,223333,False,0.742,0.569,7,-4.894,1,0.0624,0.68,0.0,0.0692,0.965,175.802,4,r-n-b
4y7VqeIlakC0MLyi9XxTYu,Shamanes Crew;Zalo Reyes,Reden-Zion,Prisionera (feat. Zalo Reyes),46,231892,False,0.621,0.762,9,-5.828,1,0.0408,0.141,0.0,0.502,0.858,149.965,4,reggae
05y79YGqS94EQe0v29lHIo,Kevin Martes 13,Inmortal,Soñando - Remastered,46,272000,False,0.756,0.713,1,-6.983,1,0.0608,0.095,0.0,0.0809,0.745,180.02,4,reggae
4Wls6Mo3QpCTnfa1kSEs6X,Armandinho,Acústico (Ao Vivo),A Ilha - Ao Vivo,46,287159,False,0.649,0.665,4,-7.912,0,0.0284,0.221,0.0,0.909,0.928,89.978,4,reggae
1bEppoRAORPzwVS6y3F4Ef,Ñejo,Yo Soy la Fama,No Lo Pienses Mas,46,182293,True,0.838,0.83,7,-6.123,1,0.0645,0.0142,0.0617,0.184,0.846,93.019,4,reggae
2h1BiyNZDts240tTGjdtOF,Golden Ganga,Golden Ganga,Oh No!,46,310506,False,0.685,0.635,10,-6.025,1,0.0338,0.591,4.28e-06,0.104,0.819,147.912,4,reggae
62GHlwr1hoj9l1UAMb4zbV,Kid Abelha,Greatest Hits 80's,Pintura íntima,46,265426,False,0.617,0.672,5,-7.817,1,0.0302,0.0855,0.000125,0.052,0.931,135.518,4,r-n-b
2LYH0aiSJRgO0kXwXmpcRZ,Edu Ribeiro,Luau,De Mais Ninguém,46,187226,False,0.737,0.619,2,-8.131,1,0.0292,0.0837,0.0,0.0901,0.588,133.949,4,reggae
6yo07MyYoNMfGXJzrwbGLl,Gondwana,RAS Portraits,Dulce Amor,46,229293,False,0.728,0.421,7,-9.53,1,0.06,0.267,0.000203,0.0635,0.797,133.43,4,reggae
71HcKKNwvQ8Jv6lbBEi4oO,Yiordano Ignacio,El Nene Con el Flow,Berraqueo,46,187063,False,0.9,0.655,10,-7.259,0,0.0746,0.346,0.0,0.104,0.885,96.032,4,reggae
1rg9XExYRDpEPn2cDqwz6A,Dhyo Haw,Daur Ulang,Pelangi Baruku,46,280210,False,0.529,0.64,5,-7.482,1,0.031,0.398,0.103,0.12,0.521,137.031,4,reggae
1rNwhaO7UD2M08rwKlCNTE,Jukka Poika;Nelli Petro,Onks liian myöhä (feat. Nelli Petro),Onks liian myöhä (feat. Nelli Petro),46,172976,False,0.728,0.564,11,-8.933,0,0.0872,0.202,0.0,0.114,0.396,95.949,4,reggae
1NhLJcFWLjrBax77kFft28,Las Pelotas,Máscaras de Sal,Capitán América,46,188000,False,0.617,0.789,11,-7.891,0,0.029,0.000185,0.000174,0.0909,0.934,125.006,4,reggae
1vv7h64yOLrdfHuTzfv9gI,Dvice;La Fortaleza Real;Lyan;Jehza,Gelato,Gelato,46,212903,True,0.812,0.573,2,-10.034,1,0.26,0.342,2.6e-06,0.0922,0.591,93.015,4,reggae
3bSnXuCoMpWKCR5jO5gGTL,Banda Eva;Maneva,Sem Filtro (Ao Vivo em Noronha),Louca - Ao Vivo,46,184914,False,0.619,0.44,7,-10.019,1,0.0715,0.178,1.21e-05,0.146,0.313,130.414,5,reggae
257SoE95qEweGItCB9Q5rE,Hildur Guðnadóttir,Joker (Original Motion Picture Soundtrack),Call Me Joker,46,288800,False,0.199,0.319,2,-14.43,1,0.0334,0.00513,0.893,0.144,0.0462,120.772,4,classical
41JHlHuIFyOSSRYVCsYrKZ,Barão Vermelho,Balada MTV,O tempo não para,46,272173,False,0.525,0.694,4,-7.208,0,0.0372,0.0474,0.0,0.738,0.42,136.627,4,r-n-b
2ZMW1mtSrdiaDe8lI9YLnZ,Raul Seixas,Abre-Te Sésamo,"Rock Das ""Aranha""",46,110093,False,0.609,0.63,4,-10.791,0,0.175,0.762,0.0,0.0495,0.934,174.253,4,r-n-b
0VaMFkBz3QsRAuaek4jYR5,Raimundos,Acústico - Ao Vivo,Reggae do Manero - Ao Vivo | Acústico,46,325024,False,0.708,0.809,10,-4.129,0,0.0611,0.178,1.62e-06,0.368,0.625,134.053,4,r-n-b
2lMiPTcmvli4i8NfHIB4UO,Jota Quest,Acústico Jota Quest,O Que Eu Também Não Entendo - Acústico,46,255686,False,0.632,0.595,2,-9.555,1,0.0335,0.366,1.6e-06,0.107,0.368,108.002,4,r-n-b
7KUjWJJiYjasHOlNdnYd55,Los Hermanos,Bloco Do Eu Sozinho,Todo Carnaval Tem Seu Fim,46,264026,False,0.559,0.489,1,-10.156,1,0.0376,0.0592,0.0129,0.149,0.178,105.719,4,r-n-b
4TA9yhZiAMGHISseJM0YE6,Maneva,Mundo Novo,Olha O Sol,46,173565,False,0.796,0.517,9,-8.032,1,0.0793,0.494,0.0,0.134,0.803,127.986,4,r-n-b
4l4wZSPLrRwtIsvlq5JlG1,Los Hermanos,Ventura,Além do Que Se Vê,46,230746,False,0.718,0.498,8,-7.171,0,0.031,0.286,0.000326,0.157,0.767,138.111,4,r-n-b
354j6LPNLlWsKvQJQuye0X,Raul Seixas,E-Collection,O carimbador maluco,46,140666,False,0.673,0.846,7,-7.918,1,0.145,0.199,0.0,0.408,0.772,148.118,4,r-n-b
4PQiUuOW2rPkVnIOkS5DpZ,Maneva,Tudo Vira Reggae II (Ao Vivo),Deixe-Me Ir / Tem Café - Ao Vivo,46,272277,False,0.616,0.714,7,-3.965,0,0.311,0.243,0.0,0.316,0.695,176.192,4,r-n-b
2RWApboy1wKHMeLD6KlFI9,Manoella Torres,La Gran Colección del 60 Aniversario CBS - Manoella Torres,Que Me Perdone Tu Señora,46,150640,False,0.608,0.447,6,-12.151,0,0.0663,0.335,3.51e-05,0.169,0.673,90.777,4,r-n-b
3oUei2Bw7DZUaTo55Rsz6q,Mariano Barba,"Gold Collection, Vol. 1",Otra Vez Dos Corazones,46,242360,False,0.683,0.498,0,-12.177,1,0.0387,0.633,0.000849,0.128,0.9,147.837,4,r-n-b
3idqrJWsonNKPOvCbwSW6f,Valentín Elizalde,Las Bandas Románticas,Volveré A Amar,46,233280,False,0.821,0.481,3,-6.777,1,0.0317,0.383,0.00136,0.0783,0.96,112.057,4,r-n-b
66073TiPtbCattnpSkyuKq,Somos Nós A Justiça,Se Tu Lutas Tu Conquistas,Se Tu Lutas Tu Conquistas,46,383426,False,0.815,0.601,6,-6.359,1,0.246,0.457,3.99e-06,0.111,0.558,86.018,4,r-n-b
7d0r2pZJOkZCkS1sVmx6Tc,Koe Wetzel,Harold Saul High,One and Only,46,227248,False,0.394,0.734,7,-5.364,1,0.0335,0.0113,0.0,0.139,0.371,153.891,4,country
59Yb6w8DywcHViQUsd85Go,Casey Donahew,Lost Days,Stockyards,46,184306,False,0.708,0.622,0,-8.154,1,0.0409,0.0104,0.0,0.0735,0.777,134.023,4,country
13JoLz1uqiif77Bs1tSKlh,Rotlaus,Her,Her,46,237386,False,0.62,0.724,7,-7.875,0,0.0262,0.104,0.000354,0.26,0.279,111.992,4,country
2z9qzLuCkfRdGNI1u08EyO,Hellbillies,Søvnlaus,20 år på vegen,46,246626,False,0.356,0.568,5,-5.264,1,0.0295,0.191,0.0,0.183,0.42,77.35,4,country
2NjRIEb53CJWJqlHZ3xwH9,Staut,Eigarlaus,Slepp me inn,46,174826,False,0.585,0.789,2,-6.916,1,0.039,0.102,0.0,0.258,0.97,81.481,4,country
6vAcoAjqhoJQaMJJZfBxEc,Yura Yunita,Intuisi,Intuisi,46,241500,False,0.453,0.0531,1,-19.956,1,0.0355,0.946,0.000161,0.0796,0.354,79.863,4,jazz
3B8vWrQFz67fYB0olCe20u,Sirkazhi Govindarajan,Karnan,Ullathil Nalla Ullam,46,234133,False,0.191,0.536,8,-12.125,1,0.046,0.969,0.00339,0.14,0.608,77.224,4,classical
0Q24mg3fSrFI12AIqF43JL,Frejat,Dose Dupla Frejat,Segredos,45,233533,False,0.581,0.731,7,-5.189,1,0.0289,0.192,0.0,0.405,0.579,127.582,4,r-n-b
6tisytwaOaBA4CAZPPdlFP,Baby Do Brasil,Geração Pop,Menino do Rio,45,263733,False,0.38,0.548,0,-9.26,1,0.0333,0.73,0.000142,0.31,0.395,152.498,4,r-n-b
1ONnn6GrKQoGuHUYQ3eTyv,João Penca E Seus Miquinhos Amestrados,Hot 20 - João Penca e Seus Miquinhos Amestrados,Lágrimas de Crocodilo,45,232733,False,0.659,0.934,6,-5.97,0,0.0449,0.303,0.0017,0.0529,0.844,135.341,4,r-n-b
0PnOZo90GANTX2gFRiqUn7,Valentín Elizalde,17 Exitos en Honor a Mi Padre,Esta Cobardía,45,151920,False,0.551,0.529,1,-8.839,1,0.0729,0.641,9.17e-06,0.207,0.886,137.885,4,r-n-b
3m2FNr5FlOyf94Slpae7vy,Lulu Santos,O Último Romântico,O último romântico,45,252306,False,0.716,0.494,4,-14.118,1,0.0288,0.62,1.28e-05,0.303,0.805,129.864,4,r-n-b
5iSlAizREe6tmItzcUNsko,7 Minutoz,Rap do Omni-Man: Olhem pro Céu (Nerd Hits),Rap do Omni-Man: Olhem pro Céu (Nerd Hits),45,301597,False,0.399,0.738,5,-6.158,0,0.14,0.701,0.0,0.0867,0.262,90.044,4,r-n-b
44l7z2oUGyC7YovlvLQ133,Gunslingers,Ein Skål Te,32-18,45,231794,False,0.646,0.836,10,-4.842,1,0.038,0.133,0.0,0.116,0.405,129.039,4,country
7HnAXewQTDWHRZ2FNrVlZY,Michael Harrison,Revelation,Revelation: Music in Pure Intonation: Night Vigil II,45,187960,False,0.329,0.013,9,-33.238,0,0.0486,0.994,0.919,0.0671,0.285,71.608,4,classical
64xp2l0AuDU8HkTvjuH50K,Tomgang,Hjortefall,Hjortefall,45,224260,False,0.538,0.646,9,-7.093,1,0.0423,0.0805,0.00671,0.0887,0.459,160.129,4,country
5hwySzV76a0LyYExMoK5tq,BEIST;Stjørna Heimbrentslag,Kongen av campen,Kongen av campen,45,162013,False,0.65,0.844,2,-7.664,1,0.116,0.418,0.0,0.291,0.341,152.993,4,country
0HLZjlJQj7msam8bnAfDLn,Salebarbes,Gin à l'eau salée,Good Lord,45,188251,False,0.54,0.932,7,-5.488,1,0.0551,0.0427,0.0,0.337,0.905,151.923,4,country
0WrxJn5wWUgU9U2gY0khWf,Barão Vermelho,Balada MTV,Puro êxtase,45,248600,False,0.754,0.874,9,-5.847,1,0.047,0.144,6.15e-05,0.834,0.682,114.445,4,r-n-b
03YuyrltrfOOtysn0HBvax,Skank;Michael Fossenkemper,O Samba Poconé,Tão Seu,45,243666,False,0.77,0.786,6,-3.516,0,0.0553,0.0322,0.000664,0.182,0.969,153.8,4,r-n-b
6iXWsJhve7nuPnvfz0pi2m,Dvice,Vamos Hacerlo,Vamos Hacerlo,45,209972,True,0.685,0.709,7,-7.155,0,0.0379,0.28,0.0,0.053,0.61,168.06,4,reggae
5VsfM32WcLbMlznpWpprkH,Timbalada,Mineral,Água Mineral,45,43266,False,0.463,0.687,6,-8.177,1,0.18,0.357,0.0,0.0824,0.97,177.545,4,reggae
2yYQoWq7leuRmrsP7EjOWS,Dazaranha,Nossa Barulheira,Salão de Festa a Vapor,45,239040,False,0.877,0.681,9,-4.754,1,0.0346,0.261,3.08e-06,0.312,0.919,112.0,4,reggae
0nWEAiGRzP8rkQJ9Githyh,Bubaseta,Babybumblebee,De León a Leona,45,198750,False,0.72,0.811,10,-2.566,0,0.0606,0.416,0.0,0.0805,0.855,96.027,4,reggae
67AUQswwoIM2Opd0bhBEcc,Fidel Nadal,Emocionado,Necesito Tu Amor,45,254413,False,0.714,0.827,5,-4.011,1,0.0325,0.00837,1.85e-05,0.226,0.781,144.081,4,reggae
7DGiwSAi7JqgndlMXcXTHE,Cidade Negra,Sobre Todas As Forças,Pensamento (Acústico),45,192440,False,0.673,0.693,7,-11.27,1,0.0557,0.0996,3.17e-05,0.0427,0.965,172.055,4,reggae
5n40SAKMk89wdWyhTfWzx4,Gondwana,RAS Portraits,Antonia,45,248213,False,0.763,0.64,0,-8.044,1,0.0411,0.298,0.00244,0.0538,0.94,95.487,4,reggae
4XuEiko0gQBN73HsRTNhkP,Ponto De Equilíbrio;Gabriel O Pensador,Essa É a Nossa Música,Nossa Música,45,232771,False,0.723,0.715,6,-4.999,0,0.093,0.065,0.0,0.161,0.773,90.014,4,reggae
5anbo4JjAPHa8UbEmRls05,Riley Green,If It Wasn't For Trucks (Big Machine Radio Release Special),Jesus And Wranglers,45,183560,False,0.579,0.754,4,-5.249,1,0.0261,0.00805,0.0,0.0803,0.734,124.036,4,country
50CjXiDFzVBVvwNv0LxAm3,Don Williams,Reflections,Sing Me Back Home,45,238990,False,0.738,0.417,4,-11.77,1,0.0261,0.392,0.00196,0.186,0.639,110.001,4,country
6nrWWTcOBmoLwcNrLRhY8n,Claude Debussy;Kathryn Stott,Kathryn Stott: The Complete Solo Recordings,"Deux Arabesques, L66: No. 1: Andantino con moto",45,272133,False,0.268,0.0124,9,-28.777,1,0.0358,0.99,0.922,0.0788,0.0726,70.582,4,classical
210uN31E64RF58k4j6Gh4f,Rakesh Chaurasia,Reiki Healing Music - at 432 Hz,Gratitude at 432 Hz,45,596181,False,0.212,0.108,4,-16.583,1,0.0364,0.985,0.952,0.111,0.0958,70.953,5,classical
6obKfbBp4fdgUMppwgg837,Dvice,Necesito de Ti,Necesito de Ti,45,193010,True,0.75,0.814,5,-3.623,0,0.0889,0.0829,0.0,0.31,0.937,91.015,4,reggae
13ssrpQNIvWrC07irugQzx,Bayron Fire,Mi Necesidad,Mi Necesidad,45,223701,False,0.746,0.682,5,-6.653,0,0.0499,0.0205,1.91e-05,0.129,0.45,88.05,4,reggae
33wiWULOgZ7ZW6ewOrxbWv,Dvice,U LA LA,U LA LA,45,187221,True,0.651,0.622,2,-7.701,0,0.0803,0.0862,0.0,0.11,0.298,139.765,4,reggae
5MIrspiQcYqNVB5XARdf5l,Edson Gomes,Ao Vivo Em Salvador,Árvore. - Ao Vivo,45,309200,False,0.457,0.716,0,-9.17,1,0.208,0.173,4.7e-06,0.969,0.548,174.739,4,reggae
74amPS3GlbQRg8OagnJgof,Stailok,Recetas,Magic,45,234995,False,0.761,0.44,10,-6.517,1,0.0458,0.423,0.00193,0.109,0.33,89.999,4,reggae
6kOuIhlzgPlqlrWPudpSHL,Shankar;Ehsaan;Loy;Udit Narayan;Sunidhi Chauhan;Gulzar,Bunty Aur Babli,Dhadak Dhadak,45,392411,False,0.76,0.807,6,-5.603,1,0.0866,0.304,0.0,0.11,0.562,113.975,4,jazz
4AGvLxSCLfHOjndRFUXPGd,Dazaranha,Daza,Fé Menina,45,189773,False,0.578,0.588,9,-8.281,1,0.0493,0.332,0.0,0.15,0.797,162.943,4,reggae
3DTHLA4DaMpgHrK1fRP2bF,Jeloz,Ilusión,Por Ti,45,187640,False,0.799,0.877,1,-4.875,1,0.0501,0.0674,0.0,0.0852,0.706,120.015,4,reggae
0cBKPAPnFdtBFjDpTYJeI7,Upchurch,King of Dixie,White Lightning,45,231232,True,0.792,0.577,7,-9.651,1,0.0952,0.0471,2.83e-06,0.167,0.541,139.99,4,country
6m3GKOLADaMvOT6iwT5FZ4,Joe Diffie,16 Biggest Hits,John Deere Green,45,271960,False,0.701,0.805,2,-5.584,1,0.0272,0.106,0.0,0.0581,0.696,130.406,4,country
7yBcGJFP5bAMpAfToEm0dm,Tyler Farr,Suffer in Peace,C.O.U.N.T.R.Y.,45,201026,False,0.459,0.89,9,-4.448,0,0.044,0.00245,7.23e-06,0.306,0.809,181.837,4,country
5dxgUzUSEMddBRjMZk6bj4,Lasse Stefanz,Road Trip,Huaröd,45,151484,False,0.647,0.813,9,-5.076,1,0.0758,0.135,0.0,0.173,0.826,153.994,4,country
05UpLy7Xd3eH6ZqHK125YZ,Rotlaus,På vei,Syng mej en song,45,220800,False,0.549,0.872,4,-4.892,0,0.0332,0.00262,0.0,0.302,0.66,130.953,4,country
27LtwN20Rvhi6LVmUaaucZ,Ezginin Günlügü,İlk Aşk,Zerdaliler,45,260480,False,0.407,0.292,2,-10.662,0,0.0497,0.94,0.00121,0.11,0.293,86.411,1,jazz
5kWMV8yuPP6zSdz4MZhjVh,Sultan Khan;Shreya Ghoshal;Salim Merchant,Ustad And The Divas,Leja Leja,45,269815,False,0.603,0.743,9,-7.013,1,0.0553,0.728,4.22e-05,0.103,0.341,100.021,4,classical
3ZtIwbJDYiJNeJEs2CuvKV,Ramesh Mishra,Popular Covers - Saregama And Pehchan Music Vol - 4,Meri Sansaon Main Basa Hai,45,141061,False,0.4,0.148,0,-12.625,1,0.0341,0.95,0.0,0.132,0.486,70.628,4,classical
2LxGrlboLTVvmegFyRtdP5,Sertab Erener;Can Bonomo,İyiliğe Ninniler,Fış Fış Kayıkçı,45,424029,False,0.657,0.134,0,-13.431,1,0.0357,0.986,0.0,0.114,0.119,117.838,4,jazz
6ydqEdlzueCGmQE2oosecr,The Little Willies,For The Good Times,For The Good Times,45,226213,False,0.424,0.161,0,-10.407,1,0.0339,0.866,0.00178,0.11,0.295,85.499,4,jazz
71ydqtysocsBcbQynzGvlh,Stan Getz;João Gilberto;Astrud Gilberto;Antônio Carlos Jobim,Work From Home with Stan Getz,Corcovado (Quiet Nights Of Quiet Stars) - Single Version,45,139986,False,0.531,0.198,9,-15.811,0,0.039,0.952,0.00267,0.119,0.437,128.043,4,jazz
4VAGzIfRbcC55lqfvUxmgs,George Howard,Cool Covers - Smooth Jazz Plays The Hits!,Love Will Follow,45,380866,False,0.683,0.6,7,-10.334,1,0.0324,0.58,0.452,0.0815,0.791,99.135,4,jazz
61cxfQqN4UOhCpNsj3mBl5,Prasanna;Namitha Babu,Chandi Veeran (Original Motion Picture Soundtrack),Alunguraen Kulunguraen,45,270000,False,0.57,0.703,7,-5.51,1,0.0486,0.313,5.92e-06,0.0556,0.598,172.025,4,classical
0dQfSf8Fxh5npCsCv6R6iQ,Elis Regina,Elis (Remastered),Casa No Campo - Remastered 2021,44,171530,False,0.509,0.368,0,-9.611,1,0.0573,0.317,1.67e-06,0.281,0.16,119.552,4,jazz
4GaTyDp4257sMSNbNXIlMW,Bombay Jayashri,Baahubali - The Beginning,Mamta Se Bhari,44,228985,False,0.63,0.414,9,-9.888,0,0.0291,0.615,0.000329,0.162,0.394,100.946,4,classical
5vEopnR9F4viOgBg0agaOD,Beny Moré,RCA 100 Años De Musica,¿Cómo Fue?,44,175040,False,0.578,0.269,1,-11.073,1,0.0405,0.781,0.243,0.102,0.421,98.515,4,jazz
3hfh3VfPtFVtB9KnuNtJXo,Hariprasad Chaurasia,The Raga Guide,Bhupali,44,214666,False,0.488,0.0799,4,-28.028,1,0.0499,0.983,0.177,0.118,0.275,105.237,3,classical
5UStrdTMXC3qwEQSEv1HWo,Plumbo,Gamle helter,Gamle helter,44,208615,False,0.686,0.797,7,-5.527,1,0.0288,0.0184,0.0,0.345,0.854,130.007,4,country
23auRivC8Z0CB4nS84sDiW,Hellbillies,Niende,Råka tå ei pil,44,253679,False,0.306,0.771,0,-6.162,1,0.0352,0.00416,0.0,0.114,0.348,176.529,4,country
6h5hwJ9ZfFZ81JqBjhgLwe,Too Far Gone,Bæst I Test,Kæm Tok Ho Me Sæ,44,186453,False,0.545,0.621,0,-7.598,1,0.0289,0.159,3.85e-05,0.292,0.339,170.199,4,country
082RMdL3KhOLIKX122AV97,Subhi;Kanishk Seth,Laapata,Laapata,44,166666,False,0.566,0.402,8,-9.43,1,0.0319,0.706,6.82e-05,0.102,0.125,162.202,3,jazz
4Gresv7JWudO3BhMFCVxge,Lasse Stefanz,Den lilla klockan,Vi går mot ljuset,44,194906,False,0.614,0.768,7,-8.968,1,0.0288,0.419,1.81e-06,0.0839,0.846,112.38,4,country
40ZhguqieJZ0AJTHKQY6Q4,Gunslingers,Hardanger,Hardanger,44,236387,False,0.64,0.722,4,-6.264,1,0.0396,0.0965,0.0,0.272,0.52,131.067,4,country
1vGKGe8os1xUphjwyYxhju,Adam Calhoun,War,Tombstone,44,189210,True,0.671,0.733,7,-7.348,0,0.361,0.229,0.0,0.139,0.62,78.03,4,country
38Qxu73W4pnkkwlKJaLfUK,Rotlaus;Synne,Ei tid (Akustisk versjon),Ei tid - Akustisk versjon,44,242906,False,0.492,0.694,11,-6.033,0,0.0276,0.0765,0.0006,0.316,0.366,89.93,4,country
0iHjqIQdw2IMhD5j23gci7,Upchurch,King of Dixie,Legend,44,221866,True,0.909,0.77,5,-8.364,0,0.271,0.115,0.0,0.106,0.757,146.985,4,country
6rGkeKNrpmTOHNsgiKU429,Tyler Childers,Bottles and Bibles,The Harvest,44,184520,False,0.588,0.163,7,-13.481,1,0.0341,0.936,0.0,0.115,0.559,73.303,4,country
0wQCiHAgUJdlBdRtdrnLFK,Riley Green,Riley Green EP,North On 21,44,207360,False,0.614,0.589,6,-8.38,1,0.0351,0.472,0.0,0.109,0.351,148.076,4,country
7BmrtjHe3CSS0vN7XJt80Y,Upchurch,King of Dixie,Traveler,44,166272,True,0.786,0.599,4,-9.949,0,0.0602,0.454,6.95e-06,0.111,0.482,139.975,4,country
5WSej8avliNGF113FGCDJL,Koe Wetzel,Sellout,Outcast,44,241005,False,0.511,0.347,1,-8.729,0,0.025,0.726,0.00105,0.375,0.0514,95.088,4,country
2zIXd7qeMY696KKiJrk6r2,Upchurch,King of Dixie,Tunnel Vision,44,150218,True,0.773,0.516,10,-10.011,1,0.0613,0.457,0.0,0.278,0.358,138.944,4,country
4Z6wHGFWv1uxPGxuthqQav,Eddie Rabbitt,Variations,The Room at the Top of the Stairs - 2008 Version,44,219066,False,0.772,0.412,4,-11.682,1,0.0305,0.378,0.000199,0.184,0.605,108.352,4,country
006tmNZLXEXPqdb23wwSN1,İlhan İrem,Bezginin Gizli Mektupları,Yemyeşil Bir Deniz,44,358173,False,0.486,0.568,9,-9.199,0,0.0417,0.652,0.0,0.834,0.65,127.184,4,jazz
6D8MQ04WjnY9Jrhi1MdNFa,Müzeyyen Senar,"Yayınlanmamış Şarkılar, Vol. 2",Gamzedeyim Deva Bulmam,43,197146,False,0.294,0.441,4,-7.625,0,0.0327,0.836,0.467,0.102,0.328,143.52,4,jazz
4fRXTcxDbKX3CqvTT49Qb7,Kadri Gopalnath;Nithyasree,Sangamam,Sowkkiyama,43,354190,False,0.662,0.681,11,-10.138,1,0.0477,0.284,0.00148,0.0769,0.414,99.986,4,classical
3IeXqCUNquwfnUQrEXSDnu,Leman Sam,İlla,Ayrılığa Dayanamam,43,195626,False,0.645,0.37,7,-8.955,1,0.0367,0.82,0.0,0.177,0.53,126.029,4,jazz
0syWP6hExPrVVfq8yVL0oa,Priya Sisters,Lalitha Pancharatnam,Lalitha Sahasranama Sthothram,43,1755311,False,0.54,0.438,9,-8.409,1,0.0765,0.815,0.0,0.388,0.777,89.848,1,classical
67JdxRxKgYprfdEpb3VqHb,Upchurch;Katie Noel;Chucky V,Parachute,Dance with the Devil (feat. Katie Noel & Chucky V),43,244947,True,0.711,0.813,4,-7.085,0,0.0535,0.0248,0.0,0.0941,0.347,159.92,4,country
6WuG5vCUiW5c4GTWIb9AI2,Parker McCollum,Gold Chain Cowboy (Special Edition),To Be Loved By You,43,199680,False,0.475,0.805,10,-4.456,1,0.0377,0.000453,0.0,0.143,0.488,145.976,4,country
3sLWLYFIRgbbvKYhYCyK1D,Parker McCollum,Gold Chain Cowboy,Never Loved You At All,43,181066,False,0.552,0.891,2,-4.008,1,0.0344,0.0908,0.0,0.391,0.851,107.969,4,country
7fPeYkxfPi3ig1OSvR5C1Z,Tomgang,Scaniakusken,Scaniakusken,43,240096,False,0.585,0.731,11,-6.795,1,0.056,0.473,1.23e-05,0.134,0.853,151.95,4,country
0DAMv2If2x4wHf7q7MZQna,Tomgang,Ei tid e forbi,Ei tid e forbi,43,226942,False,0.647,0.809,9,-6.97,1,0.0267,0.00781,4.18e-05,0.237,0.665,99.975,4,country
5IfdDiOJitysgex3qEL0bn,Bleu Edmondson,Southland,$50 Dollars and a Flask of Crown,43,205826,False,0.748,0.695,4,-7.755,1,0.0358,0.215,0.000264,0.246,0.876,114.927,4,country
1zEvVF0TuZ25UHnzAutUuX,Mini Thin,City Bitch,City Bitch,43,205387,True,0.791,0.606,7,-12.038,1,0.296,0.0706,0.0,0.33,0.799,134.979,4,country
5D2cMPwNY9Ftb7vqInLLQK,Zach Bryan,Highway Boys,From Austin,43,207453,False,0.5,0.485,0,-7.94,1,0.0422,0.633,1.26e-06,0.107,0.379,109.755,4,country
2A3h00rEz4kKkSkW9Pg0N6,Adam Calhoun;Big Murph,The Throne,Shut Up,43,153076,True,0.837,0.654,0,-5.148,0,0.16,0.0771,0.0,0.432,0.292,138.007,4,country
60mjh18gaMX1yrZPcAjtNB,Tyler Childers,Bottles and Bibles,We've Had Our Fun,43,187173,False,0.574,0.306,11,-11.877,0,0.0292,0.865,0.00258,0.117,0.491,90.575,4,country
1Km9uekyhNf8LzAHflscWg,Upchurch,Hideas: The Album,Hideas 9,43,182122,True,0.942,0.76,10,-6.886,0,0.163,0.0648,5.79e-05,0.134,0.37,110.036,4,country
78vTiLFfciZ5kiryzaWFbk,Vassendgutane,Ungkar med dobbelseng,Hjortejakt,43,240546,False,0.62,0.828,7,-4.74,1,0.0251,0.0658,0.0,0.293,0.766,107.562,4,country
47upBXry4b2wDitlGmwsve,Rotlaus,Bygderamp,Bygderamp,43,201561,False,0.487,0.723,0,-4.315,1,0.0278,0.0567,0.0,0.377,0.257,169.834,4,country
2NJOi0ZgOrYLoVKlkqjgsN,Bailey Zimmerman,Fall In Love,Never Comin' Home - Live Acoustic,43,198958,False,0.585,0.51,10,-6.028,1,0.0322,0.427,0.0,0.0997,0.436,135.24,3,country
7Amg1NLsU6NsPUsDzkJn0f,Upchurch,Son of the South,Walking Tall,43,161415,True,0.789,0.572,7,-11.271,1,0.115,0.203,0.0,0.119,0.689,113.021,4,country
5j41TsRGWaY3k9WLMTaDQu,Bailey Zimmerman,Change,Never Comin' Home,43,194270,False,0.556,0.59,10,-6.846,1,0.029,0.25,0.0,0.109,0.573,143.972,4,country
41fQMNPgj3QnyAFJhEepKx,Gunnar & The Grizzly Boys,Standard American,Standard American,43,209053,False,0.72,0.922,11,-4.827,0,0.113,0.0323,0.0,0.452,0.687,93.004,4,country
1esj1LFgfyFRbU5brtALfE,Reckless Kelly,The Day,Crazy Eddie's Last Hurrah,43,205253,False,0.53,0.87,7,-6.488,1,0.0936,0.0146,6.84e-06,0.367,0.735,147.877,4,country
5N1OpDajUX3bIMiDEVEK0U,Kelsea Ballerini,Unapologetically,I Hate Love Songs,43,191186,False,0.385,0.446,11,-7.806,1,0.0298,0.247,0.0,0.189,0.401,179.94,3,country
0xjKyw8MYQY33BlY9bvqCS,Rotlaus,På vei,Ei runde til,43,236520,False,0.608,0.832,4,-5.38,0,0.0237,0.0153,1.07e-05,0.179,0.525,102.99,4,country
5lG3i1d8SozygnpVfbEsAg,Byting,Byting,Huldersølv,43,164088,False,0.701,0.637,1,-6.857,0,0.0265,0.243,0.0,0.0934,0.865,112.023,4,country
1a0ro0Q0fbLkGTMucWgFTb,Bailey Zimmerman,Change,Small Town Crazy,43,162352,False,0.502,0.877,7,-2.847,1,0.0746,0.0129,0.0,0.244,0.696,170.123,4,country
3n2BgDsO63JKpqftVR2Ysc,A. Kanyakumari;Janardan Mitta,Prashantham,Raga - Neelambari,43,122640,False,0.273,0.08,1,-13.988,1,0.0422,0.986,0.253,0.0628,0.184,88.252,4,classical
35Krmwgrk5mTqD0mptXlU5,Bombay Jayashri,Patchai Kili Muthucharam (Original Motion Picture Soundtrack),Unakkul Naane,43,281103,False,0.701,0.559,7,-12.297,0,0.0537,0.752,0.00077,0.0935,0.542,112.99,4,classical
5O9R57EozcpLKGQBzadPVy,Meg Birch,Life Sucks Playlist,Only Love Can Hurt Like This,43,194194,False,0.534,0.213,1,-8.64,1,0.0283,0.884,0.0,0.107,0.0998,98.385,4,jazz
4s810RJapePf28HaMO92mY,Brous One;Matiah Chinaski,Un Momento en el Tiempo,El Repaso,42,175409,True,0.742,0.664,1,-8.432,0,0.261,0.301,0.0,0.0675,0.79,91.063,4,jazz
1IhURnZpLfkVO7fKxBGL0a,Andien,Gemintang,Gemintang,42,259853,False,0.715,0.446,4,-10.232,1,0.0346,0.333,0.0772,0.113,0.59,145.015,4,jazz
0qjstg4kewevPiMlXQo32R,MFÖ,Agu,Vurgun Yedim,42,193200,False,0.399,0.485,4,-12.516,1,0.0336,0.155,9.41e-05,0.112,0.376,86.074,4,jazz
1RTcQvHYYB69XlQKvJe6h4,Bombay Jayashri,Excuse Me,Prethese Antha,42,288496,False,0.547,0.62,11,-8.601,1,0.062,0.408,0.0002,0.0996,0.2,83.997,4,classical
3soQ0e19kGGF6CDyCoZvrt,Müzeyyen Senar,Esiri Zülfünüm,Akşam Oldu Hüzünlendim Ben Yine,42,166680,False,0.279,0.471,4,-8.347,0,0.0359,0.913,0.00328,0.316,0.349,104.432,4,jazz
69aOeHaVpr4dxUWBW6F4Rb,Anita Baker,Jazz Ballads Classics,Body and Soul,42,342000,False,0.532,0.432,8,-10.481,0,0.0387,0.55,0.0,0.0754,0.219,109.112,3,jazz
7kSaXrHANOFv8iXgh2gvgA,Brad Mehldau,"Progression: The Art of the Trio, Vol. 5",The Folks Who Live on the Hill - Live,42,590666,False,0.422,0.0793,3,-23.268,1,0.0487,0.958,0.878,0.713,0.119,139.312,1,jazz
4PdRmauZ4AF8HJiwpMVaXT,Ayten Alpman,Ben Böyleyim (45'lik),Ben Böyleyim,42,206725,False,0.399,0.496,5,-7.763,0,0.0509,0.905,0.00786,0.26,0.62,113.625,3,jazz
6DCXwlDxgCDXEFWlNEgWoj,Rotlaus,Når vi to blir en,Når vi to blir en,42,215000,False,0.558,0.898,7,-5.324,1,0.0301,0.0096,0.0,0.38,0.737,87.015,4,country
0Npdhq5RUQ3C5clbzOZmtQ,Lasse Stefanz,I ett fotoalbum,I ett fotoalbum,42,181946,False,0.593,0.555,0,-9.865,1,0.0254,0.483,0.0,0.0937,0.648,81.986,4,country
6Lo21kYgNY0ASua2c4aQvN,BEIST,Dans som en idiot,Råne-Ræser,42,194170,False,0.715,0.649,4,-8.077,0,0.0286,0.639,0.000339,0.491,0.722,105.058,4,country
0lRtPuJoG47Mhm6a69Uewk,Rotlaus,På vei,På vei,42,279240,False,0.467,0.789,7,-6.404,1,0.029,0.0235,6.21e-06,0.128,0.351,87.958,4,country
6SLQTs6vHo5aZrKLukqvnk,BEIST,Bøgdafest,Bøgdafest,42,161880,False,0.712,0.844,0,-5.052,1,0.103,0.146,0.0,0.138,0.679,140.063,4,country
20hTmPgYgVWwtVgrSr3VFH,Tyler Childers,Bottles and Bibles,Silence,42,125413,False,0.502,0.301,7,-12.496,1,0.0315,0.835,9.95e-05,0.34,0.261,126.898,3,country
59t4K6bhYE1AhYreLD4ULB,Spelloppmaker,Langt Herifrå,Langt Herifrå,42,264408,False,0.547,0.676,0,-5.721,1,0.0336,0.498,0.0,0.147,0.149,119.97,4,country
4mbwslolhrTX8PlqGmZ8WE,Riley Green,We Out Here: Live,Dixieland Delight - Live,42,330939,False,0.254,0.909,1,-6.556,1,0.0713,0.00112,0.000334,0.925,0.437,94.32,4,country
2LvtkR0gz5SJ8Tz4hV6z35,Lollypop Lorry,Live at Octopus,I Won't Let You Go (Live),42,122334,False,0.697,0.509,10,-6.0,0,0.0344,0.107,1.42e-05,0.0471,0.902,126.076,4,jazz
2FU1YUBRONE4XXTiffe2Bv,Sertab Erener;Öykü Karayel,İyiliğe Ninniler,Benim Annem Güzel Annem,41,145008,False,0.671,0.185,0,-10.555,1,0.0302,0.986,0.0,0.106,0.353,77.943,3,jazz
1smXC6H0O8po3P4bS7MrgC,İlhan İrem,Dünden Yarına,Konuşamıyorum (Sazlıklardan Havalanan),41,226493,False,0.607,0.536,4,-13.088,0,0.0323,0.162,0.0692,0.0935,0.562,108.427,4,jazz
4qxInLVzSSRdV5ARt81xRI,Alice Babs;Titti,Sjung med oss mamma,Tula hem och tula vall,41,135840,False,0.405,0.038,0,-19.058,1,0.0427,0.968,0.0,0.106,0.288,88.028,1,jazz
2PhDSnvzHU4NKuKTtUD6Ea,Billo's,Exitos De Billo's Caracas Boys,Boquita Sala,41,175647,False,0.599,0.545,4,-8.675,0,0.0695,0.72,0.000183,0.0807,0.966,182.884,4,jazz
6evqur3UoNFDzJp3eY86dq,Sertab Erener,Tesadüf Aşk,Tesadüf Aşk,41,233042,False,0.437,0.479,6,-5.698,0,0.0326,0.841,0.0,0.185,0.308,141.49,4,jazz
39BYcHLXEyVRZ3WBlaUa6E,Sertab Erener,İyiliğe Ninniler,Dandini Dandini Dastana,41,149168,False,0.506,0.233,3,-12.077,0,0.0276,0.957,2.8e-05,0.116,0.275,88.08,4,jazz
5RtowNGRzi71N0vz38qJ8R,Bo Kaspers Orkester,Dansa på min grav,Dansa på min grav,41,219253,False,0.665,0.342,3,-10.064,1,0.0298,0.696,0.0793,0.112,0.338,111.992,4,jazz
6ECA4muVp3hMB6jSYQNohb,MALIQ & D'Essentials,Free Your Mind,Heaven,41,215746,False,0.652,0.636,6,-7.152,0,0.0672,0.847,0.00731,0.381,0.852,95.088,4,jazz
4RNuCCsvfGF03sfmboHwlT,Peyk,Suluşaka,Gidin,41,195533,False,0.698,0.532,4,-8.513,1,0.032,0.226,0.00425,0.0684,0.394,105.909,4,jazz
0x0iBUW3dkKC652ja6RNcc,Yura Yunita,Duhai Sayang,Duhai Sayang,41,201700,False,0.686,0.257,0,-12.066,1,0.0525,0.921,0.00462,0.116,0.399,142.128,4,jazz
22UgCquORz262duHcMTSfM,MALIQ & D'Essentials,25 Tahun McDonald's Indonesia,Bagaimana Kutahu,41,172235,False,0.602,0.666,3,-7.047,0,0.0631,0.343,0.0,0.0911,0.723,84.997,4,jazz
12SNxpytVKahQ25nOTpbFX,Jehan Barbur,Kusura Bakmasınlar,Kusura Bakmasınlar,41,247160,False,0.65,0.577,4,-8.728,0,0.0426,0.543,1.23e-06,0.18,0.373,81.986,4,jazz
6O3FZGHypfvAJNsY12MPAJ,Müzeyyen Senar,Müzeyyen Senar Yayınlanmamış Şarkılar (Altın Arşiv Serisi),Kimseye Etmem Şikayet,41,222106,False,0.257,0.422,5,-4.838,1,0.0311,0.948,0.00821,0.322,0.334,96.078,4,jazz
3qeXSz02VoeNntvBX0Skw6,Zülfü Livaneli,"Bütüneserleri, Vol. 6 (Günlerimiz)",Kardeşin Duymaz,41,219973,False,0.609,0.423,0,-11.647,0,0.0308,0.797,0.00461,0.141,0.39,135.601,4,jazz
34U3O5S4N77R7dTEh9TGfD,Yeni Türkü,Yeni Türkü Koleksiyon,Maskeli Balo,41,173133,False,0.609,0.435,4,-10.651,0,0.0254,0.669,0.0,0.169,0.769,92.632,4,jazz
3ARjJ9tbdhlmgiG1vyiGNX,Bombay Jayashri,Cheli (Original Motion Picture Soundtrack),Manohara,41,300573,False,0.682,0.392,11,-11.303,0,0.0498,0.452,9.85e-05,0.276,0.62,143.791,4,classical
577q8gGSTryRxX1YHWSjWk,Birsen Tezer,Kadın,Kadın,41,341094,False,0.545,0.467,7,-8.641,0,0.0291,0.706,1.92e-06,0.112,0.251,88.178,4,jazz
4yNdgz1fkB7vF6XPZgdEp1,Wolfgang Amadeus Mozart;Mao Fujita,Mozart: The Complete Piano Sonatas,"Piano Sonata No. 18 in D Major, K. 576 ""Hunt"": II. Adagio",41,301400,False,0.325,0.0735,9,-26.065,1,0.0506,0.991,0.929,0.0804,0.213,173.798,4,classical
6JoMhlsYqtzwBCVZaEdO6j,Christoph Willibald Gluck;Karlheinz Zoeller;Berliner Philharmoniker;Herbert von Karajan,Herbert von Karajan - Adagio 2,Orfeo Ed Euridice: Dance of the Blessed Spirits (Act II),40,409000,False,0.201,0.0659,5,-27.143,1,0.0521,0.972,0.931,0.0551,0.089,91.363,4,classical
6nJi2wdbnVaMKCWoeHbMni,Ruth Sahanaya,Greatest Hits,Bawa Daku Pergi,40,328906,False,0.708,0.786,1,-6.729,1,0.0513,0.186,0.00216,0.118,0.675,113.034,4,jazz
4YjAQxCMyQaz0j5C1OIARr,Helen Humes,Blue and Sentimental,Flippity Flop Flop,40,124253,False,0.729,0.216,0,-10.865,1,0.0795,0.735,0.0,0.0615,0.755,129.851,4,jazz
7hSnUKB7xmb8p7y3GFRz0s,Lisa Nilsson,Sånger om oss,Var är du min vän,40,194026,False,0.459,0.324,11,-10.872,1,0.0283,0.777,3.95e-06,0.112,0.641,143.231,4,jazz
7LN8r323npl8Yc0wOdDSqu,Müzeyyen Senar,"Yayınlanmamış Şarkılar, Vol. 2",Unutturamaz Seni Hiçbir Şey,40,148893,False,0.324,0.397,2,-9.066,0,0.04,0.85,0.689,0.0865,0.52,108.332,4,jazz
5IDS56FCiyNOvxpb4Qlnlg,Priya Sisters,Lalitha Pancharatnam,Lalitha Pancharatnam,40,331668,False,0.67,0.378,4,-6.312,1,0.0311,0.835,0.0,0.0999,0.479,102.968,4,classical
07HhkAkLc932NMs6zB6AiA,Zeki Müren,Anılarım,Gökyüzünde Yalnız Gezen Yıldızlar,40,214426,False,0.321,0.507,0,-10.673,0,0.0543,0.88,1.05e-06,0.314,0.467,114.23,4,jazz
2BxRxqP6gqHHO0dQzse8pe,Kızılırmak,Gölge,Adıyaman,40,133720,False,0.599,0.365,6,-7.628,0,0.0282,0.867,0.0,0.209,0.459,127.962,4,jazz
09SsT6U26aWDG3VeiZUA4e,Nazan Öncel,Sokak Kızı,Erkekler De Yanar,40,230320,False,0.683,0.77,6,-6.49,1,0.0246,0.00263,7.03e-06,0.354,0.784,102.732,4,jazz
4GVzBVrDce2kS5TDQBMUJ5,MFÖ,Ele Güne Karşı Yapayalnız,Bu Sabah Yağmur Var İstanbul'da,40,220641,False,0.504,0.245,2,-11.935,1,0.0331,0.706,0.0,0.137,0.266,120.0,4,jazz
0sg2tsm1SRoCFbTCdRoJL8,Paté de Fuá,Amores Ajenos,Cien Años,40,205794,False,0.804,0.631,5,-8.094,1,0.0371,0.162,3.85e-05,0.22,0.919,94.977,4,jazz
4oowGH3baaetOYlEVUglhU,Frédéric Chopin;Daniil Trifonov,Chopin For The Brain,"Fantaisie-Impromptu In C-Sharp Minor, Op. 66",40,336093,False,0.283,0.0521,1,-25.091,1,0.0394,0.993,0.892,0.105,0.0561,70.338,3,classical
5cZkudJYkjAKcU4Cs0BM6H,Tanju Okan,Bir Zamanlar (Best Of),Dostlarım,40,247560,False,0.328,0.613,2,-6.47,0,0.0335,0.545,0.0,0.377,0.473,99.824,4,jazz
7FzPmvCXC8CqwP9AkIkPA9,Frida Ånnevik,Det jeg vil ha (fra deg),Det jeg vil ha (fra deg),40,203263,False,0.486,0.268,8,-11.527,1,0.0313,0.882,7.81e-05,0.103,0.213,109.216,4,jazz
7oDCqI6qYIc2ebiduj7RkM,Hariprasad Chaurasia,The Raga Guide,Jogiya,40,239493,False,0.515,0.0781,9,-25.804,0,0.0437,0.986,0.844,0.164,0.273,101.393,4,classical
5cQANJMHoDKb2fCxr5pZkq,Leo Gandelman;Baco Exu do Blues;Machine Series,Hip Hop Machine #6,Flamingos,40,367658,False,0.562,0.507,1,-9.754,1,0.121,0.682,0.000227,0.175,0.65,73.313,4,jazz
3mvP667bhJfOlex53b2oFT,Tommy Flanagan,The Smart Attitude of Tommy Flanagan,Delarna,40,283040,False,0.452,0.242,2,-16.941,1,0.0344,0.698,0.46,0.0942,0.347,101.194,4,jazz
4v5PKC5rvQwb33NWX82UH8,Carlos Lyra,Bossa Nova Carlos Lyra,Você e Eu (You and Me),40,63506,False,0.681,0.253,4,-17.969,0,0.0457,0.77,3.43e-06,0.0919,0.767,94.867,4,jazz
2f0RHvSl1vVGsnT9oxOHsS,Edvard Grieg;Gothenburg Symphony Orchestra;Neeme Järvi,Grieg: Complete Music with Orchestra,"Holberg Suite, Op. 40: I. Präludium (Allegro vivace)",40,180000,False,0.233,0.0637,7,-22.57,1,0.0373,0.918,0.947,0.118,0.268,135.338,4,classical
5E0Rk6dIfej6CzPN8yuH7f,Levent Yüksel,Med Cezir,Kadınım,40,271699,False,0.625,0.32,0,-15.046,0,0.0308,0.433,1.81e-05,0.117,0.305,101.865,4,jazz
2nAKXs0tQPOXSnK9mFmqy5,Hüsnü Arkan,Bir Yalnızlık Ezgisi (Remastered),Nereye Uçar Turnalar - Remastered,40,249856,False,0.572,0.377,7,-10.625,0,0.0413,0.79,3.6e-06,0.159,0.559,144.015,4,jazz
0NL7yybnhCEnTqAZZ28Vkl,Hüsnü Arkan;Feyza Eren,Yalnız Değiliz,Yağmurlar,40,298546,False,0.539,0.393,11,-6.499,0,0.0247,0.814,3.82e-05,0.113,0.235,95.977,4,jazz
0EaHW2BpzOP4P06FqUwkqL,İlhan İrem,Dünden Yarına,Yazık Oldu Yarınlara,40,248200,False,0.617,0.555,4,-12.872,0,0.0328,0.332,0.255,0.258,0.691,107.352,4,jazz
3LhrqTEJyY0TYlaUhSj5e9,Müzeyyen Senar,Saklı Kayıtlar (1934 - 1996),Benzemez Kimse Sana,40,157146,False,0.352,0.442,9,-5.14,0,0.0323,0.818,0.00373,0.101,0.464,112.633,3,jazz
74afik91rYltgoAHjaBBJV,Sirkazhi Govindarajan,Ethir Neechal,Vettri Venduma,40,161123,False,0.564,0.296,6,-18.489,1,0.179,0.99,0.883,0.492,0.931,109.566,4,classical
7M7iBPqs90p3qLUzsHgAIr,Vedavathi Prabhakar;CHAYA DEVI,Laali Thaali,Godakunna Thelunu Chusi,40,60481,False,0.351,0.481,11,-2.719,1,0.0485,0.697,0.0,0.327,0.777,199.258,4,classical
6mVZ46TZ8S4XLknpAXUfhI,M. S. Subbulakshmi,Anubhti - The 'MS' Experience,Pibare Ramarasam - Yamunakalyani - Adi,40,187480,False,0.469,0.477,11,-9.399,1,0.0401,0.995,0.89,0.41,0.6,84.425,4,classical
7d20zqaMNkVeG0xSiO3bAE,Vasantrao Deshpande,Ashtavinayak,Pratham Tula Vandito,40,373560,False,0.284,0.426,9,-12.29,1,0.0385,0.984,0.000659,0.216,0.665,76.365,4,classical
7I9xKtogwLsrAWElRo2j3f,Soolamangalam Sisters,Sri Skandha Guru Kavasam,Sri Skandha Guru Kavacham,40,1341746,False,0.64,0.494,0,-8.186,1,0.0592,0.96,0.0,0.0706,0.668,116.006,3,classical
5iLvprNgPn14wije5V6djv,Robert Broberg,Höjdare,Vatten,40,135626,False,0.592,0.535,2,-9.747,1,0.0512,0.351,0.0,0.543,0.564,169.967,4,jazz
2sLvYnCS3S8klPvZGXGic2,Elis Regina;Adoniran Barbosa,Elis Regina,Tiro Ao Álvaro,39,162400,False,0.603,0.649,10,-7.006,1,0.104,0.463,0.0,0.101,0.957,93.781,4,jazz
560hhPa9vwZonMVt56uSMd,Jehan Barbur,Sarı,Güzel Adam,39,252813,False,0.605,0.216,8,-11.59,0,0.0391,0.907,1.27e-05,0.0956,0.23,119.623,4,jazz
3K2js6iGwWiAoMpCkuJG7M,Yura Yunita,Buktikan,Buktikan,39,186642,False,0.771,0.664,8,-3.825,1,0.0443,0.172,0.000114,0.0926,0.672,96.965,4,jazz
1jVVc6xsGbG9frXgMAX3RR,Yeni Türkü,Şimdi Ve Sonra,Sevgi Özleyendir,39,195186,False,0.458,0.655,4,-6.856,0,0.0318,0.516,0.0,0.203,0.38,80.174,4,jazz
4tGNtRblzjwLkHllmH8rIS,Moğollar,Umut Yolunu Bulur,Çaya Kaç Şeker,39,262293,False,0.541,0.52,0,-10.12,0,0.0314,0.372,0.0261,0.105,0.584,81.973,3,jazz
6A9LfLZ5pDN7os9fovGyGJ,Müzeyyen Senar,Çilingir Sofrası - Oturak Alemi,Sevmekten Kim Usanır,39,289733,False,0.327,0.422,5,-6.289,0,0.0398,0.803,0.00766,0.0947,0.34,145.945,4,jazz
0PxqK0EMignEIxkpU3UgPC,MALIQ & D'Essentials,1st Special Edition,The One,39,282333,False,0.714,0.606,7,-7.496,0,0.0709,0.652,2.47e-05,0.117,0.678,79.014,4,jazz
1m37Hf4mCV6XoGA1AuSfR9,Moğollar,Moğollar'94,Dinleyiverin Gayri,39,235199,False,0.768,0.485,1,-13.449,0,0.0685,0.142,1.92e-06,0.269,0.838,115.866,4,jazz
7ukgPiKTMVFYaXlAjvTCA5,M. S. Subbulakshmi,Bhaja Govindam And Vishnu Sahasranamam,Vishnu Sahasranamam - Dhyanam,39,1798933,False,0.683,0.264,5,-9.791,1,0.336,0.899,0.0,0.141,0.549,101.052,4,classical
031UpfMz8ezzJSB39T07f0,Stan Getz;João Gilberto;Astrud Gilberto;Antônio Carlos Jobim,Summer Samba! - Stan Getz,The Girl From Ipanema - Single Version,39,167226,False,0.695,0.178,5,-15.743,0,0.0346,0.875,0.000196,0.0929,0.486,130.415,4,jazz
0S4HB769BP3gdVWfe7SLtS,Nazan Öncel,Yan Yana Fotoğraf Çektirelim,Beyoğlu,39,222320,False,0.661,0.764,5,-6.572,0,0.0357,0.0613,0.0,0.261,0.637,114.949,4,jazz
0RAKF0lg3EvPQAKHMnsqO2,Dian Pramana Poetra;Deddy Dhukun,5 Bintang Populer,Masih Ada,39,240946,False,0.335,0.376,7,-8.329,0,0.0328,0.558,0.000104,0.172,0.268,121.225,4,jazz
0CflRiqtl8oVKuvscVgy6F,MALIQ & D'Essentials,Mata Hati Telinga,Mata Hati Telinga,39,267600,False,0.786,0.303,4,-10.698,0,0.0352,0.811,2.1e-06,0.15,0.42,118.043,4,jazz
58eep3qNeyo1diSqxcLfG5,T. R. Mahalingam,Maalaiyitta Mangal,Senthamizh Thaenmozhiyal,39,188093,False,0.415,0.36,4,-10.582,0,0.226,0.993,0.82,0.195,0.604,82.374,4,classical
3KThRpXIa6uyM9AMBpfBjM,Müzeyyen Senar,Gelse O Şuh Meclise (Deluxe),Gündüzüm Seninle,39,187750,False,0.397,0.237,5,-13.597,1,0.0387,0.974,0.102,0.145,0.233,124.733,4,jazz
2w7LbnZdWCG9Ux7gzVbQFC,Levent Yüksel,Aşk Mümkün müdür Hala?,Aşk Mümkün Müdür Hala?,39,243253,False,0.629,0.732,9,-4.179,1,0.0497,0.605,5.72e-05,0.193,0.449,100.025,4,jazz
3s7F88geiKnUqzeQqDDBCD,Luiz Ayrao,20 Super Sucessos: Luiz Ayrão,A Saudade Que Ficou - O Lencinho,39,245673,False,0.705,0.755,1,-4.727,0,0.0656,0.346,0.0,0.064,0.887,103.92,4,jazz
0x98TljIUZtLffQkRPoVb6,Wolfgang Amadeus Mozart;Daniel Barenboim;Berliner Philharmoniker,Mozart: Piano Concertos Nos. 20 & 22,"Mozart: Piano Concerto No. 20 in D Minor, K. 466: I. Allegro",39,872760,False,0.294,0.0949,2,-22.207,0,0.0365,0.983,0.913,0.204,0.144,134.184,4,classical
2u3aQ9fMrUaC5vcxRb853x,Utha Likumahuwa,Nada & Apresiasi,Kenikmatan Tersendiri,39,238706,False,0.62,0.624,5,-10.496,1,0.0753,0.885,0.0651,0.246,0.711,88.219,4,jazz
0HLLXulya71QkF53jef2U3,Ceylan Ertem,Yine De Amin,Kovdum,39,225777,False,0.483,0.49,6,-7.935,1,0.04,0.819,0.000109,0.157,0.247,77.141,4,jazz
7sXZJsHoJ1f4kaUrDlJhci,Leman Sam,İlla,İlla,39,304266,False,0.522,0.628,8,-4.769,1,0.0309,0.646,0.0,0.323,0.39,121.769,4,jazz
4eNOPb3UvhoC6K7NRkXCXX,Sena Şener,Kendim Ettim Kendim Buldum (Live),Kendim Ettim Kendim Buldum - Live,39,201589,False,0.376,0.138,4,-10.914,0,0.0292,0.859,3.23e-06,0.148,0.0385,99.259,4,jazz
6zSGfGit15V0xewQwb7BUo,Elis Regina,Elis,"Dois Pra Lá, Dois Pra Cá",39,266733,False,0.652,0.363,9,-8.62,0,0.0433,0.586,0.000219,0.0661,0.478,96.644,4,jazz
6eRXTPOkr0IJ7t9QkYR9YV,Glenn Fredly,Happy Sunday,Kisah Yang Salah,39,253893,False,0.449,0.437,3,-6.425,1,0.0307,0.32,0.0,0.0988,0.147,121.911,4,jazz
7LR44miVMWFENCpE4ZXNo1,Ceylan Ertem;Melike Şahin,Seyrüsefer,Seyrüsefer,39,187562,False,0.339,0.298,2,-9.875,0,0.0541,0.912,0.0,0.351,0.468,88.447,4,jazz
6N6ESDWoc9yeF8CvKWKxYg,Bombay Jayashri;Swetha Raj,Baahubali - The Beginning,Swapn Sunehere,39,100793,False,0.268,0.108,2,-12.058,0,0.0353,0.983,0.0,0.115,0.331,82.176,4,classical
7dlLvLDyVH7D7wvoaMuHVE,Tony Bennett,A Swingin' Christmas Featuring The Count Basie Big Band,Winter Wonderland,39,149426,False,0.653,0.495,3,-7.803,1,0.0351,0.529,0.0,0.116,0.448,126.58,4,jazz
0oBudl7P9fqep8ghZpA6wH,Tony Bennett;Antonia Bennett,A Swingin' Christmas Featuring The Count Basie Big Band,I've Got My Love to Keep Me Warm (with Antonia Bennett),39,209106,False,0.486,0.399,7,-7.135,1,0.0285,0.872,0.0,0.102,0.42,129.849,4,jazz
6Ad2BCQGByNSDSYAdn9iEk,Bobby Timmons,Young Chet,Autumn In New York,39,128773,False,0.421,0.112,5,-19.046,1,0.0454,0.994,0.871,0.0952,0.15,68.879,4,jazz
5nG2hbCPI0urycsRN8M3OR,Bombay Jayashri;Darbuka Siva,Enai Noki Paayum Thota (Original Motion Picture Soundtrack),Hey Nijame,39,274864,False,0.34,0.465,0,-11.631,1,0.0453,0.718,0.0652,0.142,0.0686,97.54,3,classical
0lbfaNyOoWg9hyRCUm02MR,Nithyasree Mahadevan,Om Nama Shivaya - Single,Om Nama Shivaya,39,437002,False,0.253,0.21,5,-10.948,1,0.0373,0.947,7.09e-05,0.348,0.42,123.851,4,classical
4UReknnw0epfXbrBMvIiBG,Mahesh Raghvan;Sharanya Srinivas,Thillana 2.0 - Dhanashree (feat. Sharanya Srinivas),Thillana 2.0 - Dhanashree (feat. Sharanya Srinivas),39,237104,False,0.747,0.567,4,-8.188,0,0.0436,0.545,0.0,0.163,0.453,107.021,4,classical
5hLiMgK0oIx8t9AwO3Pm3P,Madeleine Peyroux,Careless Love,Don't Cry Baby,39,198346,False,0.623,0.353,7,-10.339,1,0.0317,0.889,0.012,0.109,0.236,105.908,4,jazz
75TwXjTXXVOYVh0IeHYLVV,Soolamangalam Sisters,Arul Isai Thendral - Sulamangalam Sisters,Azhagellam Murugane,39,189120,False,0.524,0.636,0,-7.238,0,0.034,0.782,0.0535,0.0662,0.827,153.114,4,classical
387MQzCz2bbzc6PeM79MmK,MALIQ & D'Essentials,Musik Pop,Semesta,38,285752,False,0.391,0.721,2,-7.223,1,0.0473,0.333,5.39e-05,0.121,0.478,173.837,4,jazz
74to3FzIMkXJmraoS0K3SN,Sirkazhi Govindarajan,Vinayagar - Murugan Songs Tamil Devotionl -Revival,Ganapathiye Varuvaai Revival,38,202529,False,0.465,0.71,3,-10.862,1,0.0821,0.271,0.0509,0.0874,0.749,102.876,4,classical
4piMfKVoPcY06x4hTLf9Pl,Rahul Deshpande,Katyar Kaljat Ghusli (Original Motion Picture Soundtrack),Dil Ki Tapish,38,157238,False,0.576,0.671,2,-7.691,1,0.0623,0.537,0.0,0.158,0.474,116.122,4,classical
2BHwWqwuwcC5Zk6dpThXph,Cornelis Vreeswijk,Tio vackra visor och personliga Person,Deirdres samba,38,181800,False,0.624,0.296,0,-17.159,1,0.0585,0.93,0.108,0.128,0.854,100.481,4,jazz
3haLeQCgzhdmPs8SoBOINn,Rattan Mohan Sharma,Top 30 Shiv Prayers,Mahamrityunjay Mantra,38,321488,False,0.375,0.24,9,-5.916,1,0.0333,0.98,0.0,0.0971,0.311,94.66,3,classical
258RIVFMuibgf38bu48HAW,Sertab Erener,İyiliğe Ninniler,Uyusun Da Büyüsün,38,107325,False,0.483,0.18,3,-9.416,0,0.0292,0.907,0.0,0.102,0.15,84.99,4,jazz
1phvGMk1C6xziijqXT6YAU,M. S. Subbulakshmi;Radha Viswanathan,Lakshmi Kataksham - M.S. Subbulakshmi,Excerpts From Suprabhatam - Mssubbulakshmi,38,87760,False,0.72,0.309,7,-7.625,1,0.333,0.936,0.0,0.132,0.669,96.695,5,classical
5bz8N2YpZhNBToG4ofY8SZ,Project Grand Slam,All of the Time,All of the Time,38,214240,False,0.64,0.613,0,-9.823,1,0.0324,0.814,0.0448,0.26,0.608,130.019,4,jazz
4Lqk2GpiFB0ZRL2o62eL5U,Tony Esposito,Tony Esposito,Papa Chico,38,241932,False,0.823,0.256,10,-17.652,1,0.0549,0.261,0.000675,0.06,0.775,97.796,4,jazz
2BdbIW7Vs7csJBZbKxkDAd,Yura Yunita,Merakit,Apakah Kamu,38,245344,False,0.824,0.652,0,-7.626,1,0.0498,0.283,0.00055,0.127,0.796,119.968,4,jazz
6GeU7bmiWCjDdbedTVIIlo,Gündoğarken,İstanbul Atina İstanbul,Gördüğüme Sevindim,38,209789,False,0.489,0.414,9,-10.871,0,0.0297,0.799,3.11e-06,0.228,0.35,151.159,4,jazz
0nWIJZr7nG6WOw0r4uVPNS,Ello,Taub Mumu,Gak Kayak Mantanmu,38,238426,False,0.579,0.608,7,-5.628,1,0.0265,0.347,0.00224,0.11,0.398,95.979,4,jazz
57NChv3uzjm8y4Y3x3Y8g0,Sertab Erener,Ben Yaşarım,Aç Sesini,38,240933,False,0.562,0.751,5,-6.478,1,0.0315,0.136,1.45e-06,0.0895,0.341,67.006,4,jazz
38fc9FLasK6nmWmT3OJVIn,Ram Narayan;Suresh Talwalkar;François Auboux,North India: The Art of the Sarangi,Raga Baïragi-Bhaïrav - Drut Tîn-Tal,38,152840,False,0.414,0.328,10,-19.644,0,0.0661,0.86,0.828,0.164,0.79,145.715,3,classical
5BT0sejkliP4fAzR59DW1N,Bo Kaspers Orkester,Redo att gå sönder,Sommaren,38,250866,False,0.528,0.884,5,-7.083,0,0.0298,0.216,0.0097,0.174,0.954,94.094,4,jazz
5yy1Ba0P040YFPYWuXIceK,Lisa Nilsson,Till Morelia,Handens fem fingrar,38,216680,False,0.471,0.166,3,-14.147,1,0.0457,0.858,0.0,0.106,0.421,169.298,4,jazz
5LhSIkQhAkINBgQZIyzS1i,Glenn Fredly;Audy,"Selamat Pagi, Dunia!",Terpesona,38,300720,False,0.558,0.723,7,-6.363,1,0.0294,0.213,0.00637,0.06,0.7,77.993,4,jazz
4QkKRtOPA0mU55JoyVqtQV,Sertab Erener,İyiliğe Ninniler,Çamlıbelden Çıktım Yayan,38,172013,False,0.481,0.248,9,-11.826,0,0.0311,0.977,4.77e-06,0.102,0.433,75.136,4,jazz
3UM15EeyHsRCbbIym5bmIt,Ardhito Pramono,Ardhito Pramono,Di Senayan,38,215625,False,0.433,0.276,0,-11.829,1,0.0306,0.649,0.73,0.111,0.0702,127.639,4,jazz
07lspWYhdJtdn6f6e3DiCD,Maraca,Tremenda Rumba!,Castigala,38,234133,False,0.762,0.886,10,-3.816,0,0.0407,0.402,0.0,0.04,0.967,102.059,4,jazz
46kKB60L52z7OXqZaxc8pJ,Billo's,Exitos De Billo's Caracas Boys,Mi Cali Bella,38,187959,False,0.454,0.621,3,-6.782,0,0.0816,0.49,1.15e-05,0.131,0.877,195.995,4,jazz
7ucwhjWSGTEh5e18h6WFER,Andien,Gemintang,Milikmu Selalu,38,254226,False,0.776,0.629,8,-7.146,1,0.0342,0.0793,0.0212,0.169,0.773,117.019,4,jazz
7pqcbFqXzHvsig9mog9cr5,Elis Regina,Elis,Carinhoso,38,237266,False,0.464,0.312,6,-11.254,0,0.033,0.798,4.02e-05,0.0953,0.435,90.939,4,jazz
1UkNeA31KnDeAhLaPoYgFi,The Echo Park Project,Salsera,Salsera,38,361402,False,0.738,0.717,10,-4.694,1,0.0413,0.704,6.05e-06,0.113,0.96,105.022,4,jazz
1BO7ASuCQ4OXnMPrKowDzS,Mahesh Raghvan;Rajani Shridhar,Alai Paayuthe (feat. Rajani Shridhar),Alai Paayuthe (feat. Rajani Shridhar),38,271257,False,0.381,0.628,0,-6.933,1,0.0505,0.18,0.0,0.208,0.516,77.361,4,classical
5Aip1LXVUdwm0rozu2b5gx,Soolamangalam Sisters,Kandha Sasti Kavasam,Kandha Sasti Kavasam,38,1315200,False,0.618,0.775,5,-10.07,1,0.0553,0.768,1.14e-06,0.282,0.857,122.178,4,classical
5hyJ1GbE8vZL1BGKE1MSPJ,Tulus,Tulus,Merdu Untukmu - Outro,38,62093,False,0.629,0.124,9,-22.22,1,0.0366,0.812,4.83e-06,0.102,0.796,85.258,4,jazz
1NbkW4qACyJ4MDpqP1kAC5,Tony Bennett,A Swingin' Christmas Featuring The Count Basie Big Band,Christmas Time Is Here,38,238680,False,0.249,0.235,9,-12.652,1,0.0295,0.777,2.26e-06,0.0986,0.115,116.38,3,jazz
5uq57c53VeLYlZd2byrIwT,Nikki Yanofsky,The Ultimate Jazz Cafe Album,Bienvenue dans ma vie,38,229386,False,0.626,0.402,5,-9.772,0,0.0716,0.675,1.03e-06,0.14,0.557,144.035,4,jazz
7v6y0LgWhmP1IoMB575HWW,Sertab Erener;Can Bonomo,İyiliğe Ninniler,Fış Fış Kayıkçı,38,424029,False,0.657,0.134,0,-13.431,1,0.0357,0.986,0.0,0.114,0.119,117.838,4,jazz
7xMxs0Olfv0KKeaXmBZHYH,Doğan Canku,Best Of +3,Gecelerim,38,162801,False,0.475,0.289,0,-9.519,0,0.0393,0.926,1.09e-06,0.121,0.669,91.664,4,jazz
2XthhAhyRpnDpc4ml9299K,Pandit Jasraj;Aanandi Joshi,Double Seat (Original Motion Picture Soundtrack),Kiti Sangaichay Mala,38,326530,False,0.457,0.428,1,-8.613,1,0.0357,0.72,0.0,0.0988,0.219,82.997,4,classical
4aoN6rHl9SkAZJw8BFh4yf,Zülfü Livaneli,Nefesim Nefesine,Nefesim Nefesine,38,338866,False,0.398,0.318,3,-12.283,1,0.0299,0.544,6.02e-06,0.0875,0.137,105.849,4,jazz
41Q2plsnTdz4V67yFLFcM1,Sukriye Tutkun,Gucum Yetene Kadar,Uyan Sunam Uyan,38,284466,False,0.688,0.436,3,-8.006,1,0.029,0.859,0.0,0.127,0.676,115.923,4,jazz
6BUfqtQcP26I7MNC5fAg7w,Sertab Erener,İyiliğe Ninniler,Uyu Yavrum Yine Sabah Oluyor,38,131889,False,0.536,0.237,0,-10.133,1,0.0305,0.976,0.000142,0.0981,0.107,78.048,3,jazz
3RrBcQlMGFdFtz1JMIHaK1,İlhan İrem,Bezginin Gizli Mektupları,Olanlar Olmuş,38,487866,False,0.275,0.491,4,-6.95,0,0.0375,0.891,0.0149,0.295,0.32,158.676,4,jazz
2vu9K6AL2g5OpPOuuu3oUY,Sikkil Gurucharan,Tiruppaavai,Maargazhi Tingal,38,127712,False,0.707,0.606,2,-9.232,1,0.089,0.615,0.0,0.0896,0.918,89.911,4,classical
0foCYfdIVahzQlj6H9ym6x,Sertab Erener,Aşk Ölmez,Sessiz Gemi,38,273000,False,0.371,0.462,7,-11.096,0,0.0583,0.377,0.0,0.26,0.462,135.872,3,jazz
6s2u8neVUCKOxvKDW6ZT9o,Sertab Erener,Ben Yaşarım,Belki De Aşk Lazım Değildir,38,222733,False,0.461,0.39,7,-10.973,0,0.0385,0.577,7.04e-06,0.12,0.498,172.044,4,jazz
408bvXQ6HK3nFh1OYFPyA0,Marie Fredriksson,Het Vind,Rickie Lee,38,148626,False,0.648,0.916,2,-3.144,1,0.0278,0.26,0.0,0.253,0.892,126.533,4,jazz
4wtMszKH5m9wA1c9DriTnu,M. S. Subbulakshmi;Radha Viswanathan,Samarpanam - M.S.Subbulakshmi,Hanuman Chalisa,38,598570,False,0.553,0.413,3,-8.172,1,0.0425,0.949,0.0,0.846,0.597,102.769,4,classical
7iDDlE7hd3j6MhPHktza8o,C.V. Jørgensen,Tidens Tern,Sæsonen er slut,38,273200,False,0.51,0.651,7,-8.651,1,0.0348,0.553,2.28e-06,0.107,0.596,124.984,4,jazz
2kIawdmEzVhR9F0Z8EsOns,"Bobby Cruz;Ricardo ""Richie"" Ray",Felices Pascuas,Bomba en Navidad,38,306760,False,0.648,0.748,10,-7.49,1,0.0635,0.747,0.00138,0.261,0.95,109.384,4,jazz
3jvSnBSApZobpeMwlSFUrF,Manik Varma,Bhaktigeet,Amrutahuni God,38,319373,False,0.387,0.449,2,-7.792,0,0.0334,0.955,0.000191,0.387,0.533,133.927,4,classical
3Nsn3y2IpzcuDIKZDgS3oS,Luis Arcaraz Y Su Orquesta,Cita Con Luis Arcaraz,Viajera,37,197373,False,0.334,0.332,8,-7.029,1,0.0261,0.918,0.00236,0.366,0.429,97.086,4,jazz
41ykywmUtDSis7fGAarryh,Georg Riedel;Lisa Nilsson,Barn på nytt - 25 sånger av Georg Riedel & Astrid Lindgren,Idas sommarvisa,37,127400,False,0.667,0.222,2,-13.373,1,0.0294,0.913,0.0,0.113,0.428,106.15,4,jazz
1xhNZa02TcBmtAThitATDo,Andien,Metamorfosa,Indahnya Dunia,37,324920,False,0.66,0.468,1,-11.302,1,0.0276,0.857,0.00576,0.235,0.521,136.004,4,jazz
1T7UPmoSTpKbxQwiHJLXGW,Veena Sahasrabuddhe,Mahamrityunjaya Shiva - Sacred Morning Mantras,Stotra - Bhawani Shankarau Vande,37,89880,False,0.257,0.374,3,-7.133,1,0.028,0.946,3.33e-06,0.3,0.268,136.999,4,classical
11w2cnCs2CxSKLwHbrF685,Bhimsen Joshi,Solid Gold - Pandit Bhimsen Joshi,Majhe Mahar Pandhari - Abhang 1977,37,418266,False,0.475,0.503,1,-10.5,1,0.0365,0.823,0.0,0.523,0.675,111.938,4,classical
1N6QNFfCWrwOWlSKa7bM1B,M. S. Subbulakshmi;Radha Viswanathan;Sangeetha Kalanidhi,Vinayakar Agaval And Other Songs,Kurai Onrum Illai,36,240573,False,0.296,0.566,3,-6.349,0,0.0576,0.733,0.0,0.74,0.602,172.14,4,classical
2VMOoFwSgDRJoNq4n3s93u,Mahesh Raghvan,Harry Potter (The Ultimate Indian Theme),Harry Potter (The Ultimate Indian Theme),36,154000,False,0.403,0.775,4,-7.406,0,0.0607,0.671,0.635,0.079,0.207,180.079,3,classical
2REtPaI44o74h3hqF4LxGL,Sarah Watson,Stargaze,Stargaze,36,129889,False,0.343,0.0208,5,-30.632,1,0.048,0.995,0.941,0.0852,0.0778,129.594,4,classical
5D5nAYobT1ObbVIPQIJblO,Priya Sisters,Sri Venkatesa Suprabatham,Sri Venkatesa Suprabhatam - Language: Tamil,36,1234386,False,0.567,0.29,8,-8.571,1,0.0788,0.807,0.0,0.0527,0.808,101.045,1,classical
7pGG5OYqGolNTxi7C7oKzG,Sirkazhi Govindarajan,Vinayagar - Murugan Songs Tamil Devotionl -Revival,Nee Allaal Deivamillai Revival,36,206524,False,0.295,0.546,2,-10.656,1,0.0477,0.879,0.000556,0.373,0.724,185.761,3,classical
0JiPUFfWlhT1SJ92eZ84GU,Ajoy Chakrabarty;Parveen Sultana,Gadar Ek Prem Katha,Aan Milo Sajna,36,322533,False,0.367,0.836,5,-4.875,1,0.135,0.797,0.000963,0.216,0.503,68.144,4,classical
5JgyJZouTO78xhFoMKgInw,Niladri Kumar,Dream (Raag Tilak Nat) [Radio Edit],Dream (Raag Tilak Nat) [Radio Edit],36,451305,False,0.272,0.614,2,-10.694,1,0.0375,0.616,0.927,0.106,0.558,160.8,4,classical
7t687wOi10mr9Ag5kupt7N,M. S. Subbulakshmi;Radha Viswanathan,Samarpanam - M.S.Subbulakshmi,Ganesha Pancharathnam,36,279694,False,0.559,0.448,8,-8.374,1,0.046,0.944,0.0,0.245,0.758,108.72,1,classical
59m1vY4JuxEkUnhrLcV8mO,M. Balamuralikrishna,Kavikkuyil,Chinna Kannan,36,274226,False,0.372,0.833,10,-7.073,0,0.11,0.861,0.682,0.295,0.582,128.171,4,classical
2uz8tJWTg8hXUVG8llUl0E,Rajhesh Vaidhya,Rajesh Vaidhya - Evergreen Melodies,Thillana - Dhanashree - Adi,35,215826,False,0.494,0.702,2,-7.064,0,0.033,0.584,0.951,0.0735,0.886,100.455,4,classical
18RagF4mZ36dUdkyhVWWRE,Lalgudi G. Jayaraman,Pada Varnams,Innam En Manam - Charukesi - Adi,35,483040,False,0.663,0.484,7,-7.175,1,0.068,0.776,0.0,0.135,0.764,125.288,4,classical
2cObbmBaiGJ644zuWoUypu,Vedavathi Prabhakar;CHAYA DEVI,Laali Thaali,Kotnambula Dhanchare,35,74562,False,0.416,0.477,6,-1.383,0,0.04,0.631,0.0,0.344,0.704,164.972,4,classical
0CVqHDuz3FXN45aTLzcpq8,Malladi Brothers,Vaggeya Vaibhavam,Tillana - Kamas - Adi,35,219320,False,0.464,0.663,5,-6.284,1,0.141,0.857,0.000272,0.387,0.782,85.901,4,classical
6kD6phIifemWdUZmmsFP6Q,M. S. Subbulakshmi;T. K. Murthy;V.V.Subramaniam,Sri Venkatesa Suprabhatham,Sri Venkatesa Suprabhatam,35,1229253,False,0.657,0.301,7,-12.549,1,0.766,0.949,0.0,0.28,0.794,100.971,4,classical
3DkhCqiBjGSZqeBqo0yd1r,Sirkazhi Govindarajan,Tamil Devotional - Dr Seerkhazi S Govindrajan,Kaakum Kadavul,35,208773,False,0.517,0.713,2,-8.39,1,0.0614,0.607,9.81e-06,0.145,0.8,100.214,4,classical
1qA5fKKy34e2nGMbaDk71q,Wolfgang Amadeus Mozart,"Pa, Pa, Pa (From ""The Magic Flute"" Soundtrack)","Pa, Pa, Pa - From ""The Magic Flute"" Soundtrack",35,152033,False,0.614,0.276,2,-13.025,1,0.0511,0.838,2.55e-06,0.0921,0.649,111.817,4,classical
2RzXfGR62zUJhHtnczH9Qg,Pandit Jasraj,Shiv Upasana,Shiv Dhun (Shiv Stuti Bhajan),35,636066,False,0.504,0.565,2,-9.185,0,0.0516,0.724,0.0,0.0565,0.528,124.454,4,classical
0KGMxSxQdAb244aEuEIyVv,Radha Jayalakshmi,Motor Sundaram Pillai,Maname Muruganin,35,107253,False,0.343,0.399,7,-17.367,1,0.0533,0.991,0.136,0.133,0.731,105.118,4,classical
5V5BeAxfzqn7rkZpDiS3BM,Bhimsen Joshi;Pt. Jitender Abhisheki;Ajit Kadkade,Bhakti Geete,Aamhi Vithlache Warkari,35,324340,False,0.467,0.526,8,-11.977,1,0.0366,0.476,0.0,0.0933,0.52,86.902,4,classical
3Te9Xd6Xe9VlNYShcOthTV,Priya Sisters,Annamayya Pushpanjali,Govinda Govinda,35,324265,False,0.595,0.657,8,-5.418,1,0.0298,0.735,0.0,0.387,0.782,102.321,4,classical
2NnxpyqHcLYG9R1bBkfJ4N,Madurai Somasundaram,Dheivam,Maruthamalai Maamaniye,35,411040,False,0.349,0.495,10,-12.433,1,0.0918,0.991,0.684,0.353,0.608,95.758,4,classical
0OUEXm4QiCS7uOMPOo9Rtp,Vedavathi Prabhakar;CHAYA DEVI,Laali Thaali,Suvvi Suvvaana Ranga,35,85439,False,0.689,0.638,5,-2.467,1,0.0379,0.707,0.0,0.197,0.925,136.884,4,classical
4fgiJKX59OQvObvJshAfX3,Sikkil Gurucharan,Tiruppaavai,Ongi Ulagalanda,35,104097,False,0.664,0.564,7,-8.892,1,0.0576,0.626,0.0,0.0984,0.913,90.536,4,classical
1zVzRVqonDIRvISsl6STFD,Rahul Deshpande,Vitthala Shappath,Vitthala Shappath,34,288510,False,0.306,0.387,0,-12.526,1,0.0357,0.561,0.0,0.107,0.295,122.587,5,classical
2Vwh924vV4voSKHDt6cL3m,Ramakrishnan Murthy,Snehitudu,Ne Vupiri Ne Sonthama,34,263700,False,0.498,0.319,2,-9.576,1,0.0262,0.672,0.000106,0.0952,0.211,82.955,4,classical
4mEvW4l23nEOW47gGJ0izf,M. S. Subbulakshmi;Radha Viswanathan,Bhaja Govindam And Vishnu Sahasranamam,Kanakadharashtavam - Ms Subbulakshmi,34,524973,False,0.575,0.326,2,-8.55,1,0.0812,0.971,0.0,0.38,0.324,125.554,4,classical
3UPAXvbgKK5p7usgtMwbs4,Sirkazhi Govindarajan,Aalayamani,Kannana Kannanukku,34,309920,False,0.469,0.522,8,-10.53,1,0.0854,0.93,0.038,0.712,0.713,100.716,4,classical
4WQhOB9I4xhHpOf9UuvjJE,Jitendra Abhisheki,"Mendichya Panavar,Vol. 3",Abhir Gulal Udhalit Rang,34,288906,False,0.335,0.473,9,-12.607,1,0.058,0.977,0.251,0.218,0.59,94.746,4,classical
7KVkF1fvHBjg3ilvmyAgeo,Manik Varma,Bhaktigeet,Koushalyecha Ram Bai,34,329456,False,0.441,0.499,7,-6.558,1,0.0378,0.97,0.00151,0.447,0.514,128.364,4,classical
0G9GqTdIsZTs3yQnmuQDeg,Purbayan Chatterjee;Kaushiki Chakraborty;Yogesh Samsi;V. Selvaganesh,Sargam Surge,Sargam Surge,34,141224,False,0.538,0.828,9,-11.304,1,0.0831,0.391,0.744,0.146,0.773,128.03,4,classical
0VHwSfD7ItMR97BzjbWpPG,Wolfgang Amadeus Mozart;Mao Fujita,Mozart: The Complete Piano Sonatas,"Piano Sonata No. 16 in C Major, K. 545 ""Sonata facile"": I. Allegro",34,178746,False,0.349,0.18,0,-21.888,1,0.035,0.984,0.936,0.123,0.833,140.307,4,classical
4FCU1TwsmITjvoVO26Lyae,Sangeetha Katti,Nagamandala (Original Motion Picture Soundtrack),Ee Hasiru Siriyali,34,308378,False,0.708,0.608,6,-4.667,1,0.0267,0.854,0.000881,0.346,0.549,135.046,4,classical
5FIXrwh3zWWJxrEEFbGSAv,Ramakrishnan Murthy,Snehitudu (Original Motion Picture Soundtrack),Nee Vupuri Nee Sothama,33,264045,False,0.497,0.34,2,-9.616,1,0.0269,0.67,7.62e-05,0.101,0.172,82.995,4,classical
6t2ABsye8rehzmu3hEle94,Bombay Sisters,Popular Annamacharya Krithis - Bombay Sisters,Sreeman Narayana,33,266584,False,0.507,0.587,1,-11.814,1,0.146,0.798,4.48e-06,0.236,0.577,156.987,1,classical
32oNW9BTi1eUD0FgDBHStq,M. S. Subbulakshmi;Radha Viswanathan,"Sri Venkateswara Balaji Pancharatnamala,Vol. 3",Hanuman Chalisa,33,596695,False,0.543,0.311,8,-11.237,1,0.087,0.991,0.109,0.821,0.624,107.767,4,classical
788NiPLacwrZV6uAMC64b8,Bhimsen Joshi,Abhanga Vani,Dyaniyancha Raja Guru Maharav,33,377933,False,0.25,0.29,2,-16.253,1,0.0333,0.885,0.0,0.0653,0.452,75.157,4,classical
2NafAvZbbTaoaFkF78Xmr8,Sangeetha Katti,Evergreen Melodies,"Kambada Myalina (From ""Nagamandala"")",33,267284,False,0.411,0.638,8,-4.307,1,0.0576,0.925,0.00206,0.146,0.336,175.222,3,classical
4UsNNKzfrPBp3np4Eiznat,Kumar Gandharva,Dev Deenaghari Dhavala -Drama,Uthi Uthi Gopala,33,388506,False,0.576,0.274,5,-14.045,1,0.0297,0.953,0.000167,0.267,0.46,93.754,4,classical
18A3Pp7WYEnXR7RigRisGT,Tushar Dutta;Trishit;Supratik Das;Roompa;Pradyot De,Durga,Madhukaitava Vidhwangsi,33,588026,False,0.48,0.233,9,-9.407,1,0.0331,0.876,1.97e-06,0.0896,0.136,120.074,4,classical
2zo5WMrYU7MJCmZUxUKOwu,Bombay Sisters,Mahishasura Mardhini,Lakshmi Ashtakam,33,270053,False,0.56,0.281,7,-6.777,1,0.0818,0.824,0.0,0.229,0.344,102.08,1,classical
6xJi7Qel6TsACujetOJd5N,Bickram Ghosh;Kala Ramnath;Rajhesh Vaidhya,Rang,Rang,33,331280,False,0.441,0.549,0,-9.367,1,0.118,0.654,0.447,0.0997,0.486,75.553,3,classical
2Gnxng7ZoZIk3OdU6S0TTY,Soolamangalam Sisters,Arul Isai Thendral - Sulamangalam Sisters,Thirupparang Kundrathil,33,197666,False,0.577,0.563,11,-9.107,1,0.0319,0.863,0.0186,0.19,0.785,147.562,3,classical
2d6V0bpjPazWmJRHZtiRAF,M. Balamuralikrishna,Songs On Vinayaka,Shukalambharadharam,33,100911,False,0.36,0.334,3,-3.706,0,0.031,0.864,0.0,0.127,0.365,75.986,5,classical
1ueLVisAesNyuHu7Q9SfsU,Prasad Sawkar,Sant Gora Kumbhar,Uth Pandharichya Raaja,33,177800,False,0.434,0.265,5,-18.025,0,0.058,0.995,0.87,0.218,0.607,131.532,4,classical
28TQwZIFU4z0G9IATfZhvI,Mambalam Sisters,Kanakadhara Stotram - Lalitha Pancharathnam - Stotrams And Ashtakams,Sri Lakshmi Ashtakam,33,223660,False,0.447,0.31,7,-9.668,1,0.039,0.949,0.0,0.141,0.288,123.113,3,classical
3qCQ48b1Z7MK0jEmYqS9vr,Pandit Jasraj,Gayatri Mantra,Chanting of the Gayatri Mantra 108 Times,33,2646866,False,0.183,0.274,1,-14.184,1,0.0346,0.95,0.00202,0.0629,0.259,103.624,3,classical
2VZakpiFfyqau8UkFzBfu2,T. M. Krishna,Nottusvara Sahityas: T.M. Krishna,Guruguha Padapankaja,33,91040,False,0.567,0.606,7,-8.656,1,0.0611,0.943,0.0,0.129,0.969,139.848,3,classical
0P8b1QdfjdPL3VShB8VtNL,Gundecha Brothers,Durga Shakti,Durga Kavach,32,832444,False,0.596,0.489,1,-7.876,1,0.053,0.403,0.0,0.219,0.276,147.977,4,classical
6JRDBOkOxiOD32PBrFhf0O,Rashid Khan;Altamash Faridi;Antra Mitra,Tu Mera,Tu Mera,32,290951,False,0.428,0.58,4,-8.569,1,0.0356,0.343,3.3e-05,0.12,0.478,83.429,4,classical
2svGLVFmbtPze0z6p6vexA,Sanjay Subrahmanyan,Gems of Carnatic Music: Sanjay Subrahmanyan (Live in Concert 2005),Paripaalayama - Behag - Adi - Live,32,301023,False,0.402,0.493,6,-10.52,0,0.102,0.888,0.000192,0.128,0.67,167.836,4,classical
6j7QJN8zuRMYMnB4MpduXL,M. S. Subbulakshmi,Legends Never Die,Aggini Endrariyayo,32,154998,False,0.552,0.13,9,-8.612,0,0.103,0.996,0.699,0.127,0.356,61.913,3,classical
0HiPErvTKTysE3iQy2n5XV,Sirkazhi Govindarajan,Mangalam Arulvaal Amman Murugan,Sivanukku Isainthathu,32,263853,False,0.434,0.265,2,-12.428,1,0.0699,0.95,0.0,0.485,0.574,137.78,4,classical
52QByX4ZOAQnSbC3QpBD8W,Begum Akhtar,Begum Akhtar,Rasm -E- Ulfat Sikha Gaya Koi,32,233760,False,0.371,0.281,10,-13.209,1,0.11,0.822,0.0,0.0679,0.526,123.141,3,classical
50Z1dnx4GXuswssseb3cRx,Mambalam Sisters,Rama Bhakthi Samrajyam - Sri Rama Naama Sankeerthanam,Slokam,32,66533,False,0.606,0.305,11,-7.478,0,0.0426,0.903,0.0,0.157,0.503,85.976,4,classical
0G4fdcQNTGAQjIMtDAQIJf,Bhimsen Joshi,Abhanga Vani,Sanvale Sundar Roop Manohar,32,354733,False,0.487,0.373,2,-16.523,0,0.0288,0.648,0.0,0.144,0.552,84.121,4,classical
7evgoLXIXUpN7cMNuINIvX,Sanjeev Abhyankar,Coffee Ani Barach Kahi,Tu Astis Tar,32,113946,False,0.598,0.187,7,-15.965,1,0.0346,0.503,0.0,0.231,0.519,75.02,4,classical
7CdWPnD06ONtWrKmv3dQYH,Sirkazhi Govindarajan,Kathalikka Neramillai,Kaadhalikka Neramillai,32,313933,False,0.438,0.633,8,-9.97,1,0.107,0.929,0.16,0.0855,0.86,78.673,4,classical
2P7MjfY0QD7jPeYfksJDdV,Rahul Deshpande;Jidnesh Vaze,Me Vasantrao (Original Motion Picture Soundtrack),Lalana,32,212068,False,0.619,0.626,10,-4.484,0,0.0368,0.555,0.0,0.308,0.815,72.265,4,classical
5CMZgcNJX42RykPkdkdGNO,Rattan Mohan Sharma,Ram Dhun,Ram Ram Jai Raja Ram Ram Ram Jai Sita Ram,32,2544561,False,0.645,0.638,1,-8.024,1,0.0349,0.695,0.0,0.0684,0.766,148.153,4,classical
6mbHaLohxTHM1HtI7XdJYl,Kishori Amonkar,"Vishnu Sahasranamavali, Vol. 1",Shri Vishnu Dhyanam,32,107733,False,0.179,0.0538,11,-18.765,1,0.0343,0.967,1.66e-05,0.355,0.115,90.381,1,classical
5O2DjF5mJJwJoTkPNcQGrZ,Sudha Ragunathan,"Mazhai (From ""Kaalidas"")","Mazhai - From ""Kaalidas""",32,248843,False,0.411,0.568,4,-7.356,0,0.0412,0.388,9.18e-06,0.106,0.431,94.952,4,classical
70HFIHUgLlQTDIU17WKeEQ,Wolfgang Amadeus Mozart;Mao Fujita,Mozart: The Complete Piano Sonatas,"Piano Sonata No. 16 in C Major, K. 545 ""Sonata facile"": II. Andante",32,293866,False,0.384,0.0687,7,-30.411,1,0.0451,0.992,0.94,0.141,0.417,137.211,4,classical
2n2Pw4a1XKWLQt3mnbBH6V,T. M. Krishna,Nottusvara Sahityas: T.M. Krishna,Ramacandram,32,79053,False,0.656,0.533,7,-9.108,1,0.0588,0.902,0.308,0.0598,0.912,83.074,4,classical
3I55ELqZhwcW022mXBontJ,Sanjay Subrahmanyan,Gems of Carnatic Music: Sanjay Subrahmanyan (Live in Concert 2005),Kakkai Chiraginile - Desh - Adi - Live,32,375605,False,0.39,0.282,9,-13.524,1,0.0493,0.891,0.000111,0.124,0.297,155.877,4,classical
5iFqaCVUKhjPeMkzYVmz4i,Bombay Sisters,Mahisaasura Mardhini,Mahisaasura Mardhini In Tamil - Language: Tamil; Genre: Amman-Durga,31,1098400,False,0.702,0.533,4,-10.649,1,0.0999,0.824,0.0,0.325,0.54,113.892,4,classical
46um7Q8vUyuEjeUqzxZ18l,Pandit Jasraj;Bhai Nirmal Singh;Sonu Nigam;Kailash Kher;Puneet Sikka;Harbhajan Mann;Master Saleem;Roop Kumar Rathod;Bhupinder Singh;Sapna Mukherjee;Harshdeep Kaur;Ishwanik Kaur;Jiya Wadkar;Tej Boodardekar;Sukhjit Singh;Manjit Singh;Uttam Singh,Nanak Shah Fakir,Nanak Aaya,31,325307,False,0.328,0.388,0,-7.756,1,0.0294,0.455,0.00174,0.111,0.0297,82.01,4,classical
0zty4sz6wiLo3QUIxfKwHw,Priya Sisters,Sri Annamayya Lahiri,Jo Achyutananda,31,461912,False,0.493,0.262,1,-11.252,1,0.0329,0.727,1.12e-05,0.0933,0.532,148.401,5,classical
1BukqCn36umMofiiQxf54t,Sirkazhi Govindarajan,Agathiyar,Isaiyaai Thamizhaai,31,200400,False,0.503,0.641,10,-10.564,0,0.101,0.905,0.0,0.604,0.949,106.283,4,classical
5Bf429E3Gk33xOsLtLP9ky,Sirkazhi Govindarajan,Vinayagar - Murugan Songs Tamil Devotionl -Revival,Kaakkum Kadavul Revival,31,208744,False,0.517,0.615,2,-10.977,1,0.0581,0.842,0.0036,0.221,0.756,100.016,4,classical
2AK7ENmZdBNn62jFTtrjBl,S. Sowmya,Mandha Marutha Nadham,Thunga Theera,31,462889,False,0.423,0.423,7,-7.146,1,0.0539,0.968,3.19e-06,0.12,0.304,144.14,4,classical
33zA3geOmehQNOZAzSQMYi,Rahul Deshpande,Me Vasantrao (Original Motion Picture Soundtrack),Kaivalya Gaan,31,350000,False,0.393,0.772,10,-3.887,1,0.0408,0.265,0.0,0.331,0.385,119.718,4,classical
7piKDEjJ5IodOee9jM5PJ5,Sirkazhi Govindarajan,Chandrodhayam,Kaasikku Pogum,31,352120,False,0.438,0.599,1,-10.558,1,0.0717,0.882,0.0,0.434,0.819,113.872,4,classical
2VFQ4kS85puKOMIqWC2EJ0,Nithyasree,Onbathu Kolum & Vinayagar Hits,Lambhodharaya,31,490706,False,0.703,0.467,9,-7.498,1,0.0335,0.653,0.0,0.096,0.565,131.915,4,classical
63b3B7GI6GT7S6Pstyjkgo,S. Sowmya,S.Sowmya - Classical Vocal,Muddugare Yesoda - Sowmya,31,297869,False,0.517,0.327,0,-12.574,1,0.0948,0.99,0.214,0.071,0.694,151.747,4,classical
6DTXu569XPBAm4sKH4ZDaG,T. M. Krishna,Nottusvara Sahityas: T.M. Krishna,Subrahmanyam,31,120200,False,0.486,0.391,0,-10.397,1,0.0408,0.927,0.000874,0.149,0.879,168.338,4,classical
283RBHJGcWoGJGZS883BLM,Niladri Kumar,Alhaiya in France,Alhaiya in France,31,369000,False,0.333,0.417,8,-8.64,1,0.0313,0.958,0.939,0.106,0.141,75.472,4,classical
6y3yIH6YFsxdCcaAeBwGX8,Rattan Mohan Sharma,Mere Bhagwan Shri Krishnaji (Krishna Bhajan),Vasudev Sut Dev,31,67840,False,0.32,0.113,7,-12.43,0,0.0382,0.966,0.000111,0.204,0.242,109.406,4,classical
4xZqbPztwDXPgrezWPLM23,Parveen Sultana;R. D. Burman,Kudrat,Humen Tumse Pyar Kitna,31,293040,False,0.427,0.336,9,-12.126,0,0.0356,0.983,0.0774,0.214,0.506,109.602,4,classical
4Q9JPBGxyUKSVcCNOI7BMh,Bhimsen Joshi,Gulacha Ganpati,Indrayani Kathi,31,394680,False,0.476,0.416,8,-14.3,1,0.0525,0.988,0.2,0.163,0.724,76.54,4,classical
2A5Q9jtBDkLa5ZUhkHugQx,Bade Ghulam Ali Khan;Shreya Ghoshal,Delhi-6,Bhor Bhaye,31,196951,False,0.421,0.637,3,-10.072,1,0.0764,0.848,7.74e-05,0.298,0.514,123.427,4,classical
36czVmGMZTubHdfAJEsJIS,Vedavathi Prabhakar;CHAYA DEVI,Laali Thaali,Intimeeda Sukka Podise,31,82870,False,0.519,0.473,4,-2.501,0,0.0368,0.853,0.0,0.323,0.857,137.511,4,classical
1mSOzHkNdoUlCNjEVKRysM,Nithyasree Mahadevan,Chandramukhi,Varam Nan Unai,31,318511,False,0.446,0.728,5,-7.137,0,0.124,0.0914,0.000156,0.0599,0.407,93.686,4,classical
24MTNjIigzPJFJ3AAsYBNt,M. S. Subbulakshmi;Radha Viswanathan,"Balaji Pancharatnamala,Vol. 2",Nama Ramayana - Ragamalika - Mssubbulakshmi,30,691186,False,0.652,0.478,7,-7.663,1,0.0553,0.962,2.42e-05,0.703,0.83,113.691,4,classical
2sAiNmdrbbUhEWtjhQdj2l,Shivkumar Sharma,Silsila,Santoor,30,220240,False,0.528,0.292,11,-16.821,0,0.0311,0.835,0.605,0.178,0.413,135.92,3,classical
4mfxg4RzHqBAmIaXy9iYxJ,Rahul Deshpande,Me Vasantrao (Original Motion Picture Soundtrack),Radhadhar Madhu Milind,30,169237,False,0.506,0.713,11,-4.745,0,0.0515,0.17,0.0,0.206,0.384,100.241,4,classical
1OeUIX0ogX2wAOjMAE2wPp,Kedar Pandit;Shankar Mahadevan,Phaldata Ganesh,Ganpati Atharvasheersham,30,459546,False,0.626,0.453,8,-8.459,1,0.0468,0.891,0.0,0.0724,0.545,89.913,4,classical
2rsxjOTBgMBhKrXIiFk2uW,Sirkazhi Govindarajan,Padikkatha Medhai,Engiruntho Vanthaan,30,247173,False,0.284,0.555,1,-6.558,0,0.0362,0.942,2.35e-05,0.141,0.47,83.878,4,classical
4hnPHbJfrKcSuzjkgCZKDo,Radha Jayalakshmi,Dheivam,Thiruchenduril,30,382026,False,0.429,0.568,9,-13.5,1,0.505,0.935,0.000795,0.418,0.887,61.307,4,classical
4IUTA4aKxSmoHeLgp4UVFP,Rashid Khan;Arpita Chatterjee,Bapi Bari Ja (Original Motion Picture Soundtrack),Sajna Barse,30,264053,False,0.49,0.607,4,-8.563,1,0.0427,0.638,5.86e-05,0.128,0.539,159.975,4,classical
2nUDYRzav0W7zsLc5jgu1o,Rahul Deshpande;Jayateerth Mevundi;Bhuvanesh Komkali,Bhai Vyakti Ki Valli Purvardha,Kanada Raja Pandharicha,30,481377,False,0.396,0.708,5,-5.27,0,0.0873,0.688,1.93e-05,0.638,0.589,105.094,4,classical
41hpbFaRvNCVUzu8ADXLtj,Bhimsen Joshi,Chandrabhagechya Tiri,Tirtha Vithal Kshetra Vithal,30,366866,False,0.417,0.689,1,-12.614,1,0.0365,0.913,0.914,0.366,0.563,96.261,4,classical
4Jmsp4ZgkdzYZ7i38v3xE5,T. R. Mahalingam,Agathiyar,Malainindea Thiruk Kumara,30,141040,False,0.541,0.489,10,-11.421,0,0.117,0.813,0.00262,0.109,0.962,113.257,4,classical
3mGgWDlyyncE00cIRoief8,Sikkil Gurucharan,Tiruppaavai,Maayanai,30,161959,False,0.684,0.498,2,-9.134,1,0.0341,0.765,0.0,0.355,0.897,96.021,4,classical
34vM2tvtNynEM1IfK1t1wn,Bickram Ghosh;Kala Ramnath,Rang,Rasiya,30,368026,False,0.732,0.55,2,-8.711,0,0.0397,0.809,0.091,0.0914,0.235,132.974,1,classical
02bERDuJxtWLvIApFJn5Ba,Jayateerth Mevundi,Jayateerth Mevundi,Bolava Vitthal Pahava Vitthal,30,592013,False,0.258,0.637,5,-4.853,0,0.0323,0.274,0.0,0.111,0.202,89.019,4,classical
19MJEXA5LZvz2FqiCb9MQU,M. S. Subbulakshmi,Meenakshi Suprabhatam And Others,Sri Meenakshi Pancharatnam,30,212906,False,0.43,0.271,11,-10.088,1,0.0673,0.955,0.0,0.293,0.417,169.572,4,classical
4eytLZ543ZiGAEs55xd0Ww,Sirkazhi G. Sivachidambaram,Murugan Songs,Murugane - Gsivachidambaram,30,114560,False,0.529,0.14,8,-11.906,1,0.0566,0.982,0.0,0.108,0.666,109.548,3,classical
0nYMb778ovxnWom3HfB48T,Bhimsen Joshi;Vasantrao Deshpande,Bholi Bhabdi,Taal Bole Chipalia,30,220880,False,0.47,0.303,5,-17.47,1,0.0532,0.986,0.814,0.11,0.515,88.114,4,classical
64RV9CJrrlPBG6suy793nu,M. S. Subbulakshmi,"M S Subbulakshmi Radio Recitals,Vol. 4",Lakshmi Ashtothram,30,317543,False,0.564,0.168,7,-11.825,1,0.204,0.995,0.00553,0.129,0.372,86.283,3,classical
4PQ79l9x0U1gFSFt6LvaTU,Bhimsen Joshi,Abhanga Vani,Kaya Hi Pandhari,29,407226,False,0.332,0.262,2,-16.563,1,0.0347,0.876,0.0,0.164,0.443,104.04,5,classical
7sI0y2fliuhRhrDBFAPhpL,K. B. Sundarambal,Thirumalai Deviam,Ezhumalai Irukka,29,187746,False,0.43,0.645,11,-12.105,0,0.0895,0.736,0.000756,0.592,0.771,97.383,4,classical
3hn25ZcLyE0uEv8vCc2MPn,M. S. Subbulakshmi,Bhaja Govindam And Vishnu Sahasranamam,Bhaja Govindam,29,661293,False,0.352,0.424,10,-8.009,0,0.0634,0.965,0.0,0.242,0.605,75.466,1,classical
1dnVwpKHlDyTM8TJCEAOg5,Rashid Khan;Vidya Shah,Manto,Bol Ke Lab Azaad Hain,29,296591,False,0.381,0.41,8,-9.075,1,0.0341,0.576,0.00655,0.114,0.225,172.377,4,classical
4WPWoCfL1Mr55AB9QoedCT,Pithukuli Murugadas;Sikkil Vadivel;T.S. Vasudeva Rao,Gajamukha Songs By Pithukuli Murugadas,Vel Muruga,29,170866,False,0.542,0.354,4,-11.254,1,0.0557,0.963,0.00375,0.323,0.757,112.684,4,classical
06e5eIUvhIcovVu0KuCOri,Shobha Gurtu,Prahaar (Original Motion Picture Soundtrack),Yaad Piya Ki Aaye,29,390200,False,0.407,0.575,9,-9.439,1,0.0514,0.827,9.86e-05,0.18,0.527,135.83,4,classical
3p9JjECq01yIeTzIGgmu1r,Begum Akhtar,Ab Chhalakte Huye Sagar,Ae Mohabbat Tere Anjaam Pe Rona Aya,29,204680,False,0.235,0.342,9,-13.698,1,0.0375,0.973,0.476,0.153,0.612,78.555,4,classical
6lsxzD3TrjHMspJ8ptIs3H,Sreevalsan J. Menon,Laptop (Original Motion Picture Soundtrack),Ilam Neela Mizhikal,29,238466,False,0.441,0.391,5,-8.883,1,0.0305,0.902,0.00308,0.105,0.343,79.95,4,classical
5VdAY7rQ2rzy0rVcm74XSB,K. B. Sundarambal,Kandhan Karunai,Ariyathu Ariyathu,29,342960,False,0.515,0.262,9,-12.95,1,0.239,0.978,6.9e-05,0.639,0.647,100.122,4,classical
4WsDFOob1LCupVSr89zubS,Vasantrao Deshpande;Rani Varma,Ashtavinayak,Tu Sukhkarta Tu Dukh Harta,29,340986,False,0.292,0.323,6,-16.149,1,0.0419,0.951,0.125,0.421,0.599,83.159,4,classical
32uruDPdJ8GMKm7crZ0PvR,Sirkazhi Govindarajan,Ganapathy Ganangal Tamil Devotional,Aanai Mugathaan Revival,29,259487,False,0.402,0.83,3,-10.823,1,0.399,0.961,0.531,0.196,0.752,171.774,4,classical
52OmyTfnQ49g0o80cDtoRZ,M. L. Vasanthakumari;M. K. Thyagaraja Bhagavathar,Manamagal,Chinnanchirukiliye,29,220013,False,0.677,0.446,11,-5.146,1,0.0418,0.92,0.19,0.34,0.634,92.975,4,classical
5IoO5ivp4YvNtgp96nZL3W,Sirkazhi Govindarajan,Vinayagar - Murugan Songs Tamil Devotionl -Revival,Chuzhi Pottu Revival,29,205689,False,0.376,0.574,7,-10.636,1,0.0575,0.942,0.0283,0.37,0.912,89.724,3,classical
2C3CAfuNnP3c9Uz3Zxixkx,Bhimsen Joshi,Abhanga Vani,Maze Maaher Pandhari - Pandit Bhimsen Joshi,29,422000,False,0.447,0.418,1,-15.082,1,0.0427,0.848,2.12e-05,0.0645,0.706,112.24,4,classical
7vwrBZ68Puc9ZJaXRcnHRs,Bhimsen Joshi,Jeevan Gane Pandit Bhimsen Joshi,Aata Kothe Dhave Man,29,360386,False,0.41,0.245,2,-17.29,1,0.0318,0.957,0.0,0.0793,0.585,102.378,4,classical
1xjO1qiSWdRoK4TXIR6PeJ,Bhimsen Joshi,"Mahagayak Bhag,Vol. 1",Majhe Maher Pandhari,28,423013,False,0.454,0.388,1,-17.274,1,0.0455,0.919,0.00106,0.0806,0.672,112.476,4,classical
1htyTZxRyirh8rEa8dvIOq,Bhimsen Joshi,"Bhimsen Joshi Abhangs, Vol. 2",Majha Bhav Tujhe Charani,28,379973,False,0.203,0.419,11,-12.363,0,0.0356,0.913,3.73e-05,0.417,0.451,81.686,4,classical
6CPkYHBAibi126IvgDOBAv,Pithukuli Murugadas,Dheivam,Nadariyum Noorumalai,28,210466,False,0.337,0.227,4,-19.676,1,0.0432,0.983,0.88,0.351,0.87,81.438,4,classical
0pyPDrsgmizXAoYLp9QONX,Parveen Sultana,Pakeezah,Kaun Gali,28,161733,False,0.294,0.419,3,-8.63,1,0.0345,0.955,0.0631,0.168,0.411,108.141,4,classical
7FM43USRDOLBicvp6Zvnjk,Wolfgang Amadeus Mozart;I Musici;Pina Carmirelli,Mozart: A Night of Classics,"Serenade in G, K.525: 1. Allegro",27,97920,False,0.449,0.247,2,-16.29,1,0.0405,0.866,0.869,0.216,0.62,139.048,4,classical
4pdOiZHDL6L12U8KhMdTS7,Pandit Jasraj;Kumari Shweta Pandit,Mahalakshmi,Shree Sukt,27,704470,False,0.524,0.173,11,-10.675,1,0.155,0.989,3.11e-06,0.0839,0.503,75.514,3,classical
43ZA173zlPZnKN3YSjrzHU,Andrea Bocelli;Chris Botti,Coffee Break,When I Fall In Love,26,281558,False,0.327,0.279,8,-10.318,1,0.0291,0.928,0.000144,0.12,0.15,69.66,5,classical
1TDTGKW2qvGEP0lsjimA3a,Wolfgang Amadeus Mozart;Academy of St. Martin in the Fields;Sir Neville Marriner,Mozart: A Night of Classics,"Les petits riens, K.app.10 (ballet): 11. Agité",26,42826,False,0.543,0.0657,7,-22.988,0,0.0401,0.954,0.761,0.119,0.579,130.447,4,classical
0hzWbtiRS535mA1URdFBNg,Wolfgang Amadeus Mozart;Heinz Holliger;Hermann Baumann;Michel Gasciarrino;Henk Guldemond;Orlando Quartet,Mozart: A Night of Classics,"Divertimento No. 11 in D, K.251 ""Nannerl-Septett"": 4a. Menuetto (Tema con variazioni): Tema",26,39733,False,0.625,0.173,9,-16.603,1,0.0583,0.955,0.701,0.212,0.879,116.714,4,classical
1oEgmf8WOKdeTFDJkRy7oX,Wolfgang Amadeus Mozart;Danielle Laval,Mozart: A Night of Classics,"8 Variations on ""Laat ons juichen"" by C.E. Graaf in G, K.24: 3. Variation II",26,37132,False,0.506,0.0929,7,-27.106,1,0.0624,0.995,0.96,0.173,0.674,115.025,4,classical
0wmYhNkWpiCv8UChUSZavw,Wolfgang Amadeus Mozart;Wiener Mozart Ensemble;Willi Boskovsky,Mozart: A Night of Classics,19 Minuets K.103: No. 16 in G,26,42000,False,0.521,0.143,7,-16.338,1,0.0493,0.971,0.0,0.177,0.721,152.807,3,classical
0zZ2wrPTMDtaqAJ22orgd7,Wolfgang Amadeus Mozart;Danielle Laval,Mozart: A Night of Classics,"12 Variations on an Allegretto in B Flat, K.500: 12b. Variation XI : Adagio - Pt. 2",25,43666,False,0.538,0.0733,10,-22.872,1,0.0719,0.992,0.892,0.0884,0.676,107.567,5,classical
6C9fxiL7M1B24erpM0e5lr,Wolfgang Amadeus Mozart;Gürzenich Orchestra Köln;Günter Wand,Mozart: A Night of Classics,"Symphony No. 33 in B-Flat Major, K. 319: 2c. Andante moderato - Pt. 3",25,41400,False,0.25,0.192,10,-19.978,1,0.0357,0.988,0.786,0.439,0.258,83.497,3,classical
11sZuBli3HCStlEetHfo9Q,Wolfgang Amadeus Mozart;Wiener Mozart Ensemble;Willi Boskovsky,Mozart: A Night of Classics,16 Minuets K.176: No. 7 in A,25,51000,False,0.344,0.146,9,-13.114,1,0.0335,0.971,0.127,0.118,0.435,140.727,3,classical
3Bh4cdwJOL0wL6nuJBbXDD,Wolfgang Amadeus Mozart;Jan Lisiecki,Mozart: A Night of Classics,"12 Variations in C Major on ""Ah, vous dirai-je Maman"", K. 265/300e: Var. 9",25,50080,False,0.5,0.0503,0,-32.576,1,0.0541,0.991,0.928,0.0956,0.432,125.262,4,classical
0eTST30Zm7w2AdYoGDacas,Wolfgang Amadeus Mozart;Academy of St. Martin in the Fields;Sir Neville Marriner,Mozart: A Night of Classics,"The London Sketchbook, K. 15a-ss (arr. and/or orch. E. Smith) - Three Contredanses: in F, K.15h",25,47000,False,0.661,0.042,5,-29.017,1,0.0433,0.976,0.968,0.114,0.575,82.314,4,classical
4ogHSgRXA2dSDQua8eOJ1a,Wolfgang Amadeus Mozart;Danielle Laval,Mozart: A Night of Classics,"7 Variations on ""Willem van Nassau"" in D, K.25: 2. Variation I",25,48835,False,0.348,0.158,2,-27.883,1,0.0407,0.978,0.976,0.108,0.961,129.514,4,classical
69jMyEbK0YL1LLbgBhBdB6,Wolfgang Amadeus Mozart;Yvonne Loriod;Orchestre Du Domaine Musical;Pierre Boulez,Mozart: A Night of Classics,"Piano Concerto No. 3 in D major, K. 40: 2a. Andante - Pt. 1",25,42840,False,0.299,0.145,9,-17.338,1,0.0345,0.911,0.779,0.18,0.279,80.254,4,classical
6NlxqfRxpTiWHXTELCMuTq,Wolfgang Amadeus Mozart;Danielle Laval,Mozart: A Night of Classics,"10 Variations in G, K.455 on ""Unser dummer Pöbel meint"" by C.W. Gluck: 3. Variation II",25,41829,False,0.367,0.152,7,-19.608,1,0.0325,0.989,0.883,0.124,0.656,138.581,3,classical
57C9lBNTJR7lv0Nrh8zv0V,Wolfgang Amadeus Mozart;Danielle Laval,Mozart: A Night of Classics,"12 Variations on ‘Je suis Lindor’ from ‘Le Barbier de Séville’ by A.L. Baudron in E, K.354: 12. Variation XI",25,39666,False,0.513,0.139,3,-21.617,1,0.0324,0.994,0.96,0.108,0.254,71.201,4,classical
4uaRUpAdVcjF5ME0QoZfuG,Wolfgang Amadeus Mozart;Danielle Laval,Mozart: A Night of Classics,"12 Variations in C Major on ""Ah, vous dirai-je Maman"", K. 265: 8. Variation VII",25,43586,False,0.367,0.175,0,-19.716,1,0.0428,0.974,0.853,0.232,0.816,74.077,5,classical
2s3Hr38fRfDRj9JWVP494L,OneRepublic,Holidays Are Coming,Christmas Without You,14,197146,False,0.262,0.677,7,-5.645,1,0.0528,0.447,0.0,0.205,0.365,207.478,3,rock
44Wxh9IQnoVNg5nvy9f1Zn,Panic! At The Disco,Rock - Best of 2022,Don't Let the Light Go Out,9,229517,False,0.492,0.59,4,-4.032,0,0.0313,0.00109,0.0023,0.271,0.179,117.637,4,rock
7sf0zAvyBwviecbfzmjqBv,Bee Gees,Disco Boogie Mood,"More Than A Woman - From ""Saturday Night Fever"" Soundtrack",9,196213,False,0.601,0.703,7,-6.24,1,0.0379,0.175,8.4e-05,0.571,0.673,106.164,4,rock
5wqIigDb6Afe0mX4acLyKo,OneRepublic,OO's Music Grandi Successi,Apologize,6,208106,False,0.596,0.74,8,-6.127,1,0.0338,0.341,2.05e-05,0.102,0.493,118.031,4,rock
6YMF5fKgkbYXECM9XiDfnE,Imagine Dragons,Обратно в клас - rock,Thunder,5,187146,False,0.601,0.824,0,-4.757,1,0.0474,0.00866,0.173,0.155,0.246,167.965,4,rock
0H0NjRO6P3UAiMU5kJtKoW,The Beach Boys,Christmas Songs 2022,God Only Knows - Mono / 1997 Remastered,5,173040,False,0.524,0.487,6,-7.525,0,0.0299,0.253,0.0,0.0579,0.482,117.108,4,rock
5PQ2KpEc2jkJ1gNCnYVzwN,Queen,80s Bangers Vol. 1,I Want It All - Remastered 2011,5,241253,False,0.402,0.835,11,-5.734,0,0.05,0.0287,2.94e-06,0.385,0.43,92.029,4,rock
34ldTowcv56E2DqtSaYBjP,The Killers,OO's Music Grandi Successi,When You Were Young,5,220413,False,0.441,0.976,8,-3.09,0,0.147,0.000335,0.0475,0.298,0.248,130.411,4,rock
1ELYwM8YlN3CavWlE1pwqy,The Rolling Stones,Halloween Hits,Sympathy For The Devil,5,377746,False,0.636,0.67,9,-10.958,1,0.257,0.582,0.0,0.0453,0.572,115.577,4,rock
5Cgxae0bSnra1V8laWLcCq,Red Hot Chili Peppers,Session Acoustique,My Friends,5,248640,False,0.303,0.71,0,-3.545,1,0.0292,0.00575,0.00152,0.131,0.327,162.657,4,rock
29LrDIgsXhcQqlEbtKL7Fz,Panic! At The Disco,All Out Alternative,I Write Sins Not Tragedies,5,187613,False,0.565,0.792,9,-4.983,0,0.132,0.0913,0.0,0.114,0.639,170.076,4,rock
6Byuke1Ac5qWJHFgzu7byM,Weezer,Rock - Best of 2022,Records,4,208920,False,0.658,0.773,11,-5.119,1,0.0244,0.000901,0.0,0.194,0.66,100.006,4,rock
4kTZpxK0Ld71GIPUg3sFoL,The Goo Goo Dolls,Session Acoustique,Iris - Acoustic,4,205600,False,0.446,0.292,2,-14.207,1,0.0348,0.452,0.025,0.084,0.559,157.831,3,rock
3htVxgwWQZ88VbucbOJkjO,blink-182,Rock Workout 2023,What's My Age Again?,4,148360,True,0.391,0.951,6,-7.419,1,0.0688,0.012,0.000446,0.0878,0.468,157.663,4,rock
2uGos1lTJU2Qd6UpPyRJSP,blink-182,Обратно в клас - rock,I Miss You,4,227813,False,0.652,0.766,11,-6.481,1,0.0345,0.000761,6.34e-06,0.0739,0.641,110.011,4,rock
6dsmAUGQAng00srCMvfd8z,The Rolling Stones,REGNIG DAG,As Tears Go By - Mono Version,4,165213,False,0.329,0.282,7,-10.863,1,0.0294,0.71,0.00265,0.158,0.393,112.944,4,rock
2aeoP0ljsjIzlG0wfnYVKZ,Imagine Dragons,Rock Workout 2023,Thunder,4,187146,False,0.601,0.824,0,-4.757,1,0.0474,0.00866,0.173,0.155,0.246,167.965,4,rock
0JsoJERs3b1uSP13eegLPP,Imagine Dragons,Обратно в клас - rock,Believer,4,204346,False,0.766,0.775,10,-4.267,0,0.141,0.0504,0.0,0.128,0.695,124.751,4,rock
5Pl7IrRjL0O3mmclPQlpWh,Imagine Dragons,Kick It,Thunder,4,187146,False,0.601,0.824,0,-4.757,1,0.0474,0.00866,0.173,0.155,0.246,167.965,4,rock
4B8ROu7Pp6tbRMzbJQGixj,blink-182,Rock & Halloween,Ghost On The Dance Floor,4,257519,True,0.532,0.969,11,-3.967,1,0.0581,2.41e-05,0.0265,0.0912,0.547,103.511,4,rock
4KX7jXWbf6SivrmBHMuDuj,OneRepublic,Отново на училище,Counting Stars,4,256760,False,0.659,0.741,1,-4.354,0,0.0388,0.072,0.0,0.166,0.454,122.013,4,rock
6u0jvUG3ngqeqawhCXtPFq,James Blunt,Mellow Adult Pop,Postcards,3,286973,False,0.723,0.617,11,-8.312,1,0.0301,0.566,0.0,0.252,0.677,100.015,4,rock
2EDbDWID5FkMjbbDDeiabO,Annie Lennox,Halloween Hits,"I Put A Spell On You (Fifty Shades of Grey) - From ""Fifty Shades Of Grey"" Soundtrack",3,210520,False,0.563,0.383,2,-7.544,0,0.0322,0.283,2.59e-06,0.127,0.358,173.98,3,rock
0DYSlhe2YLhBJJEucFvO8v,Panic! At The Disco,Back to School!,House of Memories,3,208706,False,0.506,0.817,11,-5.052,0,0.0336,0.00283,0.0,0.0486,0.49,109.955,4,rock
2d8QadEHtIznYQftCI0r31,The Goo Goo Dolls,OK Boomers - Top Tunes,Black Balloon,3,249533,False,0.339,0.625,1,-8.57,1,0.028,0.056,0.000101,0.229,0.334,104.679,4,rock
6YhmCXNLuVzvfc44ZB1uhM,The Police,On air 70's Hits,Message In A Bottle - Remastered 2003,3,290280,False,0.568,0.808,1,-7.042,0,0.0378,0.0327,1.08e-05,0.218,0.849,151.12,4,rock
4KiQwHi8V3XIVeLjOfQZ69,The Goo Goo Dolls,Rock - Best of 2022,"Yeah, I Like You",3,264466,False,0.479,0.938,2,-3.058,1,0.0376,7.54e-05,0.000153,0.117,0.431,140.056,4,rock
4q03M26EkNeEquxx8iieyS,Panic! At The Disco,Timeless Rock Hits,I Write Sins Not Tragedies,3,187613,False,0.565,0.792,9,-4.983,0,0.132,0.0913,0.0,0.114,0.639,170.076,4,rock
3ZxYrinBAicqq9aKHj89UP,Fleetwood Mac,Feeling Good - Adult Pop Favorites,Little Lies - 2018 Remaster,3,219800,False,0.643,0.655,2,-10.249,1,0.0256,0.217,0.000272,0.0462,0.878,124.731,4,rock
1HKCK9ZJfzCLVzpWJ2Aj9G,Imagine Dragons,Arbeitsmusik Herbst/Winter 2022/2023,Bones,3,165264,False,0.773,0.742,5,-3.678,0,0.046,0.0206,0.0,0.0754,0.571,114.071,4,rock
4Qhrm7g3QItkvInW5zgvaV,Queen,80s Bangers Vol. 2,Scandal - Remastered 2011,3,282920,False,0.639,0.805,4,-5.961,0,0.032,0.0383,0.00244,0.312,0.507,103.451,4,rock
3CmUas41TD2t8EGNZ85J9f,blink-182,Emo Christmas 2022,"Happy Holidays, You Bastard",3,42440,True,0.409,0.99,11,-2.084,1,0.115,0.02,0.0,0.513,0.962,172.715,4,rock
42Jkqzhm5Y7ab7f1d22GTq,Andrés Calamaro;Sebastian Yatra;Leiva;Ivan Ferreiro,Pañuelos al viento,Paloma,3,285024,False,0.727,0.382,9,-9.145,1,0.0314,0.809,0.0,0.0998,0.828,115.003,4,rock
0FjwrnkoCQOVu67Urzkq3P,Keane,Отново на училище,Somewhere Only We Know,3,236160,False,0.453,0.655,9,-4.22,1,0.0257,0.0794,7.06e-06,0.0849,0.366,172.01,4,rock
5zQrU0nJoVT6rzKsxlvE80,Keane,Sad Covers 2022,With Or Without You - Jo Whiley Show - BBC Live Session,3,212333,False,0.395,0.382,2,-10.689,1,0.0329,0.918,1.96e-05,0.719,0.0582,108.082,4,rock
077QV0UtmRfVEw6kFvminm,Bryan Adams,90's Music Grandi Successi,(Everything I Do) I Do It For You,2,394133,False,0.526,0.365,1,-12.605,1,0.028,0.0775,1.37e-05,0.0618,0.254,131.251,4,rock
0y3ISXx180Hs7MGMH2RUZN,Vance Joy,Hot Mix Pop,Catalonia,2,218306,False,0.399,0.801,4,-4.638,0,0.0544,0.32,0.0,0.308,0.696,199.792,4,rock
28mo8mRalwfDoTL0iNvsBM,Juanes,Pop x siempre,Gotas De Agua Dulce,2,188040,False,0.689,0.853,1,-3.455,0,0.0286,0.0186,0.0,0.142,0.937,153.933,4,rock
3qmncUJvABe0QDRwMZhbPt,Weezer,90's Music Grandi Successi,Say It Ain't So,2,258825,False,0.635,0.551,3,-7.136,1,0.0354,0.00743,1.82e-05,0.07,0.451,151.779,4,rock
61c2cPZd0ZZr7W2X5d0bUR,Weezer,Rock Workout 2023,Buddy Holly,2,159226,False,0.555,0.921,8,-4.606,1,0.0369,0.00264,0.000205,0.117,0.775,121.141,4,rock
1EmoXFZ5oXu6u6oxBUzafC,Fall Out Boy,Обратно в клас - rock,"Sugar, We're Goin Down",2,230933,False,0.5,0.887,7,-3.74,1,0.0726,0.00467,0.0,0.114,0.631,162.003,4,rock
2XtsxK4mneUrhNHTRs1ZVQ,The Offspring,90's Music Grandi Successi,Why Don't You Get A Job,2,172466,True,0.766,0.882,5,-4.477,1,0.0713,0.0675,2.59e-06,0.281,0.547,107.933,4,rock
4M8ak2tOeQBos27ReHNtX2,The Smiths,Timeless Rock Hits,Bigmouth Strikes Again,2,193320,False,0.401,0.901,1,-5.011,0,0.041,0.0704,0.0,0.538,0.839,134.799,4,rock
4i9rwlnDxUiMZA9Dq3hAL3,Fall Out Boy,OO's Music Grandi Successi,"Sugar, We're Goin Down",2,230933,False,0.5,0.887,7,-3.74,1,0.0726,0.00467,0.0,0.114,0.631,162.003,4,rock
0rGKn11s2zrmePIA82ldEP,The Rolling Stones,Helloween Party,"Paint It, Black",2,224133,False,0.496,0.858,5,-7.927,0,0.0922,0.0133,0.0675,0.349,0.773,159.69,4,rock
5E5O3l8coDuDDy49J43W98,Bee Gees,Disco Boogie Mood,"Night Fever - From ""Saturday Night Fever"" Soundtrack",2,212800,False,0.726,0.779,1,-7.057,0,0.0251,0.0178,0.00178,0.104,0.841,109.133,4,rock
6YDxKInNpSO0idxISQmeel,Bastille,Mega Hits Autumn/Fall 2022,Hope For The Future,2,212866,False,0.449,0.411,4,-9.189,1,0.0329,0.742,0.101,0.112,0.109,149.911,4,rock
3tiPg5GBES46MKezGsimcG,Bee Gees;SG Lewis,Weekend Baby,More Than A Woman - SG's Paradise Edit,2,357936,False,0.679,0.762,10,-4.253,0,0.0316,0.00469,0.23,0.0446,0.511,105.407,4,rock
2DfbcpMNUvXHfCTXKPbYsh,The Police,80s Bangers Vol. 1,Roxanne - Remastered 2003,2,191506,False,0.615,0.752,0,-8.91,1,0.391,0.0397,1.37e-06,0.0479,0.66,133.977,4,rock
66llZ6MdjJy5q2jWwgJpcW,The Rolling Stones,Helloween Party,Sympathy For The Devil,2,377746,False,0.636,0.67,9,-10.958,1,0.257,0.582,0.0,0.0453,0.572,115.577,4,rock
0HXnNR8t6ckKrZPQxtUdeV,Rod Stewart,Session Acoustique,Sailing,2,277960,False,0.43,0.375,11,-9.949,1,0.0289,0.374,0.376,0.316,0.189,128.791,4,rock
1s7ED8hhCPClqcnHCJakAs,Mrs. GREEN APPLE,J-Pop 輕旅行,ダンスホール,2,203149,False,0.736,0.695,7,-3.87,1,0.0468,0.0209,0.0,0.0517,0.784,109.976,4,rock
6DulvzWONaGcej1H2pj3i2,All Time Low,Emo Christmas 2022,"Merry Christmas, Kiss My Ass",2,199253,False,0.574,0.966,4,-3.034,1,0.0685,0.0141,0.0,0.43,0.788,128.034,4,rock
5kUC2hxjPoTsF5t7rL0E3s,Christina Perri,Country Christmas Time,i'll be home for christmas,2,151782,False,0.407,0.0931,7,-12.659,1,0.0375,0.945,2.59e-06,0.191,0.327,117.512,3,rock
6I0SHRGKjSnGUEAdQBEkP5,Foreigner,Planet 80's,Waiting for a Girl Like You,2,291986,False,0.312,0.528,10,-7.324,0,0.0333,0.267,3.88e-06,0.0369,0.397,201.13,4,rock
6WM3BDXpARNZi8993iU4Yy,Jaymes Young,Autumn Hits,I'll Be Good,2,247346,False,0.393,0.277,7,-10.757,1,0.0314,0.7,0.0,0.0966,0.123,89.334,4,rock
0dVtsfDQqMuhoSfjYS67Q7,Annie Lennox,Helloween Party,"I Put A Spell On You (Fifty Shades of Grey) - From ""Fifty Shades Of Grey"" Soundtrack",2,210520,False,0.563,0.383,2,-7.544,0,0.0322,0.283,2.59e-06,0.127,0.358,173.98,3,rock
1lYHv3SEkE6wKfZRe0HMOG,Counting Crows,Christmas Songs 2022,A Long December,2,297293,False,0.403,0.59,5,-5.941,1,0.0284,0.508,0.00548,0.272,0.393,141.649,4,rock
4GvVWN9eVDtHqQK6Pe1stT,James Blunt,Christmas Time,Wisemen,2,221773,True,0.635,0.701,10,-5.969,1,0.0268,0.253,4.91e-05,0.165,0.633,151.894,4,rock
2gAEgo5pCqgEEiaV1wwy9i,Chicago,OK Boomers - Top Tunes,Street Player,2,550706,False,0.765,0.833,10,-5.162,0,0.0873,0.0376,0.268,0.0824,0.837,126.422,4,rock
38h5gL20FSZ9jBuhHuSOBe,James Blunt,Merry Christmas,Wisemen,2,221773,True,0.635,0.701,10,-5.969,1,0.0268,0.253,4.91e-05,0.165,0.633,151.894,4,rock
1FaJAcRI9aJ8dGDdkVUR6s,Billy Idol,80s Bangers Vol. 1,Rebel Yell,2,288533,False,0.531,0.864,4,-4.948,0,0.0611,0.000753,0.00046,0.354,0.485,166.312,4,rock
0ZbM1R59Myxx7VRyXDQkmi,The Cranberries,Halloween Party 2022,Zombie,2,307440,False,0.252,0.738,7,-5.326,1,0.0446,0.0145,0.000497,0.375,0.256,165.187,4,rock
6lJ4R2yQFUCevI7hVw9vnC,The Beach Boys,A Very 60s Christmas,Frosty The Snowman - 1991 Remix,2,114551,False,0.426,0.473,5,-7.924,1,0.0335,0.353,0.0,0.0234,0.937,181.752,4,rock
2zkfyPrPY0OlFJuui5j5FE,Queen,80s Bangers Vol. 2,Was It All Worth It - Remastered 2011,2,347800,False,0.16,0.866,9,-5.277,0,0.088,0.207,4.44e-05,0.0894,0.13,179.739,4,rock
7EKylE34yNJV97yIYgwwTl,OneRepublic,TickTok Back To School 2022,I Ain't Worried,2,148485,False,0.704,0.797,0,-5.927,1,0.0475,0.0826,0.000745,0.0546,0.825,139.994,4,rock
0VBe5Wi5e0Gc3BD1MIos0i,OneRepublic,Sunny Mornings,Sunshine,2,163854,False,0.697,0.875,5,-4.621,1,0.034,0.137,0.0,0.28,0.774,140.069,4,rock
0FtatFiR93fHKIdLxmv8ar,Panic! At The Disco,Alternative Rock Mixtape,"Hey Look Ma, I Made It",2,169666,False,0.577,0.834,5,-3.337,1,0.0689,0.0134,0.0,0.121,0.575,107.936,4,rock
3QO2QeKbBQgx1ZTezCThPX,Fleetwood Mac,Planet 80's,Big Love - 2018 Remaster,2,222373,False,0.71,0.748,10,-10.558,0,0.0482,0.0287,0.156,0.0741,0.619,125.374,4,rock
5LVbt2iunaRTbRQNSPo9JE,Panic! At The Disco,All That Really Matters - Just Hits,Don't Let the Light Go Out,2,229517,False,0.492,0.59,4,-4.032,0,0.0313,0.00109,0.0023,0.271,0.179,117.637,4,rock
5AYpoODLJZtDlP64IbpHCj,Panic! At The Disco,Rock Brandneu,Don't Let the Light Go Out,2,229517,False,0.492,0.59,4,-4.032,0,0.0313,0.00109,0.0023,0.271,0.179,117.637,4,rock
5sIxLex6QZ5WgB0lnKblHz,Twenty One Pilots,All Out Alternative,Stressed Out,2,202333,False,0.735,0.638,4,-5.67,0,0.139,0.0459,2.38e-05,0.0602,0.669,169.976,4,rock
0VrqeZURszLwO3p5HpjfnO,OneRepublic,Jingle Bell Rock 2022,Christmas Without You,2,197146,False,0.262,0.677,7,-5.645,1,0.0528,0.447,0.0,0.205,0.365,207.478,3,rock
0Dm4JS6pIFChNqk7ScUbHe,Imagine Dragons,Beginner Ride (Mixtape Vol. 1),Thunder,2,187146,False,0.601,0.824,0,-4.757,1,0.0474,0.00866,0.173,0.155,0.246,167.965,4,rock
7KajXhT7csT80wZXs2skAp,Imagine Dragons,pov: it's 2021,Wrecked,2,244004,False,0.625,0.562,0,-5.828,0,0.0289,0.149,1.67e-05,0.109,0.229,93.998,4,rock
1skWrgJrEi6ZB4Wt5tYYAb,Imagine Dragons,pov: it's 2021,Follow You,2,175643,False,0.542,0.732,9,-5.956,1,0.0521,0.00209,7.92e-05,0.496,0.489,124.912,4,rock
1jJ893m6WM9aztKtzYmNJY,blink-182,OO's Music Grandi Successi,All The Small Things,2,171066,False,0.442,0.9,0,-5.032,1,0.0529,0.0109,0.0,0.395,0.609,148.62,4,rock
3IgHYw4c6PJ5ZZscM1158w,blink-182,12 Days of Christmas 2022,I Won't Be Home For Christmas,2,198093,False,0.347,0.942,7,-5.517,1,0.0913,0.00196,0.0,0.338,0.66,200.025,4,rock
5XRNXsQhowtR0AbhaI7kIb,blink-182,90's Music Grandi Successi,All The Small Things,2,171066,False,0.442,0.9,0,-5.032,1,0.0529,0.0109,0.0,0.395,0.609,148.62,4,rock
4rXPkKTkE0oYd9OltdFG9K,Fall Out Boy,Обратно в клас - rock,Thnks fr th Mmrs,2,204760,False,0.458,0.897,10,-5.006,0,0.0674,0.005,0.0,0.103,0.602,154.834,4,rock
52cFhaPuS5oLrmFoJw4J9j,The Killers,Rock Workout 2023,Mr. Brightside,2,223973,False,0.344,0.931,1,-3.759,1,0.0783,0.00104,0.0,0.0903,0.251,148.104,4,rock
23PvWFdi76vER4p1e2Xroj,The Killers,Workout Hits 2023,Mr. Brightside,2,223973,False,0.344,0.931,1,-3.759,1,0.0783,0.00104,0.0,0.0903,0.251,148.104,4,rock
2LGj1sOH9OEN5y1fF3TPoL,The Smiths,Alternative Rock Mixtape,How Soon Is Now?,1,408173,False,0.398,0.93,11,-6.76,1,0.0599,0.000854,0.121,0.0874,0.73,190.84,4,rock
0A3EiO7m1ZDEO9jSnKZ4r4,James Blunt,Holly Jolly Christmas,Wisemen,1,221773,True,0.635,0.701,10,-5.969,1,0.0268,0.253,4.91e-05,0.165,0.633,151.894,4,rock
6uoc1lU3r0pkC7lHhpSgTT,Talking Heads,OK Boomers - Top Tunes,Psycho Killer - 2005 Remaster,1,261413,False,0.721,0.521,2,-8.123,1,0.0613,0.0708,0.00545,0.127,0.942,123.118,4,rock
3oaqIiIIu9KUrfqE4AeT93,Bastille,10's Music Grandi Successi,Pompeii,1,216760,False,0.68,0.711,9,-6.371,1,0.0414,0.0918,0.0,0.241,0.571,127.436,4,rock
3C7nmDDHszTddjFpdPlBvw,Bryan Adams,Christmas Classics,Merry Christmas,1,151387,False,0.683,0.511,6,-5.598,1,0.0279,0.406,0.000197,0.111,0.598,109.991,3,rock
0Jy4ifTBtXaLNct9rhzy31,Tom Petty,Fishing Music,I Won't Back Down,1,175373,False,0.765,0.63,7,-9.751,1,0.0304,0.0467,3.06e-05,0.223,0.963,113.967,4,rock
4vIfD7rtHy18K02Nim7dEd,Lenny Kravitz,Los Clásicos del Pop 90s,American Woman,1,261706,False,0.649,0.709,1,-7.989,1,0.0802,0.0212,0.0,0.0732,0.605,83.975,4,rock
1yCs1b8JQCzyVgpsQCY4Sj,Tom Petty,Rock & Halloween,Zombie Zoo,1,178506,False,0.685,0.886,9,-10.653,1,0.0323,0.0328,0.0,0.0362,0.819,116.222,4,rock
0wepMSfRNcIxazhOsL6w0x,Bastille,Autumn Vibe,Thelma + Louise,1,137476,False,0.766,0.83,9,-3.335,1,0.1,0.0146,0.0,0.035,0.756,121.948,4,rock
1zzwcBhUh3TqB2sVJWH84i,Bryan Adams,Rock Workout 2023,Summer Of '69,1,217493,False,0.5,0.908,2,-4.303,1,0.0418,0.0166,0.0,0.128,0.744,138.834,4,rock
7yI7YDsXGrwUX8sFTXXnVV,Weezer,Los Clásicos del Pop 90s,Say It Ain't So,1,258825,False,0.635,0.551,3,-7.136,1,0.0354,0.00743,1.82e-05,0.07,0.451,151.779,4,rock
5vja6kqkYPmciEWjnI8AIu,Supertramp,Best 70s Rock Tunes,Give A Little Bit,1,248173,False,0.531,0.818,2,-5.358,1,0.0452,0.0694,0.00949,0.263,0.471,90.767,4,rock
1l1ra0gsPlpnDOc4HdkKZU,Weezer,Emo Christmas 2022,O Come All Ye Faithful,1,124653,False,0.516,0.818,11,-6.076,1,0.0393,0.00701,0.0,0.337,0.769,121.907,4,rock
